ID,Domain ID,Domain Name,Question (EN),Question (TH),Options (EN),Options (TH),Correct Answer,Explanation (EN),Explanation (TH)
1,1,Domain 1: Security Principles,What is information assurance?,Information assurance คืออะไร?,A. A law | B. An objective | C. Confidentiality | D. A technical control,A. กฎหมาย | B. วัตถุประสงค์ | C. ความลับ (Confidentiality) | D. การควบคุมทางเทคนิค,B,"Information assurance is the overarching objective of implementing security measures to protect information and systems, encompassing confidentiality, integrity, and availability.",Information assurance คือวัตถุประสงค์โดยรวมของการนำมาตรการความปลอดภัยมาใช้เพื่อปกป้องข้อมูลและระบบ ครอบคลุมทั้งความลับ ความถูกต้อง และความพร้อมใช้งาน
2,1,Domain 1: Security Principles,Information assurance is to provide which of the following?,Information assurance ให้การรับประกันในข้อใด?,A. A guarantee of availability only | B. Risk assessment | C. A guarantee of data security | D. None of these answers are correct.,A. การรับประกันเฉพาะความพร้อมใช้งานเท่านั้น | B. การประเมินความเสี่ยง | C. การรับประกันความปลอดภัยของข้อมูลโดยรวม | D. ไม่มีข้อใดถูกต้อง,C,"Information assurance guarantees data security broadly, not just one property like availability.",Information assurance รับประกันความปลอดภัยของข้อมูลอย่างครอบคลุม ไม่ใช่เพียงคุณสมบัติเดียว เช่น ความพร้อมใช้งาน
3,1,Domain 1: Security Principles,What is confidentiality?,Confidentiality คืออะไร?,A. Data secrecy | B. Restricting access to data | C. Preventing unauthorized disclosures | D. All of these answers are correct.,A. ความลับของข้อมูล | B. การจำกัดการเข้าถึงข้อมูล | C. การป้องกันการเปิดเผยโดยไม่ได้รับอนุญาต | D. ถูกทุกข้อ,D,"Confidentiality covers data secrecy, restricting access, and preventing unauthorized disclosures - all three describe the same core concept from different angles.",Confidentiality ครอบคลุมทั้งความลับของข้อมูล การจำกัดการเข้าถึง และการป้องกันการเปิดเผยโดยไม่ได้รับอนุญาต - ทั้งสามข้อล้วนอธิบายแนวคิดหลักเดียวกันจากมุมมองที่ต่างกัน
4,1,Domain 1: Security Principles,What is integrity?,Integrity คืออะไร?,A. Preventing data from being corrupted | B. Not allowing unauthorized changes | C. Tracking and logging file access | D. All of these answers are correct.,A. การป้องกันไม่ให้ข้อมูลถูกทำลาย | B. การไม่อนุญาตให้มีการเปลี่ยนแปลงโดยไม่ได้รับอนุญาต | C. การติดตามและบันทึกการเข้าถึงไฟล์ | D. ถูกทุกข้อ,D,"Integrity means data hasn't been improperly altered, which covers preventing corruption, blocking unauthorized changes, and tracking access via logs.",Integrity หมายถึงข้อมูลที่ไม่ได้ถูกแก้ไขอย่างไม่เหมาะสม ซึ่งครอบคลุมการป้องกันความเสียหาย การบล็อกการเปลี่ยนแปลงที่ไม่ได้รับอนุญาต และการติดตามการเข้าถึงผ่าน log
5,1,Domain 1: Security Principles,What is availability?,Availability คืออะไร?,A. Timely access to data | B. Reliable functionality of information systems | C. Uninterrupted data flows | D. All of these answers are correct.,A. การเข้าถึงข้อมูลได้ทันเวลา | B. การทำงานที่เชื่อถือได้ของระบบสารสนเทศ | C. การไหลของข้อมูลอย่างต่อเนื่องไม่หยุดชะงัก | D. ถูกทุกข้อ,D,"Availability means authorized users can reliably and promptly access data and systems whenever needed, without interruption.",Availability หมายถึงผู้ใช้ที่ได้รับอนุญาตสามารถเข้าถึงข้อมูลและระบบได้อย่างเชื่อถือได้และรวดเร็วเมื่อต้องการ โดยไม่มีการหยุดชะงัก
6,1,Domain 1: Security Principles,Privacy is ____________________.,Privacy คือ ____________________.,"A. A fancy name for confidentiality | B. The control, possession, and secrecy of a person’s or group’s data | C. A purely technical control | D. Something made up by lawyers and politicians",A. ชื่อเรียกอีกอย่างของ confidentiality | B. การควบคุม การครอบครอง และความลับของข้อมูลของบุคคลหรือกลุ่ม | C. การควบคุมทางเทคนิคล้วน ๆ | D. สิ่งที่ทนายความและนักการเมืองสร้างขึ้น,B,"Privacy concerns a person's or group's ability to control, possess, and keep their own data secret - distinct from (though related to) confidentiality.",Privacy เกี่ยวข้องกับความสามารถของบุคคลหรือกลุ่มในการควบคุม ครอบครอง และรักษาความลับของข้อมูลของตนเอง ซึ่งแตกต่างจาก (แม้จะเกี่ยวข้องกับ) confidentiality
7,1,Domain 1: Security Principles,Which of these isn’t part of one of the four canons of the ISC2 Code of Ethics?,ข้อใดไม่ใช่ส่วนหนึ่งของจรรยาบรรณ (ISC)² Code of Ethics ทั้งสี่ข้อ?,A. Maintaining a perfect track record of preventing security incidents | B. Protecting society and the common good | C. Protecting the profession | D. Acting with honor and honesty,A. การรักษาสถิติที่สมบูรณ์แบบในการป้องกันเหตุการณ์ด้านความปลอดภัย | B. การปกป้องสังคมและผลประโยชน์ส่วนรวม | C. การปกป้องวิชาชีพ | D. การกระทำอย่างมีเกียรติและซื่อสัตย์,A,"The four ISC2 Code of Ethics canons are about protecting society, protecting the profession, and acting honorably - not guaranteeing a flawless security record, which is unrealistic.",จรรยาบรรณทั้งสี่ข้อของ ISC2 เกี่ยวกับการปกป้องสังคม การปกป้องวิชาชีพ และการกระทำอย่างมีเกียรติ - ไม่ใช่การรับประกันสถิติความปลอดภัยที่ไร้ที่ติซึ่งเป็นไปไม่ได้ในทางปฏิบัติ
8,1,Domain 1: Security Principles,What is risk management?,Risk management คืออะไร?,A. The source of rationale behind cybersecurity controls | B. Planning for future emergencies | C. A lot of administrative work | D. All of these answers are correct.,A. แหล่งที่มาของเหตุผลเบื้องหลังการควบคุมความปลอดภัยไซเบอร์ | B. การวางแผนสำหรับเหตุฉุกเฉินในอนาคต | C. งานด้านการบริหารจัดการจำนวนมาก | D. ถูกทุกข้อ,D,"Risk management underlies why controls exist, requires planning for future events, and involves significant administrative documentation and process work.",Risk management เป็นรากฐานว่าทำไมการควบคุมจึงมีอยู่ ต้องมีการวางแผนสำหรับเหตุการณ์ในอนาคต และเกี่ยวข้องกับงานเอกสารและกระบวนการบริหารจัดการจำนวนมาก
9,1,Domain 1: Security Principles,Which of the following is a source of danger to information systems?,ข้อใดคือแหล่งที่มาของอันตรายต่อระบบสารสนเทศ?,A. Risk | B. Threat | C. Vulnerability | D. All of these answers are correct.,A. Risk | B. Threat | C. Vulnerability | D. ถูกทุกข้อ,B,A threat is a potential danger or circumstance that could exploit a vulnerability and cause harm to a system.,Threat คืออันตรายหรือสถานการณ์ที่อาจใช้ประโยชน์จากช่องโหว่และก่อให้เกิดความเสียหายต่อระบบ
10,1,Domain 1: Security Principles,Which of the following is a weakness in information systems?,ข้อใดคือจุดอ่อนในระบบสารสนเทศ?,A. Risk | B. Threat | C. Vulnerability | D. All of these answers are correct.,A. Risk | B. Threat | C. Vulnerability | D. ถูกทุกข้อ,C,A vulnerability is a weakness or gap in a system's defenses that a threat could exploit.,Vulnerability คือจุดอ่อนหรือช่องโหว่ในการป้องกันของระบบที่ Threat อาจใช้ประโยชน์ได้
11,1,Domain 1: Security Principles,Which of the following are two components to risk?,องค์ประกอบสองประการของความเสี่ยง (Risk) คืออะไร?,A. Threat and vulnerability | B. Treatment and assessment | C. Priorities and tolerance | D. Likelihood and impact,A. Threat และ vulnerability | B. Treatment และ assessment | C. Priorities และ tolerance | D. Likelihood และ impact,D,Risk is calculated from likelihood (probability a threat exploits a vulnerability) and impact (the resulting harm).,Risk คำนวณจาก likelihood (ความน่าจะเป็นที่ threat จะใช้ประโยชน์จาก vulnerability) และ impact (ความเสียหายที่เกิดขึ้น)
12,1,Domain 1: Security Principles,How are risk priorities determined?,ลำดับความสำคัญของความเสี่ยง (Risk priorities) ถูกกำหนดอย่างไร?,A. Through the calculation of likelihood and impact | B. Based on the analyst’s whim | C. Based on what an organization can afford to address | D. All risks are given equal priority,A. ผ่านการคำนวณ likelihood และ impact | B. ตามความพอใจของนักวิเคราะห์ | C. ตามสิ่งที่องค์กรสามารถจ่ายได้เพื่อจัดการ | D. ความเสี่ยงทั้งหมดได้รับความสำคัญเท่ากัน,A,"Risk priorities come from scoring each risk's likelihood and impact, then ranking them so the highest-risk items get addressed first.",ลำดับความสำคัญของความเสี่ยงมาจากการให้คะแนน likelihood และ impact ของแต่ละความเสี่ยง แล้วจัดลำดับเพื่อจัดการรายการที่มีความเสี่ยงสูงสุดก่อน
13,1,Domain 1: Security Principles,What does it mean to determine the scope of a risk assessment?,การกำหนดขอบเขต (Scope) ของการประเมินความเสี่ยงหมายถึงอะไร?,"A. Looking at the company offices through a telescope | B. Determining what the risk analyst has time to assess | C. Determining whether the assessment covers one system, multiple systems, or the whole organization | D. Risk assessments should cover every part of the organization.",A. การมองสำนักงานบริษัทผ่านกล้องส่องทางไกล | B. การกำหนดสิ่งที่นักวิเคราะห์ความเสี่ยงมีเวลาประเมิน | C. การกำหนดว่าการประเมินครอบคลุมระบบเดียว หลายระบบ หรือทั้งองค์กร | D. การประเมินความเสี่ยงควรครอบคลุมทุกส่วนขององค์กร,C,"Scoping a risk assessment means defining its boundaries - whether it covers a single system, several systems, or the entire organization.",การกำหนดขอบเขตของการประเมินความเสี่ยงหมายถึงการกำหนดขอบเขตของมัน - ไม่ว่าจะครอบคลุมระบบเดียว หลายระบบ หรือทั้งองค์กร
14,1,Domain 1: Security Principles,How many steps are there in risk management?,การบริหารความเสี่ยง (Risk management) มีกี่ขั้นตอน?,"A. Three | B. Five | C. Six | D. There are various models, so all these answers are correct.",A. สาม | B. ห้า | C. หก | D. มีหลายโมเดล ดังนั้นถูกทุกข้อ,D,"Different risk management frameworks (NIST, ISO, etc.) define different numbers of steps, so there's no single universal count.","กรอบการบริหารความเสี่ยงที่แตกต่างกัน (NIST, ISO ฯลฯ) กำหนดจำนวนขั้นตอนที่แตกต่างกัน จึงไม่มีจำนวนที่เป็นสากลเพียงหนึ่งเดียว"
15,1,Domain 1: Security Principles,What types of risks should be considered in a risk assessment?,ควรพิจารณาความเสี่ยงประเภทใดในการประเมินความเสี่ยง?,A. Only technical risks | B. Only business risks | C. Only legal and regulatory risks | D. All of these answers are correct.,A. เฉพาะความเสี่ยงทางเทคนิคเท่านั้น | B. เฉพาะความเสี่ยงทางธุรกิจเท่านั้น | C. เฉพาะความเสี่ยงทางกฎหมายและกฎระเบียบเท่านั้น | D. ถูกทุกข้อ,D,"A thorough risk assessment considers technical, business, and legal/regulatory risks together, since they all affect the organization.",การประเมินความเสี่ยงที่ครอบคลุมควรพิจารณาความเสี่ยงทางเทคนิค ธุรกิจ และกฎหมาย/กฎระเบียบร่วมกัน เนื่องจากทั้งหมดส่งผลกระทบต่อองค์กร
16,1,Domain 1: Security Principles,How should risks be identified?,ควรระบุความเสี่ยงอย่างไร?,"A. By reading industry articles, journals, and reports | B. By evaluating the current state of the organization’s systems | C. Using professional experience and judgment | D. All of these answers are correct.",A. โดยการอ่านบทความ วารสาร และรายงานอุตสาหกรรม | B. โดยการประเมินสถานะปัจจุบันของระบบขององค์กร | C. โดยใช้ประสบการณ์และวิจารณญาณทางวิชาชีพ | D. ถูกทุกข้อ,D,"Risks can be identified through industry research, evaluating current systems, and applying professional judgment - all valid identification methods.",ความเสี่ยงสามารถระบุได้ผ่านการวิจัยอุตสาหกรรม การประเมินระบบปัจจุบัน และการใช้วิจารณญาณทางวิชาชีพ - ล้วนเป็นวิธีการระบุที่ถูกต้อง
17,1,Domain 1: Security Principles,What happens in a risk assessment?,เกิดอะไรขึ้นในการประเมินความเสี่ยง (Risk assessment)?,"A. Based on risk identification and prioritization, scoring risks, evaluating scores, and choosing a response | B. Treating risks based on what’s best for the organization | C. Brainstorming possible emergencies | D. Creating large and annoying matrices",A. จากการระบุและจัดลำดับความสำคัญของความเสี่ยง การให้คะแนน การประเมินคะแนน และการเลือกการตอบสนอง | B. การจัดการความเสี่ยงตามสิ่งที่ดีที่สุดสำหรับองค์กร | C. การระดมความคิดเกี่ยวกับเหตุฉุกเฉินที่เป็นไปได้ | D. การสร้างเมทริกซ์ขนาดใหญ่ที่น่ารำคาญ,A,"A risk assessment involves identifying and prioritizing risks, scoring them, evaluating those scores, and selecting an appropriate response.",การประเมินความเสี่ยงประกอบด้วยการระบุและจัดลำดับความสำคัญของความเสี่ยง การให้คะแนน การประเมินคะแนนเหล่านั้น และการเลือกการตอบสนองที่เหมาะสม
18,1,Domain 1: Security Principles,What are the four types of responses to risks?,การตอบสนองต่อความเสี่ยงสี่ประเภทคืออะไร?,"A. Mitigate, remediate, ameliorate, reduce | B. Avoid, accept, reduce, transfer | C. Deny, transfer, reduce, ignore | D. Tolerate, treat, transfer, accept","A. Mitigate, remediate, ameliorate, reduce | B. Avoid, accept, reduce, transfer | C. Deny, transfer, reduce, ignore | D. Tolerate, treat, transfer, accept",B,"The four standard risk responses are: avoid (eliminate the activity), accept (take no action), reduce/mitigate (lower likelihood or impact), and transfer (shift risk, e.g. via insurance).","การตอบสนองต่อความเสี่ยงมาตรฐานสี่ประเภทคือ: avoid (หลีกเลี่ยง - ยกเลิกกิจกรรม), accept (ยอมรับ - ไม่ดำเนินการ), reduce/mitigate (ลด - ลด likelihood หรือ impact) และ transfer (โอนย้าย - เช่น ผ่านการทำประกัน)"
19,1,Domain 1: Security Principles,What is risk tolerance?,Risk tolerance คืออะไร?,"A. How risk-averse an organization is | B. The measuring stick by which we choose our risk responses | C. The result of a variety of factors, such as organization type and leadership | D. All of these answers are correct.",A. ความระมัดระวังต่อความเสี่ยงขององค์กร | B. เกณฑ์มาตรฐานที่ใช้เลือกการตอบสนองต่อความเสี่ยง | C. ผลลัพธ์ของปัจจัยหลากหลาย เช่น ประเภทองค์กรและผู้บริหาร | D. ถูกทุกข้อ,D,"Risk tolerance reflects how much risk an organization is willing to accept, shaped by factors like industry, leadership, and organization type, and it guides which risk response is chosen.",Risk tolerance สะท้อนถึงระดับความเสี่ยงที่องค์กรเต็มใจยอมรับ ซึ่งได้รับอิทธิพลจากปัจจัยต่าง ๆ เช่น อุตสาหกรรม ผู้บริหาร และประเภทองค์กร และเป็นตัวกำหนดการตอบสนองต่อความเสี่ยงที่จะเลือก
20,1,Domain 1: Security Principles,Which of the following is the risk that will remain after a treatment plan is implemented?,ข้อใดคือความเสี่ยงที่จะยังคงเหลืออยู่หลังจากนำแผนการจัดการมาใช้?,A. Mitigated risk | B. Risk tolerance | C. Business risk | D. Residual risk,A. Mitigated risk | B. Risk tolerance | C. Business risk | D. Residual risk,D,Residual risk is what remains after controls and treatments have been applied - no treatment eliminates risk entirely.,Residual risk คือความเสี่ยงที่ยังคงเหลืออยู่หลังจากมีการนำมาตรการควบคุมและการจัดการมาใช้แล้ว - ไม่มีการจัดการใดที่สามารถขจัดความเสี่ยงได้ทั้งหมด
21,1,Domain 1: Security Principles,What are the three parts to risk treatment?,องค์ประกอบสามส่วนของการจัดการความเสี่ยง (Risk treatment) คืออะไร?,"A. Mapping out a plan, assigning a control owner, and regular monitoring and review | B. Assigning ratings, assessing the organization, and regular monitoring and review | C. Mapping out a plan, planning a meeting, and holding said meeting | D. One part: deciding how risk will be treated",A. การวางแผน การมอบหมายเจ้าของการควบคุม และการเฝ้าติดตามและทบทวนอย่างสม่ำเสมอ | B. การให้คะแนน การประเมินองค์กร และการเฝ้าติดตามและทบทวนอย่างสม่ำเสมอ | C. การวางแผน การวางแผนประชุม และการจัดประชุมดังกล่าว | D. หนึ่งส่วนเท่านั้น: การตัดสินใจว่าจะจัดการความเสี่ยงอย่างไร,A,"Risk treatment involves creating a plan, assigning an owner responsible for the control, and continuously monitoring and reviewing its effectiveness.",การจัดการความเสี่ยงเกี่ยวข้องกับการสร้างแผน การมอบหมายเจ้าของที่รับผิดชอบการควบคุม และการเฝ้าติดตามและทบทวนประสิทธิภาพอย่างต่อเนื่อง
22,1,Domain 1: Security Principles,How are security controls related to risk management?,การควบคุมความปลอดภัย (Security controls) เกี่ยวข้องกับการจัดการความเสี่ยงอย่างไร?,"A. They are not related. | B. Each control addresses a risk, whether directly defined or not. | C. They are a type of risk management. | D. They are the defined and documented risk treatment plans.",A. ไม่เกี่ยวข้องกัน | B. แต่ละการควบคุมจัดการกับความเสี่ยงหนึ่งอย่าง ไม่ว่าจะถูกกำหนดไว้โดยตรงหรือไม่ | C. เป็นรูปแบบหนึ่งของการจัดการความเสี่ยง | D. เป็นแผนการจัดการความเสี่ยงที่ถูกกำหนดและบันทึกไว้,B,"Every security control exists to address some identified risk, even if that link isn't always explicitly documented.",การควบคุมความปลอดภัยทุกตัวมีอยู่เพื่อจัดการกับความเสี่ยงที่ระบุไว้บางอย่าง แม้ว่าความเชื่อมโยงนั้นจะไม่ได้ถูกบันทึกไว้อย่างชัดเจนเสมอไป
23,1,Domain 1: Security Principles,What are the three types of security controls?,การควบคุมความปลอดภัยสามประเภทคืออะไร?,"A. Written, technical, and managerial | B. Penetrating testing, vulnerability scanning, and cryptography | C. Administrative, technical, and physical | D. Risk management, access control, and network security",A. ลายลักษณ์อักษร ทางเทคนิค และการบริหารจัดการ | B. การทดสอบเจาะระบบ การสแกนช่องโหว่ และการเข้ารหัส | C. การบริหาร (Administrative) ทางเทคนิค (Technical) และทางกายภาพ (Physical) | D. การบริหารความเสี่ยง การควบคุมการเข้าถึง และความปลอดภัยเครือข่าย,C,"The three categories of security controls are administrative (policies/procedures), technical (technology-based), and physical (tangible barriers).",สามประเภทของการควบคุมความปลอดภัยคือ administrative (นโยบาย/ขั้นตอน) technical (ใช้เทคโนโลยี) และ physical (สิ่งกีดขวางที่จับต้องได้)
24,1,Domain 1: Security Principles,What is governance documentation? (Choose all that apply.),เอกสารด้านการกำกับดูแล (Governance documentation) คืออะไร? (เลือกทุกข้อที่ถูกต้อง),"A. Unnecessary, boring things to read | B. Documentation based on regulations and laws | C. Part of every control in a well-developed information security program | D. Documentation used only by the human resources department",A. สิ่งที่น่าเบื่อและไม่จำเป็นต้องอ่าน | B. เอกสารที่อิงตามกฎระเบียบและกฎหมาย | C. เป็นส่วนหนึ่งของทุกการควบคุมในโปรแกรมความปลอดภัยสารสนเทศที่พัฒนาอย่างดี | D. เอกสารที่ใช้เฉพาะโดยฝ่ายทรัพยากรบุคคลเท่านั้น,B,"Governance documentation is grounded in laws/regulations, is a foundational part of a mature security program, and is used organization-wide - not just by HR.",เอกสารด้านการกำกับดูแลอิงตามกฎหมาย/กฎระเบียบ เป็นรากฐานของโปรแกรมความปลอดภัยที่เติบโตเต็มที่ และถูกใช้ทั่วทั้งองค์กร - ไม่ใช่เพียงโดยฝ่ายทรัพยากรบุคคล
25,1,Domain 1: Security Principles,What is a threat in cybersecurity?,Threat ในบริบทความปลอดภัยไซเบอร์คืออะไร?,"A. A strategy to prevent data theft | B. An event that leads to data destruction only | C. Any circumstance or event with the potential to impact operations, assets, or individuals through unauthorized access, destruction, disclosure, or modification of information | D. A way to reduce the time that it takes to investigate security issues",A. กลยุทธ์ป้องกันการขโมยข้อมูล | B. เหตุการณ์ที่นำไปสู่การทำลายข้อมูลเท่านั้น | C. สถานการณ์หรือเหตุการณ์ใด ๆ ที่มีศักยภาพส่งผลกระทบต่อการดำเนินงาน ทรัพย์สิน หรือบุคคลผ่านการเข้าถึง การทำลาย การเปิดเผย หรือการดัดแปลงข้อมูลโดยไม่ได้รับอนุญาต | D. วิธีการลดเวลาที่ใช้ในการสืบสวนปัญหาความปลอดภัย,C,"A threat is any circumstance or event capable of adversely impacting operations, assets, or individuals through unauthorized access, disclosure, destruction, or modification of information.",Threat คือสถานการณ์หรือเหตุการณ์ใด ๆ ที่มีศักยภาพส่งผลกระทบเชิงลบต่อการดำเนินงาน ทรัพย์สิน หรือบุคคล ผ่านการเข้าถึงโดยไม่ได้รับอนุญาต การเปิดเผย การทำลาย หรือการดัดแปลงข้อมูล
26,1,Domain 1: Security Principles,How can cybersecurity professionals prepare to defend against threats?,ผู้เชี่ยวชาญด้านความปลอดภัยไซเบอร์สามารถเตรียมตัวป้องกันภัยคุกคามได้อย่างไร?,A. By ignoring the latest news in the cybersecurity world | B. By sharing information with peer organizations | C. By ensuring all systems and devices have no vulnerabilities | D. By allowing unauthorized access to information and systems,A. โดยการเพิกเฉยต่อข่าวล่าสุดในโลกความปลอดภัยไซเบอร์ | B. โดยการแบ่งปันข้อมูลกับองค์กรพันธมิตร | C. โดยการรับประกันว่าระบบและอุปกรณ์ทั้งหมดไม่มีช่องโหว่ | D. โดยการอนุญาตให้เข้าถึงข้อมูลและระบบโดยไม่ได้รับอนุญาต,B,Sharing threat information with peer organizations (threat intelligence sharing) helps professionals anticipate and defend against emerging attacks.,การแบ่งปันข้อมูลภัยคุกคามกับองค์กรพันธมิตร (threat intelligence sharing) ช่วยให้ผู้เชี่ยวชาญคาดการณ์และป้องกันการโจมตีที่เกิดขึ้นใหม่ได้
27,1,Domain 1: Security Principles,What is the purpose of threat intelligence?,วัตถุประสงค์ของ threat intelligence คืออะไร?,"A. To encourage data theft and destruction | B. To help cybersecurity professionals and executives make decisions about potential threats | C. To slow down the investigation of security issues | D. To keep emerging technology concerns around IoT, AI, and some aspects of the cloud a secret","A. เพื่อส่งเสริมการขโมยและทำลายข้อมูล | B. เพื่อช่วยผู้เชี่ยวชาญความปลอดภัยไซเบอร์และผู้บริหารตัดสินใจเกี่ยวกับภัยคุกคามที่อาจเกิดขึ้น | C. เพื่อทำให้การสืบสวนปัญหาความปลอดภัยช้าลง | D. เพื่อเก็บความกังวลด้านเทคโนโลยีใหม่ เช่น IoT, AI และคลาวด์เป็นความลับ",B,Threat intelligence gives cybersecurity professionals and executives the context needed to make informed decisions about which threats matter most and how to respond.,Threat intelligence ให้บริบทที่ผู้เชี่ยวชาญความปลอดภัยไซเบอร์และผู้บริหารต้องการเพื่อตัดสินใจอย่างมีข้อมูลว่าภัยคุกคามใดสำคัญที่สุดและควรตอบสนองอย่างไร
28,1,Domain 1: Security Principles,What is ransomware?,Ransomware คืออะไร?,"A. Code that runs on computer systems without the user’s knowledge | B. Malicious software designed to disrupt, damage, or gain unauthorized access to a computer system | C. Standalone, self-replicating malware that causes damage to systems | D. Malicious software that encrypts your data to block access in exchange for a ransom payment",A. โค้ดที่ทำงานบนระบบคอมพิวเตอร์โดยที่ผู้ใช้ไม่รู้ตัว | B. ซอฟต์แวร์ที่เป็นอันตรายซึ่งออกแบบมาเพื่อรบกวน ทำลาย หรือเข้าถึงระบบคอมพิวเตอร์โดยไม่ได้รับอนุญาต | C. มัลแวร์ที่แพร่กระจายตัวเองแบบสแตนด์อโลนที่ทำให้เกิดความเสียหายต่อระบบ | D. ซอฟต์แวร์ที่เป็นอันตรายที่เข้ารหัสข้อมูลของคุณเพื่อบล็อกการเข้าถึงจนกว่าจะจ่ายค่าไถ่,D,Ransomware specifically encrypts a victim's data and demands payment in exchange for the decryption key.,Ransomware เข้ารหัสข้อมูลของเหยื่อโดยเฉพาะและเรียกร้องการชำระเงินเพื่อแลกกับกุญแจถอดรหัส
29,1,Domain 1: Security Principles,What is the main difference between viruses and worms?,ความแตกต่างหลักระหว่างไวรัสและเวิร์ม (Viruses และ Worms) คืออะไร?,"A. Viruses can self-replicate, while worms need a human to execute them on a system. | B. Viruses spread through the Internet, while worms spread through LANs. | C. Viruses are malware that slows down systems, while worms cause extensive damage to systems. | D. Viruses need human interaction to be successful, while worms can selfreplicate and spread without human interaction.",A. ไวรัสสามารถแพร่กระจายตัวเองได้ ในขณะที่เวิร์มต้องอาศัยมนุษย์ในการรัน | B. ไวรัสแพร่กระจายผ่านอินเทอร์เน็ต ในขณะที่เวิร์มแพร่กระจายผ่าน LAN | C. ไวรัสคือมัลแวร์ที่ทำให้ระบบช้าลง ในขณะที่เวิร์มก่อให้เกิดความเสียหายอย่างมากต่อระบบ | D. ไวรัสต้องการปฏิสัมพันธ์จากมนุษย์ในการทำงาน ในขณะที่เวิร์มสามารถแพร่กระจายตัวเองได้โดยไม่ต้องมีปฏิสัมพันธ์จากมนุษย์,D,"Viruses require a human to execute an infected file or program to spread, while worms can self-replicate and propagate across networks without any human action.",ไวรัสต้องการให้มนุษย์รันไฟล์หรือโปรแกรมที่ติดเชื้อเพื่อแพร่กระจาย ในขณะที่เวิร์มสามารถแพร่กระจายตัวเองและกระจายไปทั่วเครือข่ายได้โดยไม่ต้องมีการกระทำใด ๆ จากมนุษย์
30,1,Domain 1: Security Principles,What is the main difference between a DDoS attack and a regular DoS attack?,ความแตกต่างหลักระหว่างการโจมตีแบบ DDoS และ DoS ปกติคืออะไร?,"A. A DDoS attack floods a system with traffic to multiple compromised devices, while a regular DoS attack floods one system with traffic to exhaust resources. | B. A DDoS attack targets routers, switches, and servers, while a regular DoS attack targets individual devices. | C. A DDoS attack alters data between communicating parties, while a regular DoS attack intercepts data between communicating parties. | D. A DDoS attack requires physical access to a system, while a DoS attack is executed remotely.",A. การโจมตีแบบ DDoS ท่วมระบบด้วยทราฟฟิกจากอุปกรณ์ที่ถูกบุกรุกหลายเครื่อง ในขณะที่ DoS ปกติท่วมระบบเดียวด้วยทราฟฟิกเพื่อทำให้ทรัพยากรหมด | B. DDoS โจมตีเราเตอร์ สวิตช์ และเซิร์ฟเวอร์ ในขณะที่ DoS ปกติโจมตีอุปกรณ์แต่ละเครื่อง | C. DDoS เปลี่ยนแปลงข้อมูลระหว่างคู่สื่อสาร ในขณะที่ DoS ปกติดักจับข้อมูลระหว่างคู่สื่อสาร | D. DDoS ต้องการการเข้าถึงทางกายภาพต่อระบบ ในขณะที่ DoS ถูกดำเนินการจากระยะไกล,A,"A DDoS attack uses many compromised devices (a botnet) to flood a target, while a standard DoS attack comes from a single source overwhelming the target's resources.",การโจมตีแบบ DDoS ใช้อุปกรณ์ที่ถูกบุกรุกจำนวนมาก (botnet) เพื่อท่วมเป้าหมาย ในขณะที่ DoS มาตรฐานมาจากแหล่งเดียวที่ท่วมทรัพยากรของเป้าหมาย
31,1,Domain 1: Security Principles,Where are man-in-the-middle (MITM) attacks typically executed?,การโจมตีแบบ man-in-the-middle (MITM) มักถูกดำเนินการที่ใด?,"A. Secure and encrypted networks | B. Government organizations and military networks | C. In places with insecure Wi-Fi, such as coffee shops or hotels | D. Internal networks within an organization",A. เครือข่ายที่ปลอดภัยและเข้ารหัส | B. องค์กรภาครัฐและเครือข่ายทางทหาร | C. สถานที่ที่มี Wi-Fi ที่ไม่ปลอดภัย เช่น ร้านกาแฟหรือโรงแรม | D. เครือข่ายภายในองค์กร,C,"MITM attacks are especially common on insecure public Wi-Fi (cafes, hotels, airports) where attackers can intercept traffic between a victim and the network.",การโจมตีแบบ MITM พบได้บ่อยเป็นพิเศษบน Wi-Fi สาธารณะที่ไม่ปลอดภัย (ร้านกาแฟ โรงแรม สนามบิน) ซึ่งผู้โจมตีสามารถดักจับทราฟฟิกระหว่างเหยื่อและเครือข่ายได้
32,1,Domain 1: Security Principles,How do side-channel attacks exploit system vulnerabilities?,การโจมตีแบบ Side-channel ใช้ประโยชน์จากช่องโหว่ของระบบอย่างไร?,A. By intercepting and altering data between communicating parties | B. By flooding a system with traffic through coordinated efforts | C. By analyzing unintended information leaked by a system’s physical implementation | D. By gaining physical access to a system’s hardware components,A. โดยการดักจับและเปลี่ยนแปลงข้อมูลระหว่างคู่สื่อสาร | B. โดยการท่วมระบบด้วยทราฟฟิกผ่านความพยายามที่ประสานงานกัน | C. โดยการวิเคราะห์ข้อมูลที่รั่วไหลโดยไม่ตั้งใจจากการติดตั้งทางกายภาพของระบบ | D. โดยการเข้าถึงทางกายภาพต่อส่วนประกอบฮาร์ดแวร์ของระบบ,C,"Side-channel attacks extract sensitive information from unintended physical leakage - such as power consumption, timing, or electromagnetic emissions - rather than exploiting software flaws directly.",การโจมตีแบบ Side-channel ดึงข้อมูลที่อ่อนไหวจากการรั่วไหลทางกายภาพที่ไม่ได้ตั้งใจ เช่น การใช้พลังงาน จังหวะเวลา หรือคลื่นแม่เหล็กไฟฟ้า มากกว่าการใช้ประโยชน์จากข้อบกพร่องซอฟต์แวร์โดยตรง
33,1,Domain 1: Security Principles,What are the two categories of firewalls?,สองประเภทของไฟร์วอลล์คืออะไร?,A. Stateful and stateless | B. Network-based and host-based | C. Proxy and packet filtering | D. Next-generation and web application,A. Stateful และ stateless | B. Network-based และ host-based | C. Proxy และ packet filtering | D. Next-generation และ web application,B,Firewalls are broadly categorized as network-based (protecting an entire network segment) or host-based (protecting an individual device).,ไฟร์วอลล์ถูกจัดประเภทโดยทั่วไปเป็น network-based (ปกป้องส่วนเครือข่ายทั้งหมด) หรือ host-based (ปกป้องอุปกรณ์แต่ละเครื่อง)
34,1,Domain 1: Security Principles,What is the main difference between packet filtering firewalls and web application firewalls?,ความแตกต่างหลักระหว่าง packet filtering firewalls และ web application firewalls คืออะไร?,"A. Packet filtering firewalls inspect data packets based on payload content, while web application firewalls monitor IP information. | B. Packet filtering firewalls authenticate clients and forward requests to servers, while web application firewalls authenticate servers and forward requests to clients. | C. Packet filtering firewalls analyze surface-level data such as IP addresses and ports, while web application firewalls inspect HTTP traffic and protect against web-based attacks. | D. Packet filtering firewalls utilize machine learning and behavior analytics, while web application firewalls conduct deep packet inspection.",A. Packet filtering firewalls ตรวจสอบแพ็กเก็ตข้อมูลตามเนื้อหา payload ในขณะที่ web application firewalls เฝ้าติดตามข้อมูล IP | B. Packet filtering firewalls ยืนยันตัวตนไคลเอนต์และส่งต่อคำขอไปยังเซิร์ฟเวอร์ ในขณะที่ web application firewalls ยืนยันตัวตนเซิร์ฟเวอร์และส่งต่อคำขอไปยังไคลเอนต์ | C. Packet filtering firewalls วิเคราะห์ข้อมูลระดับพื้นผิว เช่น IP address และพอร์ต ในขณะที่ web application firewalls ตรวจสอบทราฟฟิก HTTP และป้องกันการโจมตีบนเว็บ | D. Packet filtering firewalls ใช้ machine learning และการวิเคราะห์พฤติกรรม ในขณะที่ web application firewalls ทำการตรวจสอบแพ็กเก็ตเชิงลึก,C,"Packet filtering firewalls inspect basic surface-level data like IP addresses and ports, while web application firewalls go deeper, inspecting HTTP traffic to catch web-specific attacks like SQL injection or XSS.",Packet filtering firewalls ตรวจสอบข้อมูลระดับพื้นผิวพื้นฐาน เช่น IP address และพอร์ต ในขณะที่ web application firewalls ตรวจสอบลึกกว่า โดยตรวจสอบทราฟฟิก HTTP เพื่อจับการโจมตีเฉพาะเว็บ เช่น SQL injection หรือ XSS
35,1,Domain 1: Security Principles,What is the purpose of vulnerability scanning in cybersecurity?,วัตถุประสงค์ของการสแกนช่องโหว่ (Vulnerability scanning) ในความปลอดภัยไซเบอร์คืออะไร?,"A. To exploit vulnerabilities found in an organization’s environment | B. To analyze behaviors on specific endpoints and respond to issues | C. To determine what vulnerabilities an organization has, to prioritize remediation efforts, and to track progress | D. To apply patches to software to fix vulnerabilities",A. เพื่อใช้ประโยชน์จากช่องโหว่ที่พบในสภาพแวดล้อมขององค์กร | B. เพื่อวิเคราะห์พฤติกรรมบน endpoint เฉพาะและตอบสนองต่อปัญหา | C. เพื่อกำหนดว่าองค์กรมีช่องโหว่ใด เพื่อจัดลำดับความสำคัญในการแก้ไข และเพื่อติดตามความคืบหน้า | D. เพื่อนำแพตช์มาใช้กับซอฟต์แวร์เพื่อแก้ไขช่องโหว่,C,Vulnerability scanning identifies what weaknesses exist in an environment so teams can prioritize remediation and track progress over time - it does not exploit them.,การสแกนช่องโหว่ระบุจุดอ่อนที่มีอยู่ในสภาพแวดล้อม เพื่อให้ทีมงานสามารถจัดลำดับความสำคัญในการแก้ไขและติดตามความคืบหน้าเมื่อเวลาผ่านไป - ไม่ใช้ประโยชน์จากช่องโหว่เหล่านั้น
36,1,Domain 1: Security Principles,What is the difference between vulnerability scanning and pentesting?,ความแตกต่างระหว่างการสแกนช่องโหว่และการทดสอบเจาะระบบ (Pentesting) คืออะไร?,"A. Vulnerability scanning is used to exploit vulnerabilities, while pentesting analyzes behaviors on specific endpoints. | B. Vulnerability scanning doesn’t exploit the vulnerabilities, while pentesting aims to find and exploit vulnerabilities. | C. Vulnerability scanning allows teams to test incident response and detection processes, while pentesting prioritizes remediation efforts. | D. Vulnerability scanning gives a continuous look at what is going on in an organization, while pentesting is conducted with open-source tools.",A. การสแกนช่องโหว่ใช้เพื่อใช้ประโยชน์จากช่องโหว่ ในขณะที่ pentesting วิเคราะห์พฤติกรรมบน endpoint เฉพาะ | B. การสแกนช่องโหว่ไม่ใช้ประโยชน์จากช่องโหว่ ในขณะที่ pentesting มุ่งค้นหาและใช้ประโยชน์จากช่องโหว่ | C. การสแกนช่องโหว่ช่วยให้ทีมทดสอบกระบวนการตอบสนองต่อเหตุการณ์และการตรวจจับ ในขณะที่ pentesting จัดลำดับความสำคัญในการแก้ไข | D. การสแกนช่องโหว่ให้มุมมองต่อเนื่องของสิ่งที่เกิดขึ้นในองค์กร ในขณะที่ pentesting ดำเนินการด้วยเครื่องมือโอเพนซอร์ส,B,"Vulnerability scanning only identifies weaknesses without exploiting them, while penetration testing actively attempts to exploit vulnerabilities to prove real-world impact.",การสแกนช่องโหว่ระบุจุดอ่อนโดยไม่ใช้ประโยชน์จากมัน ในขณะที่การทดสอบเจาะระบบพยายามใช้ประโยชน์จากช่องโหว่เหล่านั้นอย่างแข็งขันเพื่อพิสูจน์ผลกระทบในโลกจริง
37,1,Domain 1: Security Principles,What is the purpose of regularly updating and patching systems in cybersecurity?,วัตถุประสงค์ของการอัปเดตและแพตช์ระบบอย่างสม่ำเสมอในความปลอดภัยไซเบอร์คืออะไร?,A. To analyze behaviors on specific endpoints and respond to issues | B. To detect and protect against threats using predictive analytics | C. To gain unauthorized access to systems and data | D. To apply security fixes for vulnerabilities found in the software,A. เพื่อวิเคราะห์พฤติกรรมบน endpoint เฉพาะและตอบสนองต่อปัญหา | B. เพื่อตรวจจับและป้องกันภัยคุกคามโดยใช้การวิเคราะห์เชิงคาดการณ์ | C. เพื่อเข้าถึงระบบและข้อมูลโดยไม่ได้รับอนุญาต | D. เพื่อนำการแก้ไขความปลอดภัยมาใช้สำหรับช่องโหว่ที่พบในซอฟต์แวร์,D,"Patching and updating systems closes known security gaps in software, directly fixing the vulnerabilities that attackers could otherwise exploit.",การแพตช์และอัปเดตระบบปิดช่องโหว่ความปลอดภัยที่ทราบแล้วในซอฟต์แวร์ โดยแก้ไขช่องโหว่ที่ผู้โจมตีอาจใช้ประโยชน์ได้โดยตรง
38,3,Domain 3: Access Controls Concepts,Which of the following is not an example of physical access controls?,ข้อใดไม่ใช่ตัวอย่างของการควบคุมการเข้าถึงทางกายภาพ?,A. Locks | B. Gates | C. Cybersecurity software | D. Fences,A. กุญแจล็อก | B. ประตูรั้ว | C. ซอฟต์แวร์ความปลอดภัยไซเบอร์ | D. รั้วรอบ,C,"Physical access controls are tangible barriers or mechanisms (locks, gates, fences) that restrict physical entry - cybersecurity software is a logical/technical control, not physical.",การควบคุมการเข้าถึงทางกายภาพคือสิ่งกีดขวางหรือกลไกที่จับต้องได้ (กุญแจ ประตูรั้ว รั้ว) ที่จำกัดการเข้าถึงทางกายภาพ - ซอฟต์แวร์ความปลอดภัยไซเบอร์เป็นการควบคุมเชิงตรรกะ/เทคนิค ไม่ใช่ทางกายภาพ
39,3,Domain 3: Access Controls Concepts,Which type of badging system uses RFID technology for access control?,ระบบบัตรผ่านประเภทใดที่ใช้เทคโนโลยี RFID ในการควบคุมการเข้าถึง?,A. Proximity cards | B. Smart cards | C. Biometric IDs | D. Turnstiles,A. บัตร Proximity | B. บัตร Smart card | C. ระบบไบโอเมตริกซ์ | D. Turnstiles,A,"Proximity cards use RFID (radio-frequency identification) technology, letting a badge be read at a short distance without direct contact.",บัตร Proximity ใช้เทคโนโลยี RFID (การระบุตัวตนด้วยคลื่นความถี่วิทยุ) ทำให้สามารถอ่านบัตรได้ในระยะใกล้โดยไม่ต้องสัมผัสโดยตรง
40,3,Domain 3: Access Controls Concepts,What is the purpose of using gates for physical protection?,วัตถุประสงค์ของการใช้ประตูรั้วเพื่อการป้องกันทางกายภาพคืออะไร?,A. To visually identify authorized personnel | B. To track where access cards are used | C. To limit physical access to facilities | D. To integrate with badging systems,A. เพื่อระบุบุคลากรที่ได้รับอนุญาตด้วยสายตา | B. เพื่อติดตามว่าบัตรผ่านถูกใช้ที่ใด | C. เพื่อจำกัดการเข้าถึงทางกายภาพต่อสถานที่ | D. เพื่อผสานรวมกับระบบบัตรผ่าน,C,Gates are physical barriers designed to limit and control who can physically enter a facility or area.,ประตูรั้วเป็นสิ่งกีดขวางทางกายภาพที่ออกแบบมาเพื่อจำกัดและควบคุมว่าใครสามารถเข้าถึงสถานที่หรือพื้นที่ทางกายภาพได้
41,3,Domain 3: Access Controls Concepts,What is a drawback of using turnstiles for access control?,ข้อเสียของการใช้ turnstiles สำหรับการควบคุมการเข้าถึงคืออะไร?,A. They are easily customizable for different organizations. | B. They can be integrated with badging systems. | C. They can cause delays and bottlenecks in traffic. | D. They provide the same level of security as solid gates.,A. สามารถปรับแต่งได้ง่ายสำหรับองค์กรที่แตกต่างกัน | B. สามารถผสานรวมกับระบบบัตรผ่านได้ | C. สามารถทำให้เกิดความล่าช้าและความคับคั่งของทราฟฟิก | D. ให้ระดับความปลอดภัยเทียบเท่ากับประตูทึบ,C,"Turnstiles can create congestion and slow down the flow of people during high-traffic periods, which is a practical drawback despite their access-control benefit.",Turnstiles สามารถก่อให้เกิดความแออัดและทำให้การไหลของผู้คนช้าลงในช่วงเวลาที่มีทราฟฟิกสูง ซึ่งเป็นข้อเสียในทางปฏิบัติแม้จะมีประโยชน์ด้านการควบคุมการเข้าถึง
42,3,Domain 3: Access Controls Concepts,Which access control method is based on unique characteristics like fingerprints or facial recognition?,วิธีการควบคุมการเข้าถึงใดที่อิงตามลักษณะเฉพาะตัว เช่น ลายนิ้วมือหรือการจดจำใบหน้า?,A. Badging systems | B. Access codes or PINs | C. Biometric authentication | D. Gate,A. ระบบบัตรผ่าน | B. รหัสเข้าถึงหรือ PIN | C. การยืนยันตัวตนด้วยไบโอเมตริกซ์ | D. ประตูรั้ว,C,Biometric authentication uses unique physical characteristics - like fingerprints or facial features - to verify identity.,การยืนยันตัวตนด้วยไบโอเมตริกซ์ใช้ลักษณะทางกายภาพเฉพาะตัว เช่น ลายนิ้วมือหรือคุณลักษณะใบหน้า เพื่อยืนยันตัวตน
43,3,Domain 3: Access Controls Concepts,Which of the following is not a type of CCTV camera?,ข้อใดไม่ใช่ประเภทของกล้อง CCTV?,A. Fixed cameras | B. Dome cameras | C. Pan-tilt-zoom (PTZ) cameras | D. Mobile cameras,A. กล้องแบบติดตั้งถาวร (Fixed cameras) | B. กล้องแบบโดม (Dome cameras) | C. กล้องแบบหมุนซูมได้ (PTZ) | D. กล้องเคลื่อนที่ (Mobile cameras),D,"Fixed, dome, and PTZ (pan-tilt-zoom) are standard CCTV camera types; 'mobile cameras' isn't a recognized standard CCTV category.","Fixed, dome และ PTZ (pan-tilt-zoom) เป็นประเภทกล้อง CCTV มาตรฐาน 'กล้องเคลื่อนที่' ไม่ใช่หมวดหมู่ CCTV มาตรฐานที่รู้จัก"
44,3,Domain 3: Access Controls Concepts,What is the role of security guards in physical security?,บทบาทของเจ้าหน้าที่รักษาความปลอดภัยในความปลอดภัยทางกายภาพคืออะไร?,A. They monitor CCTV systems. | B. They set up access control systems. | C. They patrol and monitor the premises. | D. They manage logs and documentation.,A. เฝ้าติดตามระบบ CCTV | B. ตั้งค่าระบบควบคุมการเข้าถึง | C. ลาดตระเวนและเฝ้าติดตามสถานที่ | D. จัดการ log และเอกสาร,C,Security guards are primarily responsible for patrolling and physically monitoring premises to detect and respond to security issues in real time.,เจ้าหน้าที่รักษาความปลอดภัยมีหน้าที่หลักในการลาดตระเวนและเฝ้าติดตามสถานที่ทางกายภาพเพื่อตรวจจับและตอบสนองต่อปัญหาความปลอดภัยแบบเรียลไทม์
45,3,Domain 3: Access Controls Concepts,What can trigger alarm systems in physical security?,สิ่งใดสามารถกระตุ้นระบบสัญญาณเตือนภัยในความปลอดภัยทางกายภาพได้?,A. Unauthorized access to areas | B. Motion when no one should be present | C. Lapses in CCTV coverage | D. All of these answers are correct.,A. การเข้าถึงพื้นที่โดยไม่ได้รับอนุญาต | B. การเคลื่อนไหวในขณะที่ไม่ควรมีใครอยู่ | C. ช่องว่างในการครอบคลุมของ CCTV | D. ถูกทุกข้อ,D,"Alarm systems can be triggered by unauthorized access attempts, unexpected motion, or breaks in CCTV monitoring coverage - any of these anomalies.",ระบบสัญญาณเตือนภัยสามารถถูกกระตุ้นได้จากความพยายามเข้าถึงโดยไม่ได้รับอนุญาต การเคลื่อนไหวที่ไม่คาดคิด หรือช่องว่างในการเฝ้าติดตามด้วย CCTV - ความผิดปกติใดข้อหนึ่งก็เพียงพอ
46,3,Domain 3: Access Controls Concepts,How is the retention of access logs and other documentation determined?,การเก็บรักษาบันทึกการเข้าถึงและเอกสารอื่น ๆ ถูกกำหนดโดยอะไร?,A. By the organization’s data retention policy | B. By the manager of the security team | C. By stakeholder consensus | D. By the discretion of individual employees,A. นโยบายการเก็บรักษาข้อมูลขององค์กร | B. ผู้จัดการทีมความปลอดภัย | C. ฉันทามติของผู้มีส่วนได้ส่วนเสีย | D. ดุลยพินิจของพนักงานแต่ละคน,A,How long access logs and related records are kept is governed by the organization's formal data retention policy.,ระยะเวลาการเก็บรักษาบันทึกการเข้าถึงและเอกสารที่เกี่ยวข้องถูกกำหนดโดยนโยบายการเก็บรักษาข้อมูลอย่างเป็นทางการขององค์กร
47,3,Domain 3: Access Controls Concepts,How do security guards determine whether someone is authorized or unauthorized personnel?,เจ้าหน้าที่รักษาความปลอดภัยตรวจสอบว่าบุคคลใดได้รับอนุญาตหรือไม่ได้รับอนุญาตอย่างไร?,A. They check the person’s identification. | B. They analyze the person’s body language. | C. They rely on the person’s job title. | D. They make a judgment based on the person’s appearance.,A. ตรวจสอบบัตรประจำตัวของบุคคลนั้น | B. วิเคราะห์ภาษากายของบุคคลนั้น | C. อาศัยตำแหน่งงานของบุคคลนั้น | D. ตัดสินตามลักษณะภายนอกของบุคคลนั้น,A,Security guards verify identity primarily by checking a person's official identification/credentials rather than relying on appearance or job title claims.,เจ้าหน้าที่รักษาความปลอดภัยยืนยันตัวตนเป็นหลักโดยการตรวจสอบบัตรประจำตัว/ข้อมูลรับรองอย่างเป็นทางการของบุคคล มากกว่าการอาศัยลักษณะภายนอกหรือการอ้างตำแหน่งงาน
48,3,Domain 3: Access Controls Concepts,Which of the following best describes logical access controls?,ข้อใดอธิบาย logical access controls ได้ดีที่สุด?,"A. Access controls that regulate physical access to computer systems | B. Access controls that restrict access to software, applications, and databases based on user privileges | C. Access controls that separate critical tasks and responsibilities among multiple individuals | D. Access controls that monitor and audit user access to information systems",A. การควบคุมการเข้าถึงที่กำกับการเข้าถึงทางกายภาพต่อระบบคอมพิวเตอร์ | B. การควบคุมการเข้าถึงที่จำกัดการเข้าถึงซอฟต์แวร์ แอปพลิเคชัน และฐานข้อมูลตามสิทธิ์ของผู้ใช้ | C. การควบคุมการเข้าถึงที่แยกงานและความรับผิดชอบที่สำคัญระหว่างบุคคลหลายคน | D. การควบคุมการเข้าถึงที่เฝ้าติดตามและตรวจสอบการเข้าถึงระบบสารสนเทศของผู้ใช้,B,"Logical access controls restrict access to software, applications, and databases based on a user's assigned privileges, distinct from physical access controls.",Logical access controls จำกัดการเข้าถึงซอฟต์แวร์ แอปพลิเคชัน และฐานข้อมูลตามสิทธิ์ที่ผู้ใช้ได้รับมอบหมาย ซึ่งแตกต่างจากการควบคุมการเข้าถึงทางกายภาพ
49,3,Domain 3: Access Controls Concepts,What is the principle of least privilege?,หลักการ least privilege คืออะไร?,A. Users are only provided with the information they need to complete their job. | B. Users are granted the least amount of permission necessary to complete their job function. | C. Users have access to all the privilege and control in the organization. | D. Users have limited access to information or systems.,A. ผู้ใช้ได้รับเพียงข้อมูลที่จำเป็นต่อการทำงานเท่านั้น | B. ผู้ใช้ได้รับสิทธิ์น้อยที่สุดที่จำเป็นต่อการปฏิบัติหน้าที่งาน | C. ผู้ใช้มีสิทธิ์และการควบคุมทั้งหมดในองค์กร | D. ผู้ใช้มีการเข้าถึงข้อมูลหรือระบบที่จำกัด,B,Least privilege means giving users only the minimum permissions necessary to perform their specific job functions - nothing more.,Least privilege หมายถึงการให้ผู้ใช้ได้รับเพียงสิทธิ์ขั้นต่ำที่จำเป็นในการปฏิบัติหน้าที่งานเฉพาะของตน - ไม่มากไปกว่านั้น
50,3,Domain 3: Access Controls Concepts,What is the purpose of segregation of duties?,วัตถุประสงค์ของ segregation of duties คืออะไร?,A. To ensure efficient completion of tasks | B. To reduce the risk of unauthorized or fraudulent activities | C. To grant complete control over a process to one person | D. To increase efficiency in task completion,A. เพื่อรับประกันการทำงานให้เสร็จอย่างมีประสิทธิภาพ | B. เพื่อลดความเสี่ยงของกิจกรรมที่ไม่ได้รับอนุญาตหรือการทุจริต | C. เพื่อมอบการควบคุมกระบวนการทั้งหมดให้กับบุคคลเดียว | D. เพื่อเพิ่มประสิทธิภาพในการทำงานให้เสร็จ,B,"Segregation of duties splits critical tasks among multiple people so no single individual can complete a sensitive process alone, reducing fraud and error risk.",Segregation of duties แบ่งงานที่สำคัญออกเป็นหลายส่วนให้คนละคนรับผิดชอบ เพื่อไม่ให้บุคคลใดบุคคลหนึ่งสามารถดำเนินกระบวนการที่อ่อนไหวได้เพียงลำพัง ลดความเสี่ยงจากการทุจริตและข้อผิดพลาด
51,3,Domain 3: Access Controls Concepts,What is the main difference between mandatory access control and discretionary access control?,ความแตกต่างหลักระหว่าง mandatory access control และ discretionary access control คืออะไร?,"A. MAC allows subjects to override access control policies, while DAC does not. | B. MAC is focused on data integrity, while DAC is focused on confidentiality. | C. MAC implements zero trust in its control mechanism, while DAC separates subjects into trusted and untrusted groups. | D. MAC is used in government agencies and defense organizations, while DAC is used in corporate environments.",A. MAC อนุญาตให้ subject แทนที่นโยบายควบคุมการเข้าถึงได้ ในขณะที่ DAC ไม่อนุญาต | B. MAC มุ่งเน้นที่ความถูกต้องครบถ้วนของข้อมูล ในขณะที่ DAC มุ่งเน้นที่ความลับ | C. MAC ใช้ zero trust ในกลไกการควบคุม ในขณะที่ DAC แยก subject ออกเป็นกลุ่มที่เชื่อถือได้และไม่ได้ | D. MAC ใช้ในหน่วยงานราชการและองค์กรป้องกันประเทศ ในขณะที่ DAC ใช้ในสภาพแวดล้อมองค์กร,A,"In Mandatory Access Control (MAC), access decisions are made centrally by policy and cannot be overridden by users, whereas Discretionary Access Control (DAC) lets resource owners set their own permissions.",ใน Mandatory Access Control (MAC) การตัดสินใจการเข้าถึงถูกกำหนดโดยนโยบายส่วนกลางและไม่สามารถถูกแทนที่โดยผู้ใช้ได้ ในขณะที่ Discretionary Access Control (DAC) ให้เจ้าของทรัพยากรกำหนดสิทธิ์ของตนเอง
52,3,Domain 3: Access Controls Concepts,Which access control model focuses on confidentiality by controlling access based on security levels and preventing information leakage?,โมเดลควบคุมการเข้าถึงใดที่มุ่งเน้นความลับโดยควบคุมการเข้าถึงตามระดับความปลอดภัยและป้องกันการรั่วไหลของข้อมูล?,A. Role-based access control | B. Mandatory access control | C. Discretionary access control | D. Biba Model,A. Role-based access control | B. Mandatory access control | C. Discretionary access control | D. Biba Model,B,Mandatory Access Control assigns security labels/clearance levels to enforce confidentiality and prevent information from flowing to unauthorized levels.,Mandatory Access Control กำหนดป้ายกำกับความปลอดภัย/ระดับชั้นความลับ เพื่อบังคับใช้ความลับและป้องกันไม่ให้ข้อมูลไหลไปยังระดับที่ไม่ได้รับอนุญาต
53,3,Domain 3: Access Controls Concepts,Which security model focuses on controlling access based on the user’s assigned role?,โมเดลความปลอดภัยใดที่มุ่งเน้นการควบคุมการเข้าถึงตามบทบาทที่ผู้ใช้ได้รับมอบหมาย?,A. Mandatory access control | B. Bell-LaPadula Model | C. Clark-Wilson Model | D. Role-based access control,A. Mandatory access control | B. Bell-LaPadula Model | C. Clark-Wilson Model | D. Role-based access control,D,Role-Based Access Control (RBAC) grants permissions based on the role a user is assigned within the organization.,Role-Based Access Control (RBAC) ให้สิทธิ์ตามบทบาทที่ผู้ใช้ได้รับมอบหมายภายในองค์กร
54,3,Domain 3: Access Controls Concepts,What is the purpose of an access matrix in access control?,วัตถุประสงค์ของ access matrix ในการควบคุมการเข้าถึงคืออะไร?,A. To map permissions to each user or role in the organization | B. To enforce separation of duties in a constrained access control model | C. To visualize the hierarchy of permissions in a hierarchical access control model | D. To centralize user management and access control in an IAM system,A. เพื่อจับคู่สิทธิ์กับผู้ใช้หรือบทบาทแต่ละอย่างในองค์กร | B. เพื่อบังคับใช้ separation of duties ในโมเดลควบคุมการเข้าถึงแบบจำกัด | C. เพื่อแสดงลำดับชั้นของสิทธิ์ในโมเดลควบคุมการเข้าถึงแบบลำดับชั้น | D. เพื่อรวมศูนย์การจัดการผู้ใช้และการควบคุมการเข้าถึงในระบบ IAM,A,"An access matrix is a table mapping which permissions each user or role has to which resources, giving a clear overview of the access control scheme.",Access matrix เป็นตารางที่จับคู่ว่าผู้ใช้หรือบทบาทแต่ละอย่างมีสิทธิ์ใดต่อทรัพยากรใด ให้ภาพรวมที่ชัดเจนของโครงร่างการควบคุมการเข้าถึง
55,3,Domain 3: Access Controls Concepts,Which technology can IAM utilize to enhance security by requiring users to provide multiple forms of authentication when accessing objects?,เทคโนโลยีใดที่ IAM สามารถใช้เพื่อเพิ่มความปลอดภัยโดยกำหนดให้ผู้ใช้ต้องยืนยันตัวตนหลายรูปแบบเมื่อเข้าถึงวัตถุ?,"A. Single sign-on | B. Automation scripts | C. Security orchestration, automation, and remediation tools | D. Multi-factor authentication","A. Single sign-on | B. สคริปต์อัตโนมัติ | C. เครื่องมือ Security orchestration, automation, and remediation | D. Multi-factor authentication",D,"Multi-Factor Authentication (MFA) requires users to verify their identity using more than one independent factor, significantly strengthening access security.",Multi-Factor Authentication (MFA) กำหนดให้ผู้ใช้ต้องยืนยันตัวตนโดยใช้ปัจจัยอิสระมากกว่าหนึ่งประเภท เสริมความปลอดภัยของการเข้าถึงอย่างมีนัยสำคัญ
56,4,Domain 4: Network Security,Which type of network is typically limited in range from a few centimeters to a few meters and connects devices within an individual’s workspace?,เครือข่ายประเภทใดที่โดยทั่วไปมีระยะจำกัดตั้งแต่ไม่กี่เซนติเมตรถึงไม่กี่เมตร และเชื่อมต่ออุปกรณ์ภายในพื้นที่ทำงานของบุคคลคนเดียว?,A. Local-area network | B. Wide-area network | C. Personal-area network | D. Metropolitan-area network,A. Local-area network | B. Wide-area network | C. Personal-area network | D. Metropolitan-area network,C,"A Personal-Area Network (PAN) has a very short range - typically centimeters to a few meters - connecting devices close to one individual (e.g., Bluetooth devices).",Personal-Area Network (PAN) มีระยะที่สั้นมาก - โดยทั่วไปตั้งแต่เซนติเมตรถึงไม่กี่เมตร - เชื่อมต่ออุปกรณ์ที่อยู่ใกล้บุคคลคนเดียว (เช่น อุปกรณ์บลูทูธ)
57,4,Domain 4: Network Security,Which networking device transmits data packets between connected devices on the LAN?,อุปกรณ์เครือข่ายใดที่ส่งแพ็กเก็ตข้อมูลระหว่างอุปกรณ์ที่เชื่อมต่อกันบน LAN?,A. Modem | B. Network interface card | C. Wireless access point | D. Switch,A. Modem | B. Network interface card | C. Wireless access point | D. Switch,D,A switch forwards data packets between devices connected within the same local-area network based on their MAC addresses.,Switch ส่งต่อแพ็กเก็ตข้อมูลระหว่างอุปกรณ์ที่เชื่อมต่อกันภายในเครือข่ายท้องถิ่นเดียวกัน โดยอ้างอิงจาก MAC address
58,4,Domain 4: Network Security,"Which type of network provides local wireless connectivity and is commonly found in settings like cafes, airports, and public spaces?",เครือข่ายประเภทใดที่ให้การเชื่อมต่อไร้สายในพื้นที่ท้องถิ่น และมักพบในสถานที่ เช่น ร้านกาแฟ สนามบิน และพื้นที่สาธารณะ?,A. Wide-area network | B. Wireless local-area network | C. Metropolitan-area network | D. Personal-area network,A. Wide-area network | B. Wireless local-area network | C. Metropolitan-area network | D. Personal-area network,B,"A Wireless Local-Area Network (WLAN) provides local wireless connectivity, commonly used in cafes, airports, and other public spaces.",Wireless Local-Area Network (WLAN) ให้การเชื่อมต่อไร้สายในพื้นที่ท้องถิ่น มักใช้ในร้านกาแฟ สนามบิน และพื้นที่สาธารณะอื่น ๆ
59,4,Domain 4: Network Security,What is the purpose of a metropolitan-area network?,วัตถุประสงค์ของ metropolitan-area network คืออะไร?,A. Connect multiple LANs across a city or large area | B. Provide local wireless connectivity | C. Connect devices within an individual’s workspace | D. Connect multiple WANs via radio waves or telephone lines,A. เชื่อมต่อหลาย LAN ทั่วเมืองหรือพื้นที่ขนาดใหญ่ | B. ให้การเชื่อมต่อไร้สายในพื้นที่ท้องถิ่น | C. เชื่อมต่ออุปกรณ์ภายในพื้นที่ทำงานของบุคคลคนเดียว | D. เชื่อมต่อหลาย WAN ผ่านคลื่นวิทยุหรือสายโทรศัพท์,A,A Metropolitan-Area Network (MAN) connects multiple LANs across a city or a similarly large geographic area.,Metropolitan-Area Network (MAN) เชื่อมต่อหลาย LAN ทั่วเมืองหรือพื้นที่ทางภูมิศาสตร์ขนาดใหญ่ที่คล้ายกัน
60,4,Domain 4: Network Security,Which ports range from 0 to 1023 and are used for common services in network communications?,พอร์ตใดที่มีช่วงตั้งแต่ 0 ถึง 1023 และใช้สำหรับบริการทั่วไปในการสื่อสารเครือข่าย?,A. Dynamic ports | B. Registered ports | C. Well-known ports | D. Virtual ports,A. Dynamic ports | B. Registered ports | C. Well-known ports | D. Virtual ports,C,"Well-known ports (0–1023) are reserved for standard, widely used network services like HTTP (80) and HTTPS (443).",Well-known ports (0–1023) ถูกสงวนไว้สำหรับบริการเครือข่ายมาตรฐานที่ใช้กันอย่างแพร่หลาย เช่น HTTP (80) และ HTTPS (443)
61,4,Domain 4: Network Security,What is the main advantage of using fiber-optic cables in a wide-area network?,ข้อได้เปรียบหลักของการใช้สายไฟเบอร์ออปติกใน wide-area network คืออะไร?,A. Ability to connect devices within an individual’s workspace | B. Wireless connectivity for local network access | C. High-speed data transmission over long distances | D. Cost-effectiveness for small to medium-sized networks,A. ความสามารถในการเชื่อมต่ออุปกรณ์ภายในพื้นที่ทำงานของบุคคลคนเดียว | B. การเชื่อมต่อไร้สายสำหรับการเข้าถึงเครือข่ายท้องถิ่น | C. การส่งข้อมูลความเร็วสูงในระยะทางไกล | D. ความคุ้มค่าสำหรับเครือข่ายขนาดเล็กถึงขนาดกลาง,C,Fiber-optic cable's main advantage in WANs is enabling very high-speed data transmission reliably over long distances.,ข้อได้เปรียบหลักของสายไฟเบอร์ออปติกใน WAN คือการทำให้เกิดการส่งข้อมูลความเร็วสูงอย่างเชื่อถือได้ในระยะทางไกล
62,4,Domain 4: Network Security,"Which transport layer protocol ensures reliable, ordered, and error-checked data transfer?",โปรโตคอลชั้น Transport ใดที่รับประกันการส่งข้อมูลที่เชื่อถือได้ เรียงลำดับ และตรวจสอบข้อผิดพลาด?,A. TCP | B. UDP | C. SMTP | D. HTTP,A. TCP | B. UDP | C. SMTP | D. HTTP,A,"TCP (Transmission Control Protocol) guarantees reliable, ordered, and error-checked delivery of data between devices.",TCP (Transmission Control Protocol) รับประกันการส่งข้อมูลที่เชื่อถือได้ เรียงลำดับ และตรวจสอบข้อผิดพลาดระหว่างอุปกรณ์
63,4,Domain 4: Network Security,Which transport layer protocol is commonly used in multimedia applications that require real-time transmission and are prone to occasional packet loss?,โปรโตคอลชั้น Transport ใดที่มักใช้ในแอปพลิเคชันมัลติมีเดียที่ต้องการการส่งข้อมูลแบบเรียลไทม์และยอมรับการสูญเสียแพ็กเก็ตเป็นครั้งคราวได้?,A. TCP | B. UDP | C. FTP | D. SNMP,A. TCP | B. UDP | C. FTP | D. SNMP,B,"UDP (User Datagram Protocol) favors speed over reliability, making it well-suited for real-time multimedia where occasional packet loss is tolerable.",UDP (User Datagram Protocol) ให้ความสำคัญกับความเร็วมากกว่าความน่าเชื่อถือ ทำให้เหมาะสมกับมัลติมีเดียแบบเรียลไทม์ที่สามารถทนต่อการสูญเสียแพ็กเก็ตเป็นครั้งคราวได้
64,4,Domain 4: Network Security,Which layer in the OSI model is responsible for data delivery between networks?,เลเยอร์ใดในโมเดล OSI ที่รับผิดชอบการส่งข้อมูลระหว่างเครือข่าย?,A. Physical layer | B. Transport layer | C. Network layer | D. Application layer,A. Physical layer | B. Transport layer | C. Network layer | D. Application layer,B,The Transport layer (Layer 4 of the OSI model) is responsible for reliable end-to-end data delivery between networked systems.,Transport layer (Layer 4 ของโมเดล OSI) รับผิดชอบการส่งข้อมูลแบบ end-to-end ที่เชื่อถือได้ระหว่างระบบที่เชื่อมต่อเครือข่าย
65,4,Domain 4: Network Security,Which technique is used to conserve IPv4 address space by assigning a single public IP address to a device within a network?,เทคนิคใดที่ใช้เพื่อประหยัดพื้นที่ IPv4 address โดยกำหนด public IP address เดียวให้กับอุปกรณ์ในเครือข่าย?,A. NAT | B. DHCP | C. IPsec | D. SNMP,A. NAT | B. DHCP | C. IPsec | D. SNMP,A,NAT (Network Address Translation) conserves scarce public IPv4 addresses by letting many internal devices share one public IP address.,NAT (Network Address Translation) ประหยัด public IPv4 address ที่มีจำกัด โดยให้อุปกรณ์ภายในหลายเครื่องแชร์ public IP address เดียวกัน
66,4,Domain 4: Network Security,Which sublayer of the data link layer is responsible for flow control and handles communication between the MAC and network layers?,sublayer ใดของ data link layer ที่รับผิดชอบการควบคุมการไหลของข้อมูลและจัดการการสื่อสารระหว่าง MAC layer กับ network layer?,A. Logical Link Control (LLC) | B. Media Access Control (MAC) | C. Physical layer (PHY) | D. Transport layer (TCP/UDP),A. Logical Link Control (LLC) | B. Media Access Control (MAC) | C. Physical layer (PHY) | D. Transport layer (TCP/UDP),A,The Logical Link Control (LLC) sublayer of the Data Link layer manages flow control and mediates communication between the MAC sublayer and the Network layer.,Logical Link Control (LLC) sublayer ของ Data Link layer จัดการการควบคุมการไหลของข้อมูลและเป็นตัวกลางการสื่อสารระหว่าง MAC sublayer กับ Network layer
67,4,Domain 4: Network Security,Which wireless encryption standard is considered obsolete?,มาตรฐานการเข้ารหัสไร้สายใดที่ถือว่าล้าสมัยแล้ว?,A. WPA | B. WPA2 | C. WPA3 | D. WEP,A. WPA | B. WPA2 | C. WPA3 | D. WEP,D,"WEP (Wired Equivalent Privacy) has well-documented cryptographic weaknesses and is considered obsolete, having been replaced by WPA, WPA2, and WPA3.","WEP (Wired Equivalent Privacy) มีจุดอ่อนด้านการเข้ารหัสที่เป็นที่รู้จักดี และถือว่าล้าสมัย โดยถูกแทนที่ด้วย WPA, WPA2 และ WPA3"
68,4,Domain 4: Network Security,Which layer in the TCP/IP model combines the physical and data link layers of the OSI model?,เลเยอร์ใดในโมเดล TCP/IP ที่รวมทั้ง physical layer และ data link layer ของโมเดล OSI เข้าด้วยกัน?,A. Application layer | B. Transport layer | C. Internet layer | D. Network access layer,A. Application layer | B. Transport layer | C. Internet layer | D. Network access layer,D,The TCP/IP model's Network Access layer combines the functions of the OSI model's Physical and Data Link layers.,Network Access layer ของโมเดล TCP/IP รวมฟังก์ชันของ Physical layer และ Data Link layer ของโมเดล OSI เข้าด้วยกัน
69,4,Domain 4: Network Security,"Which type of fire suppression system is commonly used in data centers, industrial settings, or other locations where water or foam-based systems would damage sensitive equipment or materials?",ระบบดับเพลิงประเภทใดที่มักใช้ในศูนย์ข้อมูล สถานที่อุตสาหกรรม หรือสถานที่อื่นที่ระบบใช้น้ำหรือโฟมอาจสร้างความเสียหายต่ออุปกรณ์หรือวัสดุที่อ่อนไหว?,A. Sprinkler systems | B. Gas-based systems | C. Foam systems | D. Wet and dry chemical systems,A. ระบบสปริงเกอร์ | B. ระบบแบบใช้แก๊ส | C. ระบบโฟม | D. ระบบสารเคมีแบบเปียกและแห้ง,B,"Gas-based fire suppression systems are used in data centers and similar environments because they extinguish fires without damaging sensitive electronic equipment, unlike water or foam.",ระบบดับเพลิงแบบใช้แก๊สถูกใช้ในศูนย์ข้อมูลและสภาพแวดล้อมที่คล้ายกัน เนื่องจากสามารถดับไฟได้โดยไม่สร้างความเสียหายต่ออุปกรณ์อิเล็กทรอนิกส์ที่อ่อนไหว ต่างจากระบบน้ำหรือโฟม
70,4,Domain 4: Network Security,Which of the following is not a characteristic of a memorandum of understanding (MOU)?,ข้อใดต่อไปนี้ไม่ใช่คุณลักษณะของ memorandum of understanding (MOU)?,A. To establish a legally binding contract between parties | B. To outline the intended actions and responsibilities of the parties involved | C. To resolve disputes that may arise during a partnership or collaboration | D. To specify the timeline and deliverables for completing tasks or achieving goals,A. เพื่อสร้างสัญญาที่มีผลผูกพันทางกฎหมายระหว่างคู่สัญญา | B. เพื่อระบุการกระทำและความรับผิดชอบที่ตั้งใจของคู่สัญญาที่เกี่ยวข้อง | C. เพื่อแก้ไขข้อพิพาทที่อาจเกิดขึ้นระหว่างความร่วมมือหรือการทำงานร่วมกัน | D. เพื่อระบุกรอบเวลาและผลงานส่งมอบสำหรับการทำงานให้เสร็จหรือบรรลุเป้าหมาย,A,"An MOU outlines intended actions, responsibilities, timelines, and dispute resolution between parties, but unlike a formal contract, it is generally not legally binding.",MOU ระบุการกระทำ ความรับผิดชอบ กรอบเวลา และการแก้ไขข้อพิพาทระหว่างคู่สัญญา แต่ต่างจากสัญญาที่เป็นทางการ โดยทั่วไปแล้ว MOU ไม่มีผลผูกพันทางกฎหมาย
71,4,Domain 4: Network Security,"Which security strategy involves implementing multiple layers of security measures, such as firewalls, intrusion detection/prevention systems, and endpoint protection, to provide comprehensive data protection and impede threat actors?",กลยุทธ์ความปลอดภัยใดที่เกี่ยวข้องกับการนำมาตรการความปลอดภัยหลายชั้นมาใช้ เช่น ไฟร์วอลล์ ระบบตรวจจับ/ป้องกันการบุกรุก และการป้องกัน endpoint เพื่อให้การปกป้องข้อมูลอย่างครอบคลุมและขัดขวางผู้โจมตี?,A. Network segmentation | B. Defense-in-depth | C. Microsegmentation | D. Virtual Private Networks,A. Network segmentation | B. Defense-in-depth | C. Microsegmentation | D. Virtual Private Networks,B,"Defense-in-depth layers multiple security measures (firewalls, IDS/IPS, endpoint protection, etc.) so that if one layer fails, others still provide protection.",Defense-in-depth วางมาตรการความปลอดภัยหลายชั้น (ไฟร์วอลล์ IDS/IPS การป้องกัน endpoint ฯลฯ) เพื่อให้หากชั้นหนึ่งล้มเหลว ชั้นอื่นยังคงให้การป้องกันอยู่
72,4,Domain 4: Network Security,Which network security technique provides enhanced protection by implementing security controls between workloads within a network,เทคนิคความปลอดภัยเครือข่ายใดที่ให้การป้องกันที่เพิ่มขึ้นโดยนำการควบคุมความปลอดภัยมาใช้ระหว่าง workload ภายในเครือข่าย?,A. Network segmentation | B. Defense-in-depth | C. Microsegmentation | D. Virtual private networks,A. Network segmentation | B. Defense-in-depth | C. Microsegmentation | D. Virtual private networks,C,"Microsegmentation applies granular security controls between individual workloads within a network, offering more precise protection than broader network segmentation.",Microsegmentation นำการควบคุมความปลอดภัยแบบละเอียดมาใช้ระหว่าง workload แต่ละอย่างภายในเครือข่าย ให้การป้องกันที่แม่นยำกว่าการแบ่งเครือข่ายแบบกว้าง (network segmentation)
73,4,Domain 4: Network Security,What is the purpose of a demilitarized zone (DMZ)?,วัตถุประสงค์ของ demilitarized zone (DMZ) คืออะไร?,A. To provide a logical division within a physical network | B. To establish secure connections between multiple networks | C. To act as a buffer zone between an organization’s internal network and the external network | D. To ensure privacy and data protection for mobile users,A. เพื่อให้การแบ่งแยกทางตรรกะภายในเครือข่ายทางกายภาพ | B. เพื่อสร้างการเชื่อมต่อที่ปลอดภัยระหว่างหลายเครือข่าย | C. เพื่อทำหน้าที่เป็นเขตกันชนระหว่างเครือข่ายภายในขององค์กรกับเครือข่ายภายนอก | D. เพื่อรับประกันความเป็นส่วนตัวและการปกป้องข้อมูลสำหรับผู้ใช้มือถือ,C,A DMZ acts as a buffer network zone that separates and protects an organization's internal network from direct exposure to the external/public network.,DMZ ทำหน้าที่เป็นเขตเครือข่ายกันชนที่แยกและปกป้องเครือข่ายภายในขององค์กรจากการเปิดเผยโดยตรงต่อเครือข่ายภายนอก/สาธารณะ
74,4,Domain 4: Network Security,What is the function of switches in implementing virtual local area networks?,หน้าที่ของสวิตช์ในการนำ virtual local area network มาใช้คืออะไร?,"A. VLANs segment, manage, and control virtual networks. | B. VLANs provide encryption for secure network connections. | C. VLANs enforce security policies and controls for mobile devices. | D. VLANs act as a buffer zone between an organization’s internal network and the external network.",A. VLAN แบ่งส่วน จัดการ และควบคุมเครือข่ายเสมือน | B. VLAN ให้การเข้ารหัสสำหรับการเชื่อมต่อเครือข่ายที่ปลอดภัย | C. VLAN บังคับใช้นโยบายความปลอดภัยและการควบคุมสำหรับอุปกรณ์มือถือ | D. VLAN ทำหน้าที่เป็นเขตกันชนระหว่างเครือข่ายภายในขององค์กรกับเครือข่ายภายนอก,A,"VLANs (Virtual LANs), implemented via switches, logically segment, manage, and control traffic within virtual network groupings.",VLAN (Virtual LAN) ที่นำมาใช้ผ่านสวิตช์ แบ่งส่วนทางตรรกะ จัดการ และควบคุมทราฟฟิกภายในกลุ่มเครือข่ายเสมือน
75,4,Domain 4: Network Security,What is the difference between the public cloud and a private cloud?,ความแตกต่างระหว่าง public cloud กับ private cloud คืออะไร?,"A. The public cloud is more secure than a private cloud. | B. Unlike the public cloud, a private cloud is only accessible through the Internet. | C. A private cloud is deployed for a specific organization and allows for tailored hardware and software. | D. A public cloud allows for greater control and flexibility over assets.",A. Public cloud ปลอดภัยกว่า private cloud | B. Private cloud เข้าถึงได้เฉพาะผ่านอินเทอร์เน็ตเท่านั้น ต่างจาก public cloud | C. Private cloud ถูกปรับใช้สำหรับองค์กรเฉพาะ และสามารถปรับแต่งฮาร์ดแวร์และซอฟต์แวร์ได้ | D. Public cloud ให้การควบคุมและความยืดหยุ่นต่อทรัพย์สินมากกว่า,C,"A private cloud is dedicated to a single organization, allowing it to tailor the underlying hardware and software to its specific needs, unlike the shared public cloud.",Private cloud ถูกอุทิศให้กับองค์กรเดียว ทำให้สามารถปรับแต่งฮาร์ดแวร์และซอฟต์แวร์พื้นฐานให้เหมาะกับความต้องการเฉพาะได้ ต่างจาก public cloud ที่ใช้ร่วมกัน
76,4,Domain 4: Network Security,"Which cloud deployment model offers a collaborative, secure, costeffective solution for organizations with shared needs?",โมเดลการปรับใช้คลาวด์ใดที่นำเสนอโซลูชันแบบร่วมมือ ปลอดภัย และคุ้มค่าสำหรับองค์กรที่มีความต้องการร่วมกัน?,A. Public cloud | B. Private cloud | C. Hybrid cloud | D. Community cloud,A. Public cloud | B. Private cloud | C. Hybrid cloud | D. Community cloud,D,"A community cloud is shared by organizations with common needs (e.g., compliance requirements), offering a collaborative yet more secure and cost-effective option than a fully public cloud.",Community cloud ถูกใช้ร่วมกันโดยองค์กรที่มีความต้องการร่วมกัน (เช่น ข้อกำหนดด้านการปฏิบัติตามกฎระเบียบ) นำเสนอตัวเลือกที่ร่วมมือกันได้ ปลอดภัย และคุ้มค่ากว่า public cloud เต็มรูปแบบ
77,4,Domain 4: Network Security,"In which cloud service model is the CSP responsible for providing virtualized resources and services that can be accessed over the Internet, allowing organizations to free themselves from purchasing expensive hardware?",ในโมเดลบริการคลาวด์ใดที่ CSP รับผิดชอบในการจัดหาทรัพยากรและบริการเสมือนที่สามารถเข้าถึงได้ผ่านอินเทอร์เน็ต ทำให้องค์กรไม่ต้องซื้อฮาร์ดแวร์ราคาแพง?,A. IaaS | B. PaaS | C. SaaS | D. None of these answers are correct.,A. IaaS | B. PaaS | C. SaaS | D. ไม่มีข้อใดถูกต้อง,A,"In IaaS (Infrastructure as a Service), the cloud provider supplies virtualized computing resources over the internet, letting organizations avoid purchasing physical hardware.",ใน IaaS (Infrastructure as a Service) ผู้ให้บริการคลาวด์จัดหาทรัพยากรคอมพิวเตอร์เสมือนผ่านอินเทอร์เน็ต ทำให้องค์กรไม่ต้องซื้อฮาร์ดแวร์ทางกายภาพ
78,4,Domain 4: Network Security,"In which cloud service model is the CSP responsible for maintaining and updating all the components necessary to run the application, while the organization is only responsible for how the application will be used and who needs access?",ในโมเดลบริการคลาวด์ใดที่ CSP รับผิดชอบในการดูแลรักษาและอัปเดตองค์ประกอบทั้งหมดที่จำเป็นในการรันแอปพลิเคชัน ในขณะที่องค์กรรับผิดชอบเพียงวิธีการใช้แอปพลิเคชันและใครต้องการการเข้าถึง?,A. IaaS | B. PaaS | C. SaaS | D. None of these answers are correct,A. IaaS | B. PaaS | C. SaaS | D. ไม่มีข้อใดถูกต้อง,C,"In SaaS (Software as a Service), the provider manages and maintains the entire application, while the customer organization only controls how it's used and who has access.",ใน SaaS (Software as a Service) ผู้ให้บริการจัดการและดูแลรักษาแอปพลิเคชันทั้งหมด ในขณะที่องค์กรลูกค้าควบคุมเพียงวิธีการใช้งานและใครมีสิทธิ์เข้าถึง
79,4,Domain 4: Network Security,Which type of SLA allows customers to select different levels of service based on their requirements and budget?,SLA ประเภทใดที่ให้ลูกค้าเลือกระดับบริการที่แตกต่างกันตามความต้องการและงบประมาณของตน?,A. Customer SLA | B. Internal SLA | C. Multilevel SLA | D. Managed service provider SLA,A. Customer SLA | B. Internal SLA | C. Multilevel SLA | D. Managed service provider SLA,C,A multilevel SLA lets customers choose among different tiers of service based on their specific needs and budget.,Multilevel SLA ให้ลูกค้าเลือกระหว่างระดับบริการที่แตกต่างกันตามความต้องการและงบประมาณเฉพาะของตน
80,4,Domain 4: Network Security,What is the purpose of a managed service provider?,วัตถุประสงค์ของ managed service provider คืออะไร?,A. To provide security services to organizations | B. To monitor customers’ environment for issues and concerns | C. To provide business continuity solutions | D. All of these answers are correct.,A. เพื่อให้บริการความปลอดภัยแก่องค์กร | B. เพื่อเฝ้าติดตามสภาพแวดล้อมของลูกค้าเพื่อหาปัญหาและข้อกังวล | C. เพื่อให้โซลูชันความต่อเนื่องทางธุรกิจ | D. ถูกทุกข้อ,D,"A Managed Service Provider can offer security services, ongoing environment monitoring, and business continuity support - all of these are typical MSP functions.",Managed Service Provider สามารถให้บริการความปลอดภัย เฝ้าติดตามสภาพแวดล้อมอย่างต่อเนื่อง และสนับสนุนความต่อเนื่องทางธุรกิจ - ล้วนเป็นหน้าที่ทั่วไปของ MSP
81,5,Domain 5: Security Operations,What is data security?,ความปลอดภัยของข้อมูล (Data Security) คืออะไร?,"A. Protecting data from being not being altered or disclosed | B. The strategic use of encryption, authentication, and data handling | C. A synonym for information security | D. None of these answers are correct.",A. การปกป้องข้อมูลจากการไม่ถูกแก้ไขหรือเปิดเผย | B. การใช้กลยุทธ์ผสมผสานระหว่างการเข้ารหัส การยืนยันตัวตน และการจัดการข้อมูล | C. คำพ้องความหมายกับ Information Security | D. ไม่มีข้อใดถูกต้อง,B,"Data security is the strategic application of encryption, authentication, and proper data handling practices to protect information.",Data Security คือการประยุกต์ใช้กลยุทธ์การเข้ารหัส การยืนยันตัวตน (authentication) และแนวปฏิบัติการจัดการข้อมูลที่เหมาะสม เพื่อปกป้องข้อมูล ซึ่งมีความหมายเฉพาะเจาะจงกว่า Information Security ที่ครอบคลุมกว้างกว่านี้
82,5,Domain 5: Security Operations,What are the parts of a cryptographic algorithm?,องค์ประกอบของอัลกอริทึมการเข้ารหัส (Cryptographic Algorithm) คืออะไร?,"A. Fancy words, magic, numbers | B. Key, ciphertext, key generator | C. Coded text, random numbers, random number maker | D. Key, ciphertext, plaintext","A. คำสวยหรู เวทมนตร์ ตัวเลข | B. กุญแจ (key), ข้อความเข้ารหัส (ciphertext), ตัวสร้างกุญแจ (key generator) | C. ข้อความรหัส ตัวเลขสุ่ม เครื่องสร้างตัวเลขสุ่ม | D. กุญแจ ข้อความเข้ารหัส ข้อความต้นฉบับ (plaintext)",B,"A cryptographic algorithm's core components are the key, the resulting ciphertext, and the key generator that produces the key.",องค์ประกอบหลักของอัลกอริทึมการเข้ารหัสคือ กุญแจ (key) ข้อความเข้ารหัสที่ได้ (ciphertext) และตัวสร้างกุญแจ (key generator) ที่ผลิตกุญแจนั้นขึ้นมา
83,5,Domain 5: Security Operations,What is the difference between symmetric and asymmetric encryption?,ความแตกต่างระหว่าง Symmetric encryption และ Asymmetric encryption คืออะไร?,A. Symmetric encryption has different keys for encryption and decryption. | B. Asymmetric encryption has the same key for encryption and decryption. | C. The difference is the symmetry of the numbers used in the algorithms. | D. None of these answers are correct.,A. Symmetric encryption มีกุญแจต่างกันสำหรับเข้ารหัสและถอดรหัส | B. Asymmetric encryption มีกุญแจเดียวกันสำหรับเข้ารหัสและถอดรหัส | C. ความแตกต่างคือความสมมาตรของตัวเลขที่ใช้ในอัลกอริทึม | D. ไม่มีข้อใดถูกต้อง,D,"Symmetric encryption uses the same key for both encryption and decryption, while asymmetric encryption uses a different key for each (public/private key pair) - the listed options describing them backwards are both wrong.",Symmetric encryption ใช้กุญแจเดียวกันทั้งเข้ารหัสและถอดรหัส ส่วน Asymmetric encryption ใช้กุญแจต่างกันสำหรับแต่ละฟังก์ชัน (คู่กุญแจ public/private) ซึ่งตรงข้ามกับตัวเลือก A และ B ที่อธิบายผิด ดังนั้นไม่มีข้อใดถูกต้อง
84,5,Domain 5: Security Operations,"What are some types of cryptographic protocols, and what are they used for?",โปรโตคอลการเข้ารหัสมีประเภทใดบ้าง และใช้เพื่ออะไร?,A. AES-256; storage and transit | B. RSA and the Diffie-Helman Key Exchange; transit | C. TLS; transit | D. All of these answers are correct.,A. AES-256; การจัดเก็บและการส่งข้อมูล | B. RSA และ Diffie-Helman Key Exchange; การส่งข้อมูล | C. TLS; การส่งข้อมูล | D. ถูกทุกข้อ,D,AES-256 is used for encrypting data at rest and in transit; RSA and Diffie-Hellman handle key exchange; TLS secures data in transit - all are valid cryptographic protocols/algorithms used for different purposes.,AES-256 ใช้เข้ารหัสข้อมูลทั้งขณะจัดเก็บและขณะส่งผ่าน RSA และ Diffie-Hellman ใช้สำหรับการแลกเปลี่ยนกุญแจ (key exchange) และ TLS ใช้ปกป้องข้อมูลขณะส่งผ่าน ทั้งหมดล้วนเป็นโปรโตคอล/อัลกอริทึมการเข้ารหัสที่ใช้ในวัตถุประสงค์ต่างกัน
85,5,Domain 5: Security Operations,What are the two primary qualities of hashes?,คุณสมบัติหลักสองประการของ hash คืออะไร?,A. Can encrypt text in a pinch and cannot be hacked | B. Excellent for breakfast and for snacks | C. Irreversible but can be reverse-engineered | D. Can encrypt text in a pinch but don’t use random numbers,A. สามารถเข้ารหัสข้อความได้ในกรณีฉุกเฉินและไม่สามารถถูกแฮกได้ | B. เหมาะสำหรับมื้อเช้าและของว่าง | C. ไม่สามารถย้อนกลับได้ แต่สามารถถูกวิศวกรรมย้อนกลับได้ | D. สามารถเข้ารหัสข้อความได้ในกรณีฉุกเฉินแต่ไม่ใช้ตัวเลขสุ่ม,C,"Hash functions are designed to be irreversible (one-way), though certain weak hashes can sometimes be cracked via techniques like rainbow tables - hence 'irreversible but can be reverse-engineered' in practice.",ฟังก์ชันแฮชถูกออกแบบให้ไม่สามารถย้อนกลับได้ (one-way) แม้ว่าแฮชบางประเภทที่อ่อนแออาจถูกถอดรหัสได้ด้วยเทคนิคอย่าง rainbow table จึงอธิบายได้ว่า 'ไม่สามารถย้อนกลับได้ แต่สามารถถูกวิศวกรรมย้อนกลับได้' ในทางปฏิบัติ
86,5,Domain 5: Security Operations,What is non-repudiation?,Non-repudiation คืออะไร?,"A. A way to ensure that a person can’t deny having taken an action, such as a digital signature | B. A form of encryption | C. A pillar of the CIA triad that we just forgot about | D. A grammatical curiosity",A. วิธีการรับประกันว่าบุคคลไม่สามารถปฏิเสธการกระทำของตนได้ เช่น ลายเซ็นดิจิทัล | B. รูปแบบหนึ่งของการเข้ารหัส | C. เสาหลักหนึ่งของ CIA triad ที่เราลืมไป | D. ความประหลาดทางไวยากรณ์,A,"Non-repudiation ensures a person cannot later deny having performed an action, such as sending a message - digital signatures are a common mechanism for this.",Non-repudiation คือการรับประกันว่าบุคคลไม่สามารถปฏิเสธในภายหลังว่าตนไม่ได้กระทำการบางอย่าง เช่น การส่งข้อความ โดยลายเซ็นดิจิทัลเป็นกลไกที่ใช้บ่อยเพื่อรับประกันคุณสมบัตินี้
87,5,Domain 5: Security Operations,What is authentication?,Authentication คืออะไร?,"A. The practice of determining the accuracy of data before use | B. The process of checking identity before granting access | C. A method to ensure data integrity during transmission | D. There are various models, so all of the answers are correct",A. แนวปฏิบัติในการตรวจสอบความถูกต้องของข้อมูลก่อนใช้งาน | B. กระบวนการตรวจสอบตัวตนก่อนอนุญาตให้เข้าถึง | C. วิธีการรับประกันความถูกต้องของข้อมูลระหว่างการส่ง | D. มีหลายโมเดล ดังนั้นถูกทุกข้อ,B,Authentication is the process of verifying a user's claimed identity before granting them access to a system or resource.,Authentication คือกระบวนการตรวจสอบตัวตนที่ผู้ใช้อ้างสิทธิ์ ก่อนที่จะอนุญาตให้เข้าถึงระบบหรือทรัพยากร
88,5,Domain 5: Security Operations,"How many factors of authentication are there, and how many should be used at a minimum in a secure system configuration?",มีปัจจัยการยืนยันตัวตน (Authentication) กี่ประเภท และควรใช้ขั้นต่ำกี่ประเภทในระบบที่ปลอดภัย?,"A. Two; two | B. Five; any one will do, as these are stronger than passwords | C. Five; two | D. Four; three",A. สอง; สอง | B. ห้า; ใช้เพียงหนึ่งก็เพียงพอ เพราะแข็งแกร่งกว่ารหัสผ่านอยู่แล้ว | C. ห้า; สอง | D. สี่; สาม,C,"There are five recognized authentication factor categories (knowledge, possession, inherence, location, behavior), and best practice requires at least two of them for strong authentication (MFA).",มีปัจจัยการยืนยันตัวตนที่ได้รับการยอมรับ 5 ประเภท (ความรู้ การครอบครอง ลักษณะเฉพาะตัว ตำแหน่งที่ตั้ง พฤติกรรม) และแนวปฏิบัติที่ดีกำหนดให้ใช้อย่างน้อย 2 ประเภทร่วมกันเพื่อการยืนยันตัวตนที่แข็งแกร่ง (MFA)
89,5,Domain 5: Security Operations,Why is authentication so critical?,เหตุใด Authentication จึงมีความสำคัญอย่างยิ่ง?,"A. It ensures that only authorized users gain access. | B. It is a system’s first line of defense. | C. Without properly verifying identity, anyone could gain access to a system. | D. All of these answers are correct.",A. รับประกันว่ามีเพียงผู้ใช้ที่ได้รับอนุญาตเท่านั้นที่เข้าถึงได้ | B. เป็นแนวป้องกันด่านแรกของระบบ | C. หากไม่มีการยืนยันตัวตนที่เหมาะสม ใครก็สามารถเข้าถึงระบบได้ | D. ถูกทุกข้อ,D,"Authentication is critical because it's a system's first line of defense - without verifying identity, anyone could access resources meant to be restricted to authorized users.",Authentication สำคัญเพราะเป็นแนวป้องกันด่านแรกของระบบ หากไม่มีการยืนยันตัวตนที่ถูกต้อง ใครก็สามารถเข้าถึงทรัพยากรที่ควรจำกัดเฉพาะผู้ใช้ที่ได้รับอนุญาตเท่านั้น
90,5,Domain 5: Security Operations,What is not part of implementing a strong password policy?,ข้อใดไม่ใช่ส่วนหนึ่งของการนำนโยบายรหัสผ่านที่แข็งแกร่งมาใช้?,A. Monitoring for compromised passwords | B. Changing one number or character when it’s time to change passwords | C. Requiring longer passwords | D. Making users change their passwords every 15 days,A. การตรวจสอบรหัสผ่านที่ถูกบุกรุก | B. การเปลี่ยนตัวเลขหรืออักขระเพียงตัวเดียวเมื่อถึงเวลาเปลี่ยนรหัสผ่าน | C. การกำหนดให้ใช้รหัสผ่านที่ยาวขึ้น | D. การบังคับให้ผู้ใช้เปลี่ยนรหัสผ่านทุก 15 วัน,B,"A strong password policy avoids minor predictable tweaks (like changing just one character); it instead should emphasize length, monitoring for compromise, and reasonable rotation - not overly frequent forced changes.",นโยบายรหัสผ่านที่แข็งแกร่งควรหลีกเลี่ยงการเปลี่ยนแปลงเล็กน้อยที่คาดเดาได้ง่าย (เช่น เปลี่ยนแค่ตัวอักษรเดียว) และควรเน้นที่ความยาวของรหัสผ่าน การตรวจสอบการรั่วไหล และการเปลี่ยนรหัสผ่านตามความเหมาะสม ไม่ใช่บังคับเปลี่ยนบ่อยเกินไป
91,5,Domain 5: Security Operations,What are the four components of data handling?,องค์ประกอบสี่ประการของการจัดการข้อมูล (Data Handling) คืออะไร?,"A. Classification, labeling, retention, destruction | B. Classification, tagging, retention, destruction | C. Classification, labeling, destruction, disposal | D. Classification, retention, encryption, networking",A. การจัดประเภท การติดป้าย การเก็บรักษา การทำลาย | B. การจัดประเภท การแท็ก การเก็บรักษา การทำลาย | C. การจัดประเภท การติดป้าย การทำลาย การกำจัด | D. การจัดประเภท การเก็บรักษา การเข้ารหัส เครือข่าย,A,"Data handling consists of four key components: classification (categorizing sensitivity), labeling, retention, and destruction.",การจัดการข้อมูลประกอบด้วยองค์ประกอบหลัก 4 ประการ: การจัดประเภท (classification) ตามความอ่อนไหวของข้อมูล การติดป้าย (labeling) การเก็บรักษา (retention) และการทำลาย (destruction)
92,5,Domain 5: Security Operations,What is the correct way to implement data classification?,วิธีที่ถูกต้องในการนำการจัดประเภทข้อมูล (Data Classification) มาใช้คืออะไร?,"A. Implement classifications based on each organization’s needs and data inventory. | B. There are four categories one should always implement: Public, Confidential, Secret, and Top Secret. | C. The analyst should copy the categories of the company they most admire. | D. There are three categories one should always implement: Public, Confidential, and Secret.","A. นำการจัดประเภทมาใช้ตามความต้องการและคลังข้อมูลของแต่ละองค์กร | B. ควรใช้ 4 ประเภทเสมอ: Public, Confidential, Secret, Top Secret | C. นักวิเคราะห์ควรคัดลอกประเภทจากบริษัทที่ตนชื่นชอบ | D. ควรใช้ 3 ประเภทเสมอ: Public, Confidential, Secret",A,"Effective data classification should be tailored to each organization's specific needs and data inventory rather than following a rigid, universal category scheme.",การจัดประเภทข้อมูลที่มีประสิทธิภาพควรออกแบบให้เหมาะกับความต้องการและคลังข้อมูลเฉพาะของแต่ละองค์กร มากกว่าการยึดตามแบบแผนประเภทข้อมูลที่ตายตัว
93,5,Domain 5: Security Operations,What is the objective of data handling?,วัตถุประสงค์ของการจัดการข้อมูล (Data Handling) คืออะไร?,A. To conserve resources for the data that actually needs protection | B. To prevent unauthorized disclosures and leaks | C. To ensure that passwords are secure | D. To protect all the data,A. เพื่อประหยัดทรัพยากรสำหรับข้อมูลที่ต้องการการป้องกันจริง ๆ | B. เพื่อป้องกันการเปิดเผยและรั่วไหลโดยไม่ได้รับอนุญาต | C. เพื่อรับประกันว่ารหัสผ่านมีความปลอดภัย | D. เพื่อปกป้องข้อมูลทั้งหมด,A,"Data handling exists to focus protective resources on the data that actually needs them, rather than treating all data equally regardless of sensitivity.",การจัดการข้อมูลมีขึ้นเพื่อมุ่งทรัพยากรการป้องกันไปยังข้อมูลที่ต้องการจริง ๆ แทนที่จะปฏิบัติต่อข้อมูลทั้งหมดเท่าเทียมกันโดยไม่คำนึงถึงความอ่อนไหว
94,5,Domain 5: Security Operations,What is system hardening?,System hardening คืออะไร?,A. A process intended to eliminate a means of attack by patching vulnerabilities and turning off nonessential services | B. Getting a baseline in place | C. Blocking some ports and installing a few patches | D. The implementation of controls to prevent the unauthorized access to and disclosure of data,A. กระบวนการที่มุ่งขจัดช่องทางการโจมตีด้วยการแพตช์ช่องโหว่และปิดบริการที่ไม่จำเป็น | B. การจัดทำ baseline ให้พร้อมใช้งาน | C. การบล็อกพอร์ตบางส่วนและติดตั้งแพตช์บางตัว | D. การนำมาตรการควบคุมมาใช้เพื่อป้องกันการเข้าถึงและเปิดเผยข้อมูลโดยไม่ได้รับอนุญาต,A,"System hardening reduces attack surface by patching known vulnerabilities and disabling unnecessary services, eliminating potential means of attack.",System hardening ลดพื้นผิวการโจมตีด้วยการแพตช์ช่องโหว่ที่ทราบและปิดบริการที่ไม่จำเป็น เพื่อขจัดช่องทางที่อาจถูกใช้โจมตี
95,5,Domain 5: Security Operations,What is a baseline?,Baseline คืออะไร?,A. A framework such as NIST SP 800 | B. Technical and security specifications for implementing the system | C. A way to build a server | D. The idealized state at which security professionals strive to keep the system,A. กรอบการทำงาน เช่น NIST SP 800 | B. ข้อกำหนดทางเทคนิคและความปลอดภัยสำหรับการติดตั้งระบบ | C. วิธีการสร้างเซิร์ฟเวอร์ | D. สถานะในอุดมคติที่ผู้เชี่ยวชาญความปลอดภัยมุ่งรักษาระบบให้อยู่,B,A baseline defines the technical and security configuration specifications a system should be set up and maintained against.,Baseline กำหนดข้อกำหนดทางเทคนิคและความปลอดภัยของการตั้งค่าที่ระบบควรถูกติดตั้งและรักษาไว้ตาม
96,5,Domain 5: Security Operations,What is patch management?,Patch management คืออะไร?,A. A bandage for software | B. A form of risk management | C. The implementation of new systems when older ones reach the end of their lives | D. The implementation of vendor fixes to remediate vulnerabilities and software issues,A. พลาสเตอร์ปิดแผลสำหรับซอฟต์แวร์ | B. รูปแบบหนึ่งของการบริหารความเสี่ยง | C. การนำระบบใหม่มาใช้เมื่อระบบเก่าหมดอายุการใช้งาน | D. การนำการแก้ไขจากผู้จำหน่ายมาใช้เพื่อแก้ไขช่องโหว่และปัญหาซอฟต์แวร์,D,Patch management is the process of applying vendor-released fixes to remediate known vulnerabilities and software issues.,Patch management คือกระบวนการนำการแก้ไข (fixes) ที่ผู้จำหน่ายปล่อยออกมาใช้ เพื่อแก้ไขช่องโหว่และปัญหาซอฟต์แวร์ที่ทราบแล้ว
97,5,Domain 5: Security Operations,What are system updates and upgrades?,การอัปเดตและอัปเกรดระบบ (System updates and upgrades) คืออะไร?,A. Optimizing systems to run better and replacing them when the next version is available | B. A grander version of patches | C. Updates to specific vulnerabilities in a system | D. None of these answers are correct.,A. การปรับปรุงประสิทธิภาพระบบและเปลี่ยนเป็นเวอร์ชันใหม่เมื่อมีให้ใช้งาน | B. เวอร์ชันที่ใหญ่กว่าของแพตช์ | C. การอัปเดตช่องโหว่เฉพาะในระบบ | D. ไม่มีข้อใดถูกต้อง,A,"System updates and upgrades optimize performance and replace outdated systems with newer versions when available, going beyond just patching individual vulnerabilities.",การอัปเดตและอัปเกรดระบบช่วยปรับปรุงประสิทธิภาพและแทนที่ระบบเก่าด้วยเวอร์ชันใหม่เมื่อมีให้ใช้งาน ซึ่งกว้างกว่าการแพตช์ช่องโหว่เพียงจุดเดียว
98,5,Domain 5: Security Operations,What are logs?,Logs คืออะไร?,A. Implementation information for a system | B. A system to forward records | C. Records about the status of key components of an IT infrastructure | D. Application code,A. ข้อมูลการติดตั้งของระบบ | B. ระบบสำหรับส่งต่อบันทึก | C. บันทึกเกี่ยวกับสถานะขององค์ประกอบสำคัญของโครงสร้างพื้นฐาน IT | D. โค้ดของแอปพลิเคชัน,C,"Logs are records that capture the status, activity, and events of key IT infrastructure components over time.",Logs คือบันทึกที่เก็บสถานะ กิจกรรม และเหตุการณ์ขององค์ประกอบสำคัญของโครงสร้างพื้นฐาน IT ตลอดช่วงเวลา
99,5,Domain 5: Security Operations,Which of the following does an Acceptable Use Policy usually not cover?,ข้อใดที่นโยบาย Acceptable Use Policy มักไม่ครอบคลุม?,A. What sort of smartphone to buy for personal use | B. How to store documents | C. Whether USBs can be used and how | D. All the ways users might interact with technology,A. ควรซื้อสมาร์ทโฟนรุ่นใดสำหรับใช้งานส่วนตัว | B. วิธีจัดเก็บเอกสาร | C. การใช้ USB ได้หรือไม่และอย่างไร | D. วิธีที่ผู้ใช้อาจมีปฏิสัมพันธ์กับเทคโนโลยีทั้งหมด,A,"An Acceptable Use Policy governs how technology and company resources should be used (documents, USBs, general conduct) - it wouldn't typically dictate personal purchasing decisions like which smartphone to buy.",Acceptable Use Policy กำกับดูแลวิธีการใช้เทคโนโลยีและทรัพยากรของบริษัท (เอกสาร USB และพฤติกรรมทั่วไป) แต่โดยทั่วไปจะไม่กำหนดการตัดสินใจซื้อส่วนตัว เช่น สมาร์ทโฟนรุ่นใด
100,5,Domain 5: Security Operations,Which of the following does a bring your own device policy usually cover?,นโยบาย Bring Your Own Device มักครอบคลุมข้อใด?,A. How to use company-owned devices | B. Step-by-step instructions for setting up corporate email | C. What employees must to do to secure their personal devices | D. Which pictures employees shouldn’t delete,A. วิธีใช้อุปกรณ์ที่บริษัทเป็นเจ้าของ | B. ขั้นตอนตั้งค่าอีเมลของบริษัททีละขั้นตอน | C. สิ่งที่พนักงานต้องทำเพื่อรักษาความปลอดภัยอุปกรณ์ส่วนตัวของตน | D. รูปภาพใดที่พนักงานไม่ควรลบ,C,A BYOD (Bring Your Own Device) policy defines what employees must do to secure their personal devices when using them for work purposes.,นโยบาย BYOD (Bring Your Own Device) กำหนดสิ่งที่พนักงานต้องทำเพื่อรักษาความปลอดภัยอุปกรณ์ส่วนตัว เมื่อนำมาใช้เพื่อวัตถุประสงค์ในการทำงาน
101,5,Domain 5: Security Operations,Who is a privacy policy intended to be written for?,นโยบายความเป็นส่วนตัว (Privacy Policy) เขียนขึ้นเพื่อใคร?,A. The government | B. Customers | C. Employees | D. Lawyers,A. รัฐบาล | B. ลูกค้า | C. พนักงาน | D. ทนายความ,B,"A privacy policy is primarily written for customers, explaining how their personal data will be collected, used, and protected.",นโยบายความเป็นส่วนตัวเขียนขึ้นเป็นหลักสำหรับลูกค้า เพื่ออธิบายว่าข้อมูลส่วนบุคคลของพวกเขาจะถูกเก็บรวบรวม ใช้งาน และปกป้องอย่างไร
102,5,Domain 5: Security Operations,Which of the following is a privacy policy intended to cover?,นโยบายความเป็นส่วนตัวมีขึ้นเพื่อครอบคลุมข้อใด?,A. The company’s responsibilities to their customers. | B. Every aspect of how an organization will use its users’ data | C. Only the basics of privacy regulation compliance | D. Only how to request deletion of personal data,A. ความรับผิดชอบของบริษัทต่อลูกค้า | B. ทุกแง่มุมของวิธีที่องค์กรจะใช้ข้อมูลของผู้ใช้ | C. เพียงหลักการพื้นฐานของการปฏิบัติตามกฎระเบียบความเป็นส่วนตัว | D. เพียงวิธีการขอลบข้อมูลส่วนบุคคล,B,"A privacy policy should comprehensively cover every aspect of how an organization collects, uses, and manages its users' data - not just isolated pieces of it.",นโยบายความเป็นส่วนตัวควรครอบคลุมทุกแง่มุมของวิธีที่องค์กรเก็บรวบรวม ใช้ และจัดการข้อมูลของผู้ใช้อย่างครบถ้วน ไม่ใช่เพียงบางส่วน
103,5,Domain 5: Security Operations,Which of the following is the purpose of security awareness training?,ข้อใดคือวัตถุประสงค์ของการฝึกอบรมสร้างความตระหนักด้านความปลอดภัย (Security Awareness Training)?,A. Security compliance | B. Cybersecurity risk mitigation | C. User education | D. Phishing tests,A. การปฏิบัติตามข้อกำหนดด้านความปลอดภัย | B. การลดความเสี่ยงด้านความปลอดภัยไซเบอร์ | C. การให้ความรู้แก่ผู้ใช้ | D. การทดสอบฟิชชิง,C,Security awareness training's core purpose is user education - teaching employees to recognize and avoid security risks like phishing.,วัตถุประสงค์หลักของการฝึกอบรมสร้างความตระหนักด้านความปลอดภัยคือการให้ความรู้แก่ผู้ใช้ - สอนพนักงานให้รู้จักและหลีกเลี่ยงความเสี่ยงด้านความปลอดภัย เช่น ฟิชชิง
104,2,"Domain 2: Business Continuity, Disaster Recovery, and Incident Response",What is incident response?,Incident Response (การตอบสนองต่อเหตุการณ์) คืออะไร?,A. Helpdesk and customer service | B. Putting out corporate fires | C. Addressing anomalies and events in a timely fashion to minimize risk to the organization | D. Remediating technical issues that pose a threat to the organization,A. ฝ่ายช่วยเหลือและบริการลูกค้า | B. การดับไฟในองค์กร | C. การจัดการกับความผิดปกติและเหตุการณ์อย่างทันท่วงทีเพื่อลดความเสี่ยงต่อองค์กร | D. การแก้ไขปัญหาทางเทคนิคที่เป็นภัยคุกคามต่อองค์กร,C,Incident response means addressing security anomalies and events promptly to minimize the risk and impact to the organization.,Incident Response คือการจัดการความผิดปกติและเหตุการณ์ด้านความปลอดภัยอย่างทันท่วงที เพื่อลดความเสี่ยงและผลกระทบต่อองค์กร
105,2,"Domain 2: Business Continuity, Disaster Recovery, and Incident Response",What is an incident response plan?,แผนตอบสนองต่อเหตุการณ์ (Incident Response Plan) คืออะไร?,A. A document outlining how to respond to incidents | B. Technical specifications for incident containment | C. Another plan to seldom follow | D. Training for incident response team members,A. เอกสารที่ระบุขั้นตอนการตอบสนองต่อเหตุการณ์ | B. ข้อกำหนดทางเทคนิคสำหรับการควบคุมเหตุการณ์ | C. แผนอีกฉบับที่ไม่ค่อยมีใครทำตาม | D. การฝึกอบรมสำหรับสมาชิกทีมตอบสนองเหตุการณ์,A,An incident response plan is the formal document outlining the specific steps and procedures for responding to security incidents.,แผนตอบสนองต่อเหตุการณ์คือเอกสารทางการที่ระบุขั้นตอนและกระบวนการเฉพาะสำหรับการตอบสนองต่อเหตุการณ์ด้านความปลอดภัย
106,2,"Domain 2: Business Continuity, Disaster Recovery, and Incident Response",What are the six steps of incident response?,หกขั้นตอนของ Incident Response คืออะไร?,"A. Detection, prioritization, isolation, response, recovery, reflection | B. Monitoring, classification, containment, response, testing, reflection | C. Analysis, classification, containment, response, recovery, lessons | D. Detection, classification, containment, response, recovery, reflection","A. Detection, prioritization, isolation, response, recovery, reflection | B. Monitoring, classification, containment, response, testing, reflection | C. Analysis, classification, containment, response, recovery, lessons | D. Detection, classification, containment, response, recovery, reflection",D,"The six standard phases of incident response are: detection, classification, containment, response, recovery, and reflection (lessons learned).","หกขั้นตอนมาตรฐานของ Incident Response คือ: การตรวจจับ (detection), การจัดประเภท (classification), การควบคุม (containment), การตอบสนอง (response), การกู้คืน (recovery) และการทบทวน (reflection/lessons learned)"
107,2,"Domain 2: Business Continuity, Disaster Recovery, and Incident Response",How are incident response plans tested?,แผนตอบสนองต่อเหตุการณ์ถูกทดสอบอย่างไร?,A. Actually responding to an incident | B. Tabletop walkthroughs | C. Simulations | D. All of these answers are correct.,A. การตอบสนองต่อเหตุการณ์จริง | B. การประชุมจำลองสถานการณ์บนโต๊ะ (Tabletop walkthroughs) | C. การจำลองสถานการณ์ (Simulations) | D. ถูกทุกข้อ,D,"Incident response plans can be validated through live incident response, tabletop walkthroughs, and simulations - all are legitimate testing methods.",แผนตอบสนองต่อเหตุการณ์สามารถทดสอบได้หลายวิธี ทั้งการตอบสนองต่อเหตุการณ์จริง การประชุมจำลองบนโต๊ะ และการจำลองสถานการณ์ ล้วนเป็นวิธีทดสอบที่ถูกต้อง
108,2,"Domain 2: Business Continuity, Disaster Recovery, and Incident Response",What is business continuity?,Business Continuity (ความต่อเนื่องทางธุรกิจ) คืออะไร?,A. Another name for incident response | B. Plans and procedures for preparing systems for emergencies | C. A list of people to call in an emergency | D. Processes and procedures for the whole organization during emergencies,A. ชื่ออื่นของ Incident Response | B. แผนและขั้นตอนการเตรียมระบบสำหรับเหตุฉุกเฉิน | C. รายชื่อบุคคลที่ต้องติดต่อในกรณีฉุกเฉิน | D. กระบวนการและขั้นตอนสำหรับทั้งองค์กรในช่วงเหตุฉุกเฉิน,D,Business continuity encompasses the processes and procedures the whole organization follows to keep operating during and after an emergency.,Business Continuity ครอบคลุมกระบวนการและขั้นตอนที่ทั้งองค์กรต้องปฏิบัติตามเพื่อให้สามารถดำเนินงานต่อไปได้ในระหว่างและหลังเหตุฉุกเฉิน
109,2,"Domain 2: Business Continuity, Disaster Recovery, and Incident Response",What is the purpose of a business impact analysis?,วัตถุประสงค์ของ Business Impact Analysis คืออะไร?,"A. Determining which systems and data are critical | B. Conducting a secondary risk assessment | C. Judging the impact of the business continuity plan on the organization | D. Judging the risks to confidentiality, integrity, and availability if an emergency were to happen","A. ระบุว่าระบบและข้อมูลใดมีความสำคัญ | B. ทำการประเมินความเสี่ยงรอบที่สอง | C. ประเมินผลกระทบของแผนความต่อเนื่องทางธุรกิจต่อองค์กร | D. ประเมินความเสี่ยงต่อ confidentiality, integrity และ availability หากเกิดเหตุฉุกเฉิน",A,"A Business Impact Analysis (BIA) determines which systems and business functions are most critical, helping prioritize recovery efforts.",Business Impact Analysis (BIA) ใช้ระบุว่าระบบและฟังก์ชันทางธุรกิจใดสำคัญที่สุด เพื่อช่วยจัดลำดับความสำคัญในการกู้คืน
110,2,"Domain 2: Business Continuity, Disaster Recovery, and Incident Response",An RTO refers to which of the following?,RTO หมายถึงอะไร?,A. The amount of money required to recover from an incident | B. The latest time after an incident at which the system should be recovered and operational | C. The amount of time required to recover from an incident | D. The latest time after an incident at which the incident response plan should be completed,A. จำนวนเงินที่ต้องใช้ในการกู้คืนจากเหตุการณ์ | B. เวลาล่าสุดหลังเหตุการณ์ที่ระบบควรถูกกู้คืนและกลับมาใช้งานได้ | C. ระยะเวลาที่ใช้ในการกู้คืนจากเหตุการณ์ | D. เวลาล่าสุดหลังเหตุการณ์ที่แผนตอบสนองต่อเหตุการณ์ควรเสร็จสิ้น,B,RTO (Recovery Time Objective) is the maximum acceptable time after an incident by which a system must be restored and operational again.,RTO (Recovery Time Objective) คือระยะเวลาสูงสุดที่ยอมรับได้หลังเกิดเหตุการณ์ ซึ่งระบบต้องถูกกู้คืนและกลับมาทำงานได้
111,2,"Domain 2: Business Continuity, Disaster Recovery, and Incident Response",An RPO refers to which of the following?,RPO หมายถึงอะไร?,A. The most recent point before an incident to which the system can be recovered | B. The amount of data lost during recovery from an incident | C. The amount of time spent during recovery from an incident | D. The last point at which the database was online,A. จุดเวลาล่าสุดก่อนเหตุการณ์ที่ระบบสามารถกู้คืนได้ | B. ปริมาณข้อมูลที่สูญเสียระหว่างการกู้คืนจากเหตุการณ์ | C. ระยะเวลาที่ใช้ในการกู้คืน | D. จุดเวลาล่าสุดที่ฐานข้อมูลยังออนไลน์อยู่,A,"RPO (Recovery Point Objective) is the most recent point in time to which data must be recoverable, defining how much data loss is tolerable.",RPO (Recovery Point Objective) คือจุดเวลาล่าสุดที่ข้อมูลสามารถกู้คืนได้ ซึ่งกำหนดปริมาณข้อมูลสูญหายที่ยอมรับได้
112,2,"Domain 2: Business Continuity, Disaster Recovery, and Incident Response",What are the four types of backups?,การสำรองข้อมูล (Backup) มีกี่ประเภทหลัก?,"A. Full, differential, incremental, real-time | B. Full, real-time, cloud, differential | C. Full, mirror, replicative, incremental | D. Full, mirror, differential, incremental","A. Full, differential, incremental, real-time | B. Full, real-time, cloud, differential | C. Full, mirror, replicative, incremental | D. Full, mirror, differential, incremental",D,"The four standard backup types are full, mirror, differential, and incremental - each balancing storage space and recovery speed differently.","การสำรองข้อมูลมี 4 ประเภทหลัก: full (สำรองทั้งหมด), mirror (สำเนาเหมือนต้นฉบับ), differential (สำรองส่วนที่เปลี่ยนจาก full ล่าสุด) และ incremental (สำรองส่วนที่เปลี่ยนจากครั้งก่อนหน้า)"
113,2,"Domain 2: Business Continuity, Disaster Recovery, and Incident Response",What is disaster recovery?,Disaster Recovery คืออะไร?,A. Processes for storing backups and resuming business operations | B. Another name for incident response | C. Processes for handling and recovering from disasters | D. Practical plans for safeguarding systems and technology,A. กระบวนการสำรองข้อมูลและกลับมาดำเนินธุรกิจ | B. ชื่ออื่นของ Incident Response | C. กระบวนการจัดการและกู้คืนจากภัยพิบัติ | D. แผนปฏิบัติสำหรับปกป้องระบบและเทคโนโลยี,C,Disaster recovery specifically covers the processes for responding to and recovering from major disruptive events (disasters).,Disaster Recovery ครอบคลุมกระบวนการเฉพาะสำหรับการตอบสนองและกู้คืนจากเหตุการณ์ภัยพิบัติร้ายแรง
114,2,"Domain 2: Business Continuity, Disaster Recovery, and Incident Response",What are the three types of backup sites?,ไซต์สำรอง (Backup site) มีกี่ประเภทหลัก?,"A. Hot, tepid, chilly | B. Hot, warm, cold | C. Hot, lukewarm, cold | D. Boiling, hot, warm","A. Hot, tepid, chilly | B. Hot, warm, cold | C. Hot, lukewarm, cold | D. Boiling, hot, warm",B,"The three standard types of backup/recovery sites are hot (fully ready), warm (partially ready), and cold (minimal readiness).","ไซต์สำรองมี 3 ประเภทหลัก: hot site (พร้อมใช้งานทันที), warm site (พร้อมใช้งานบางส่วน) และ cold site (พร้อมใช้งานน้อยที่สุด)"
115,2,"Domain 2: Business Continuity, Disaster Recovery, and Incident Response",What is failover testing?,Failover testing คืออะไร?,A. Testing backup restoration | B. Switching over to alternate sites or redundant cloud setups | C. A disaster recovery plan test | D. All of these answers are correct.,A. การทดสอบการกู้คืนข้อมูลสำรอง | B. การสลับไปยังไซต์สำรองหรือระบบคลาวด์สำรอง | C. การทดสอบแผน Disaster Recovery | D. ถูกทุกข้อ,D,"Failover testing can include testing backup restoration, switching to alternate/redundant sites, and validating the disaster recovery plan itself - all are part of failover testing.",Failover testing ครอบคลุมการทดสอบการกู้คืนข้อมูลสำรอง การสลับไปยังไซต์สำรอง และการตรวจสอบแผน Disaster Recovery ทั้งหมดนี้ล้วนเป็นส่วนหนึ่งของการทดสอบ failover
116,2,"Domain 2: Business Continuity, Disaster Recovery, and Incident Response",For what purpose can governance documents be used?,เอกสารด้านการกำกับดูแล (Governance documents) ใช้เพื่อวัตถุประสงค์ใด?,"A. To fulfill the requirements of audits and vendor questionnaires | B. To meet the requirements of regulations and laws | C. To provide reference points during emergencies, staff changes, and training | D. All of these answers are correct.",A. เพื่อตอบสนองข้อกำหนดของการตรวจสอบและแบบสอบถามผู้ขาย | B. เพื่อให้เป็นไปตามข้อกำหนดของกฎระเบียบและกฎหมาย | C. เพื่อเป็นจุดอ้างอิงในสถานการณ์ฉุกเฉิน การเปลี่ยนพนักงาน และการฝึกอบรม | D. ถูกทุกข้อ,D,"Governance documents serve multiple purposes: satisfying audits and vendor questionnaires, meeting regulatory/legal requirements, and providing guidance during emergencies, staff turnover, and training.",เอกสารด้านการกำกับดูแลมีหลายวัตถุประสงค์ ทั้งการตอบสนองการตรวจสอบ การปฏิบัติตามกฎระเบียบ และเป็นจุดอ้างอิงในสถานการณ์ต่าง ๆ
117,2,"Domain 2: Business Continuity, Disaster Recovery, and Incident Response",What is the hierarchy of governance documents?,ลำดับชั้นของเอกสารด้านการกำกับดูแลเป็นอย่างไร?,"A. General statements, manuals, plans, guidelines | B. Policies, standards, procedures, plans | C. Policies, standards, procedures, guidelines | D. Policies, manuals, plans, regulations","A. General statements, manuals, plans, guidelines | B. Policies, standards, procedures, plans | C. Policies, standards, procedures, guidelines | D. Policies, manuals, plans, regulations",C,"The standard governance document hierarchy, from most to least formal, is: policies, standards, procedures, and guidelines.","ลำดับชั้นมาตรฐานของเอกสารด้านการกำกับดูแล เรียงจากเป็นทางการมากที่สุดไปน้อยที่สุด คือ: policies, standards, procedures และ guidelines"
118,2,"Domain 2: Business Continuity, Disaster Recovery, and Incident Response",What are the two primary sources of regulations in the cybersecurity industry?,แหล่งที่มาหลักสองแหล่งของกฎระเบียบในอุตสาหกรรมความปลอดภัยไซเบอร์คืออะไร?,A. Government agencies and industry groups | B. Legislatures and government agencies | C. International organizations and cybersecurity associations | D. Government agencies and international organizations,A. หน่วยงานภาครัฐและกลุ่มอุตสาหกรรม | B. ฝ่ายนิติบัญญัติและหน่วยงานภาครัฐ | C. องค์กรระหว่างประเทศและสมาคมความปลอดภัยไซเบอร์ | D. หน่วยงานภาครัฐและองค์กรระหว่างประเทศ,A,Cybersecurity regulations primarily originate from government agencies (laws) and industry groups (standards/frameworks).,กฎระเบียบด้านความปลอดภัยไซเบอร์ส่วนใหญ่มาจากหน่วยงานภาครัฐ (กฎหมาย) และกลุ่มอุตสาหกรรม (มาตรฐาน/กรอบการทำงาน)
119,2,"Domain 2: Business Continuity, Disaster Recovery, and Incident Response",Which of the following lists four laws and regulations that could apply to an organization?,ข้อใดต่อไปนี้ระบุกฎหมายและกฎระเบียบ 4 ฉบับที่อาจใช้กับองค์กรได้?,"A. HIPAA, SOX, PCI DSS, GDPR | B. HIPAA, SOC, CFAA, GDPR | C. PCI DSS, HiTRUST, FedRAMP, FCPA | D. PCI DSS, ISO 27001, SOX, HIPAA","A. HIPAA, SOX, PCI DSS, GDPR | B. HIPAA, SOC, CFAA, GDPR | C. PCI DSS, HiTRUST, FedRAMP, FCPA | D. PCI DSS, ISO 27001, SOX, HIPAA",A,"HIPAA (healthcare), SOX (financial reporting), PCI DSS (payment cards), and GDPR (EU data privacy) are all well-known regulations that could apply depending on an organization's industry and location.","HIPAA (สุขภาพ), SOX (การรายงานทางการเงิน), PCI DSS (บัตรชำระเงิน) และ GDPR (ความเป็นส่วนตัวข้อมูลสหภาพยุโรป) เป็นกฎระเบียบที่รู้จักกันดีซึ่งอาจใช้บังคับตามอุตสาหกรรมและที่ตั้งขององค์กร"
120,1,Domain 1: Security Principles,A cyberattacker changes the website of a pharmacy so it displays incorrect information about COVID testing. This is an example of what kind of compromise?,ผู้โจมตีทางไซเบอร์แก้ไขเว็บไซต์ของร้านขายยาให้แสดงข้อมูลที่ไม่ถูกต้องเกี่ยวกับการตรวจ COVID นี่เป็นตัวอย่างของการถูกบุกรุกประเภทใด?,A. Confidentiality | B. Integrity | C. Availability | D. Nonrepudiation,A. Confidentiality | B. Integrity | C. Availability | D. Nonrepudiation,B,Changing data without proper authorization is a compromise of integrity.,การเปลี่ยนแปลงข้อมูลโดยไม่ได้รับอนุญาตอย่างเหมาะสมเป็นการถูกบุกรุกด้าน Integrity
121,1,Domain 1: Security Principles,The function of a computer system that verifies the identity of a user is called _________.,ฟังก์ชันของระบบคอมพิวเตอร์ที่ตรวจสอบยืนยันตัวตนของผู้ใช้เรียกว่า _________.,A. Authentication | B. Authorization | C. Authenticity | D. Availability,A. Authentication | B. Authorization | C. Authenticity | D. Availability,A,Authentication is the function of verifying a user’s identity.,Authentication คือฟังก์ชันของการตรวจสอบยืนยันตัวตนของผู้ใช้
122,1,Domain 1: Security Principles,"Jane received an electronic message from Fred that was digitally signed proving it came from him. However, Fred said he never sent it. This is an example of what message integrity characteristic?",เจนได้รับข้อความอิเล็กทรอนิกส์จากเฟร็ดที่ลงลายเซ็นดิจิทัลซึ่งพิสูจน์ว่ามาจากเขา อย่างไรก็ตาม เฟร็ดบอกว่าเขาไม่เคยส่งข้อความนั้น นี่เป็นตัวอย่างของคุณสมบัติความถูกต้องครบถ้วนของข้อความ (Message integrity) ประเภทใด?,A. Nonreputation | B. Nonrefutability | C. Nonrepudiation | D. Authenticity,A. Nonreputation | B. Nonrefutability | C. Nonrepudiation | D. Authenticity,C,Nonrepudiation technologies are used to guarantee that a sender of a message cannot later deny that they sent the message.,เทคโนโลยี Nonrepudiation ถูกใช้เพื่อรับประกันว่าผู้ส่งข้อความไม่สามารถปฏิเสธในภายหลังว่าตนได้ส่งข้อความนั้น
123,1,Domain 1: Security Principles,Which of the following elements do not apply to privacy?,องค์ประกอบใดต่อไปนี้ไม่เกี่ยวข้องกับความเป็นส่วนตัว (Privacy)?,A. Confidentiality | B. Integrity | C. Availability | D. None of the above,A. Confidentiality | B. Integrity | C. Availability | D. ไม่มีข้อใดถูกต้อง,D,All of the items listed apply to privacy.,รายการทั้งหมดที่ระบุล้วนเกี่ยวข้องกับความเป็นส่วนตัว
124,1,Domain 1: Security Principles,Information assurance refers to the ____________ of information security.,Information assurance หมายถึง ____________ ของความปลอดภัยสารสนเทศ,A. Quality | B. Confidentiality | C. Ethics | D. Measurement,A. คุณภาพ | B. ความลับ | C. จริยธรรม | D. การวัดผล,D,Information assurance is the measurement of the security controls an organization has put into place.,Information assurance คือการวัดผลของการควบคุมความปลอดภัยที่องค์กรได้นำมาใช้
125,1,Domain 1: Security Principles,What is the first thing a cyberattacker would want to do to launch an attack against an organization?,สิ่งแรกที่ผู้โจมตีทางไซเบอร์ต้องการทำเพื่อเริ่มการโจมตีต่อองค์กรคืออะไร?,"A. Learn about the organization’s vulnerabilities. | B. Learn about the organization’s business, including domain names, corporate information, facilities, names of employees, etc. | C. Deploy malware. | D. Steal data.",A. เรียนรู้เกี่ยวกับช่องโหว่ขององค์กร | B. เรียนรู้เกี่ยวกับธุรกิจขององค์กร รวมถึงชื่อโดเมน ข้อมูลบริษัท สถานที่ ชื่อพนักงาน ฯลฯ | C. ติดตั้งมัลแวร์ | D. ขโมยข้อมูล,B,"While learning about vulnerabilities might seem like a good answer, the best answer is learning about the organization’s business details because that will provide the basic information the cyberattacker can use to launch the attack.",แม้การเรียนรู้เกี่ยวกับช่องโหว่จะดูเหมือนคำตอบที่ดี แต่คำตอบที่ดีที่สุดคือการเรียนรู้รายละเอียดธุรกิจขององค์กร เพราะจะให้ข้อมูลพื้นฐานที่ผู้โจมตีสามารถใช้เพื่อเริ่มการโจมตีได้
126,1,Domain 1: Security Principles,Which of the following statements is most correct?,ข้อความใดถูกต้องที่สุด?,A. Security should be done the same way regardless of the situation. | B. Security should be tailored based on the situation. | C. It’s always best to mitigate risks rather than transfer them. | D. Risk avoidance trumps security controls every time.,A. ความปลอดภัยควรทำในลักษณะเดียวกันโดยไม่คำนึงถึงสถานการณ์ | B. ความปลอดภัยควรปรับให้เหมาะสมตามสถานการณ์ | C. การลดความเสี่ยงดีกว่าการโอนความเสี่ยงเสมอ | D. การหลีกเลี่ยงความเสี่ยงสำคัญกว่าการควบคุมความปลอดภัยเสมอ,B,"Answers A, C, and D all contain absolute statements about applying security. But security is never absolute; it is tailored based on the situation and the organization’s tolerance for risk, so the best answer is B.","คำตอบ A, C และ D ล้วนมีข้อความสัมบูรณ์เกี่ยวกับการประยุกต์ใช้ความปลอดภัย แต่ความปลอดภัยไม่เคยเป็นสัมบูรณ์ มันถูกปรับให้เหมาะสมตามสถานการณ์และระดับความเสี่ยงที่องค์กรยอมรับได้ ดังนั้นคำตอบที่ดีที่สุดคือ B"
127,1,Domain 1: Security Principles,"You are asked to perform a risk assessment of an information system for the purpose of recommending the most appropriate security controls. You have a short amount of time to do this. You have information about how each asset in the system is used and its importance to the business, but you have no financial information about the assets or the information systems. Which is the most appropriate method to use for this assessment?",คุณถูกขอให้ทำการประเมินความเสี่ยงของระบบสารสนเทศเพื่อวัตถุประสงค์ในการแนะนำการควบคุมความปลอดภัยที่เหมาะสมที่สุด คุณมีเวลาสั้น ๆ ในการทำสิ่งนี้ คุณมีข้อมูลเกี่ยวกับวิธีที่แต่ละทรัพย์สินในระบบถูกใช้งานและความสำคัญต่อธุรกิจ แต่คุณไม่มีข้อมูลทางการเงินเกี่ยวกับทรัพย์สินหรือระบบสารสนเทศ วิธีใดเหมาะสมที่สุดสำหรับการประเมินนี้?,A. Qualitative | B. Threat modeling | C. Quantitative | D. Delphi,A. Qualitative | B. Threat modeling | C. Quantitative | D. Delphi,A,"Since you have no financial data, a quantitative assessment is not possible, but since you have information about how each asset in the system is used and its importance to the business, you have what you need to do a qualitative analysis.",เนื่องจากคุณไม่มีข้อมูลทางการเงิน การประเมินแบบ quantitative จึงเป็นไปไม่ได้ แต่เนื่องจากคุณมีข้อมูลเกี่ยวกับวิธีที่แต่ละทรัพย์สินถูกใช้งานและความสำคัญต่อธุรกิจ คุณจึงมีสิ่งที่จำเป็นสำหรับการวิเคราะห์แบบ qualitative
128,1,Domain 1: Security Principles,You are asked to implement a risk treatment in which your IT department is removing a server from the environment that it deems is too risky due to having too many vulnerabilities in it. You have just practiced which type of risk treatment?,คุณถูกขอให้นำการจัดการความเสี่ยง (Risk treatment) มาใช้ โดยฝ่าย IT ของคุณกำลังนำเซิร์ฟเวอร์ออกจากสภาพแวดล้อมเพราะเห็นว่ามีความเสี่ยงสูงเกินไปเนื่องจากมีช่องโหว่จำนวนมาก คุณเพิ่งปฏิบัติตามการจัดการความเสี่ยงประเภทใด?,A. Risk transfer | B. Risk avoidance | C. Risk acceptance | D. Risk mitigation,A. Risk transfer | B. Risk avoidance | C. Risk acceptance | D. Risk mitigation,C,"Risk avoidance is the best answer because by removing the risky server altogether, you are avoiding the risk. Answer D may have been considered because vulnerability mitigation is a type of risk treatment, but that usually involves addressing specific vulnerabilities, not removing entire systems or services.",Risk avoidance คือคำตอบที่ดีที่สุด เพราะการนำเซิร์ฟเวอร์ที่มีความเสี่ยงออกทั้งหมด คือการหลีกเลี่ยงความเสี่ยง คำตอบ D อาจถูกพิจารณาเพราะการลดช่องโหว่เป็นประเภทหนึ่งของการจัดการความเสี่ยง แต่โดยปกติเกี่ยวข้องกับการแก้ไขช่องโหว่เฉพาะ ไม่ใช่การนำระบบหรือบริการทั้งหมดออก
129,1,Domain 1: Security Principles,A security engineer is performing a review of an organization’s datacenter security controls. They document that the datacenter lacks security cameras for monitoring the facilities. What type of control does this represent?,วิศวกรความปลอดภัยกำลังทบทวนการควบคุมความปลอดภัยของศูนย์ข้อมูลขององค์กร พวกเขาบันทึกว่าศูนย์ข้อมูลขาดกล้องวงจรปิดสำหรับเฝ้าติดตามสถานที่ นี่แสดงถึงการควบคุมประเภทใด?,A. Administrative | B. Technical | C. Physical | D. Logical,A. Administrative | B. Technical | C. Physical | D. Logical,C,"Security cameras used for monitoring facilities are an example of physical security controls. Administrative controls are managementoriented controls such as documentation, policies, procedures, and training. Technical or logical controls are hardware or software components implemented by computer systems or network devices.",กล้องวงจรปิดที่ใช้เฝ้าติดตามสถานที่เป็นตัวอย่างของการควบคุมความปลอดภัยทางกายภาพ การควบคุมเชิงบริหารเป็นการควบคุมที่เน้นการจัดการ เช่น เอกสาร นโยบาย ขั้นตอน และการฝึกอบรม การควบคุมทางเทคนิคหรือทางตรรกะเป็นส่วนประกอบฮาร์ดแวร์หรือซอฟต์แวร์ที่นำไปใช้โดยระบบคอมพิวเตอร์หรืออุปกรณ์เครือข่าย
130,1,Domain 1: Security Principles,The senior security engineer is creating a document that provides stepby-step instructions on how to launch a vulnerability scan utilizing the organization’s vulnerability scanning tool that all security engineers will be required to follow. Which of the following governance elements is this an example of?,วิศวกรความปลอดภัยอาวุโสกำลังสร้างเอกสารที่ให้คำแนะนำทีละขั้นตอนเกี่ยวกับวิธีเปิดใช้การสแกนช่องโหว่โดยใช้เครื่องมือสแกนช่องโหว่ขององค์กร ซึ่งวิศวกรความปลอดภัยทุกคนจะต้องปฏิบัติตาม ข้อใดคือองค์ประกอบด้านการกำกับดูแล (Governance) ที่นี่เป็นตัวอย่าง?,A. Policy | B. Procedure | C. Guideline | D. Law,A. Policy | B. Procedure | C. Guideline | D. Law,B,"A document containing step-by-step instructions on how to perform a vulnerability scanning is an example of a procedure. Policies are high-level management statements providing directives to the organization but do not prescribe exact steps. Guidelines serve as best practice references but are not required to be followed. While following the procedure may be a requirement of the business, the proc",เอกสารที่มีคำแนะนำทีละขั้นตอนเกี่ยวกับวิธีการสแกนช่องโหว่เป็นตัวอย่างของ procedure นโยบาย (Policy) เป็นข้อความระดับบริหารระดับสูงที่ให้แนวทางแก่องค์กร แต่ไม่ได้กำหนดขั้นตอนที่แน่นอน แนวทาง (Guideline) ทำหน้าที่เป็นข้อมูลอ้างอิงแนวปฏิบัติที่ดี แต่ไม่จำเป็นต้องปฏิบัติตาม
131,1,Domain 1: Security Principles,An information security policy is an example of which of the following types of controls?,นโยบายความปลอดภัยสารสนเทศเป็นตัวอย่างของการควบคุมประเภทใด?,A. Administrative | B. Technical | C. Logical | D. Physical,A. Administrative | B. Technical | C. Logical | D. Physical,A,"A policy is an example of an administrative control. Administrative controls are management-oriented controls that provide directives and instruction aimed at people within the organization, such as documentation, training, and other personnel management practices. Technical controls, also known as logical controls, are hardware or software components that protect virtual resources. Physical contr",นโยบายเป็นตัวอย่างของการควบคุมเชิงบริหาร การควบคุมเชิงบริหารเป็นการควบคุมที่เน้นการจัดการซึ่งให้คำแนะนำและข้อบังคับต่อบุคคลภายในองค์กร เช่น เอกสาร การฝึกอบรม และแนวปฏิบัติการจัดการบุคลากรอื่น ๆ การควบคุมทางเทคนิค หรือที่เรียกว่าการควบคุมทางตรรกะ เป็นส่วนประกอบฮาร์ดแวร์หรือซอฟต์แวร์ที่ปกป้องทรัพยากรเสมือน
132,1,Domain 1: Security Principles,"Sarah is a security engineer for a Software as a Service (SaaS) organization. Her friend Kyle is a systems administrator for the organization and helped her get the job by serving as a reference. While reviewing some system logs, Sarah discovered that Kyle is running a crypto-mining program on a company server for his own financial gain. How should Sarah respond to this situation?",ซาร่าห์เป็นวิศวกรความปลอดภัยขององค์กร Software as a Service (SaaS) เพื่อนของเธอ ไคล์ เป็นผู้ดูแลระบบขององค์กรและช่วยให้เธอได้งานโดยเป็นผู้อ้างอิง ขณะที่ทบทวนบันทึกระบบ ซาร่าห์พบว่าไคล์กำลังรันโปรแกรมขุดคริปโตบนเซิร์ฟเวอร์ของบริษัทเพื่อประโยชน์ทางการเงินของตนเอง ซาร่าห์ควรตอบสนองต่อสถานการณ์นี้อย่างไร?,A. Ask Kyle to stop | B. Ask Kyle to share the profits with her | C. Mind her own business | D. Escalate to senior management,A. ขอให้ไคล์หยุด | B. ขอให้ไคล์แบ่งกำไรให้เธอ | C. ไม่ยุ่งเกี่ยวกับเรื่องนี้ | D. แจ้งไปยังผู้บริหารระดับสูง,D,"Sarah should immediately escalate this to senior leadership in accordance with the organization’s policies and procedures. This would be the ethical response to this situation. CHAPTER 2 Access Controls Concepts This chapter discusses the following topics: • Access control fundamentals • Logical access controls • Physical access controls In Chapter 1 we introduced the concept of security controls,",ซาร่าห์ควรแจ้งเรื่องนี้ไปยังผู้บริหารระดับสูงทันทีตามนโยบายและขั้นตอนขององค์กร นี่จะเป็นการตอบสนองที่ถูกต้องตามหลักจริยธรรมต่อสถานการณ์นี้
133,3,Domain 3: Access Controls Concepts,Jane is a security administrator setting up access for a new employee who works in the manufacturing department. Jane makes sure to enable the employee’s access for the manufacturing area but not for the parts storage area. What best describes the principle Jane is applying?,เจนเป็นผู้ดูแลระบบความปลอดภัยที่กำลังตั้งค่าการเข้าถึงให้กับพนักงานใหม่ที่ทำงานในฝ่ายผลิต เจนตรวจสอบให้แน่ใจว่าเปิดใช้งานการเข้าถึงพื้นที่ผลิตให้พนักงาน แต่ไม่เปิดให้เข้าถึงพื้นที่จัดเก็บชิ้นส่วน ข้อใดอธิบายหลักการที่เจนกำลังใช้ได้ดีที่สุด?,A. Principle of authentication | B. Two-person rule | C. Need to know | D. Least privilege,A. หลักการ Authentication | B. กฎ Two-person | C. Need to know | D. Least privilege,D,"Least privilege is the most correct answer. By giving the employee access to the area the employee requires access to but no more, Jane is applying the principle of least privilege.",Least privilege เป็นคำตอบที่ถูกต้องที่สุด โดยให้พนักงานเข้าถึงเฉพาะพื้นที่ที่จำเป็นแต่ไม่มากไปกว่านั้น เจนกำลังใช้หลักการ least privilege
134,3,Domain 3: Access Controls Concepts,"Which statement best describes the relationship between subjects, objects, and rules?","ข้อความใดอธิบายความสัมพันธ์ระหว่าง subjects, objects และ rules ได้ดีที่สุด?",A. A subject grants access to an object based on rules. | B. An object is granted access to a subject based on rules. | C. A subject is granted access to an object based on rules. | D. An object is granted access to a subject based on credentials.,A. Subject ให้สิทธิ์การเข้าถึงแก่ object ตามกฎ | B. Object ได้รับสิทธิ์การเข้าถึงจาก subject ตามกฎ | C. Subject ได้รับสิทธิ์การเข้าถึง object ตามกฎ | D. Object ได้รับสิทธิ์การเข้าถึงจาก subject ตามข้อมูลรับรอง,C,"After first requesting access, a subject gets access to an object based on rules.",หลังจากร้องขอการเข้าถึงก่อน subject จะได้รับสิทธิ์เข้าถึง object ตามกฎ
135,3,Domain 3: Access Controls Concepts,Joe has to log in to many systems on a daily basis and has too many passwords to remember. What is the best way for Joe to manage his passwords?,โจต้องล็อกอินเข้าระบบหลายระบบทุกวันและมีรหัสผ่านมากเกินไปที่จะจดจำ วิธีที่ดีที่สุดสำหรับโจในการจัดการรหัสผ่านคืออะไร?,A. Write the passwords down on a piece of paper. | B. Store the passwords in a text file and store it in a safe place. | C. Use the same password for every system so he only has to remember one password. | D. Use a password manager or password vault software.,A. จดรหัสผ่านลงในกระดาษ | B. จัดเก็บรหัสผ่านในไฟล์ข้อความและเก็บไว้ในที่ปลอดภัย | C. ใช้รหัสผ่านเดียวกันสำหรับทุกระบบเพื่อให้ต้องจำเพียงรหัสเดียว | D. ใช้ตัวจัดการรหัสผ่านหรือซอฟต์แวร์ password vault,D,The best answer is to use a password manager or password vault software to manage passwords. These products require credentials to log in and protect the passwords with encryption and good access control. None of the other answers provide a secure solution.,คำตอบที่ดีที่สุดคือการใช้ตัวจัดการรหัสผ่านหรือซอฟต์แวร์ password vault ผลิตภัณฑ์เหล่านี้ต้องการข้อมูลรับรองในการล็อกอินและปกป้องรหัสผ่านด้วยการเข้ารหัสและการควบคุมการเข้าถึงที่ดี
136,3,Domain 3: Access Controls Concepts,"Debby has been an employee of Acme Corp. for over 20 years. During that time, she has been able to access more and more systems. Now she has access to systems she doesn’t even need access to in order to do her job. This is an example of what type of situation?",เด็บบี้เป็นพนักงานของ Acme Corp. มากว่า 20 ปี ในช่วงเวลานั้น เธอสามารถเข้าถึงระบบได้มากขึ้นเรื่อย ๆ ตอนนี้เธอมีสิทธิ์เข้าถึงระบบที่เธอไม่จำเป็นต้องใช้เพื่อทำงานด้วยซ้ำ นี่เป็นตัวอย่างของสถานการณ์ประเภทใด?,A. Privilege modification | B. Access management | C. Privileged access management | D. Privilege creep,A. การปรับเปลี่ยนสิทธิ์ | B. การจัดการการเข้าถึง | C. Privileged access management | D. Privilege creep,D,"The situation described is an example of privilege creep, where over time a person’s access increases beyond that which they require to do their job.",สถานการณ์ที่อธิบายเป็นตัวอย่างของ privilege creep ซึ่งเมื่อเวลาผ่านไป การเข้าถึงของบุคคลเพิ่มขึ้นเกินกว่าที่จำเป็นต่อการทำงาน
137,3,Domain 3: Access Controls Concepts,The identity and access management lifecycle consists of which steps?,วงจรชีวิตของการบริหารจัดการตัวตนและการเข้าถึง (Identity and access management lifecycle) ประกอบด้วยขั้นตอนใด?,"A. Provisioning, review, revocation | B. Setup, review, auditing | C. Creation, monitoring, termination | D. Identification, authentication, authorization","A. Provisioning, review, revocation | B. Setup, review, auditing | C. Creation, monitoring, termination | D. Identification, authentication, authorization",A,"The identity and access management lifecycle consists of provisioning, review, and revocation steps.","วงจรชีวิตของการบริหารจัดการตัวตนและการเข้าถึงประกอบด้วยขั้นตอน provisioning, review และ revocation"
138,3,Domain 3: Access Controls Concepts,"Which of the following access control models leverages roles to provision access, where users with similar access needs are assigned to the same role?",โมเดลควบคุมการเข้าถึงใดที่ใช้บทบาทเพื่อจัดสรรการเข้าถึง โดยผู้ใช้ที่มีความต้องการการเข้าถึงคล้ายกันจะถูกกำหนดให้อยู่ในบทบาทเดียวกัน?,A. DAC | B. MAC | C. RBAC | D. None of the above,A. DAC | B. MAC | C. RBAC | D. ไม่มีข้อใดถูกต้อง,C,"Role-based access control (RBAC) enforces access based on roles that define permissions and the level of access provided to any user assigned to that role. Roles are typically developed for similar users with the same access needs (e.g., HR, Sales, IT, Security).","Role-based access control (RBAC) บังคับใช้การเข้าถึงตามบทบาทที่กำหนดสิทธิ์และระดับการเข้าถึงให้กับผู้ใช้ที่ได้รับมอบหมายบทบาทนั้น บทบาทมักถูกพัฒนาขึ้นสำหรับผู้ใช้ที่คล้ายกันที่มีความต้องการการเข้าถึงเดียวกัน (เช่น HR, Sales, IT, Security)"
139,3,Domain 3: Access Controls Concepts,An organization is concerned about the risk of a car driving from the parking lot through the entrance of the building. Which of the following security measures would best help address this concern?,องค์กรกังวลเกี่ยวกับความเสี่ยงที่รถยนต์จะขับจากลานจอดรถผ่านทางเข้าอาคาร มาตรการความปลอดภัยใดต่อไปนี้จะช่วยแก้ไขข้อกังวลนี้ได้ดีที่สุด?,A. Biometrics | B. RBAC | C. Badge system | D. Bollards,A. ไบโอเมตริกซ์ | B. RBAC | C. ระบบบัตรผ่าน | D. Bollards,D,Bollards are pillars or spheres made out of hard material used to prevent vehicles from driving through entrances. Biometrics and badge systems are measures to implement physical access control but would not prevent a car from driving through the entrance. RBAC is an access control model.,Bollards คือเสาหรือทรงกลมที่ทำจากวัสดุแข็งใช้เพื่อป้องกันไม่ให้ยานพาหนะขับผ่านทางเข้า ไบโอเมตริกซ์และระบบบัตรผ่านเป็นมาตรการควบคุมการเข้าถึงทางกายภาพแต่จะไม่ป้องกันรถยนต์ไม่ให้ขับผ่านทางเข้าได้ RBAC เป็นโมเดลควบคุมการเข้าถึง
140,3,Domain 3: Access Controls Concepts,"The security team is reviewing the configuration of the door that serves as the only entrance or exit to the datacenter. Organization personnel commonly access the datacenter to perform their work. In the event of a fire that impacts power to the door-locking mechanism, which of the following configurations is best?",ทีมความปลอดภัยกำลังทบทวนการตั้งค่าของประตูที่เป็นทางเข้า-ออกเดียวของศูนย์ข้อมูล บุคลากรขององค์กรมักเข้าถึงศูนย์ข้อมูลเพื่อปฏิบัติงาน ในกรณีเกิดไฟไหม้ที่ส่งผลกระทบต่อไฟฟ้าของกลไกล็อกประตู การตั้งค่าใดต่อไปนี้ดีที่สุด?,A. The door should always remain locked. | B. The door should fail-secure. | C. The door should fail-open. | D. The door should automatically lock when there is no power.,A. ประตูควรล็อกอยู่ตลอดเวลา | B. ประตูควรเป็นแบบ fail-secure | C. ประตูควรเป็นแบบ fail-open | D. ประตูควรล็อกอัตโนมัติเมื่อไม่มีไฟฟ้า,C,"The door should fail-open (also known as fail-safe). While this is a less secure option, it ensures the preservation of human life, which is the number-one priority.",ประตูควรเป็นแบบ fail-open (หรือเรียกว่า fail-safe) แม้ตัวเลือกนี้จะปลอดภัยน้อยกว่า แต่รับประกันการรักษาชีวิตมนุษย์ซึ่งเป็นสิ่งสำคัญอันดับหนึ่ง
141,3,Domain 3: Access Controls Concepts,The security team of an organization is concerned about the physical security of datacenter access. They want the datacenter entrance built in such a way that there are two doors with locks and the first door must close before the next door can be unlocked. Which of the following is this an example of?,ทีมความปลอดภัยขององค์กรกังวลเกี่ยวกับความปลอดภัยทางกายภาพของการเข้าถึงศูนย์ข้อมูล พวกเขาต้องการให้ทางเข้าศูนย์ข้อมูลถูกสร้างในลักษณะที่มีประตูล็อกสองบาน โดยประตูแรกต้องปิดก่อนที่ประตูถัดไปจะสามารถปลดล็อกได้ ข้อใดเป็นตัวอย่างของสิ่งนี้?,A. Bollard | B. Mantrap | C. Fence | D. Biometric lock,A. Bollard | B. Mantrap | C. Fence | D. Biometric lock,B,A mantrap is an area that has two doors built in such a way that the first door must be closed before the second door can be opened.,Mantrap คือพื้นที่ที่มีประตูสองบานสร้างในลักษณะที่ประตูแรกต้องปิดก่อนที่ประตูที่สองจะสามารถเปิดได้
142,3,Domain 3: Access Controls Concepts,Which of the following access control models allows the creator of a resource the ability to assign permissions to other users?,โมเดลควบคุมการเข้าถึงใดที่ให้ผู้สร้างทรัพยากรมีความสามารถในการมอบสิทธิ์ให้ผู้ใช้อื่นได้?,A. DAC | B. MAC | C. RBAC | D. None of the above,A. DAC | B. MAC | C. RBAC | D. ไม่มีข้อใดถูกต้อง,A,"Discretionary access control (DAC) provides the owner of the resource, typically the creator, full control to configure which users can access the resource.",Discretionary access control (DAC) ให้เจ้าของทรัพยากร ซึ่งโดยปกติคือผู้สร้าง มีอำนาจควบคุมเต็มที่ในการกำหนดว่าผู้ใช้ใดสามารถเข้าถึงทรัพยากรได้บ้าง
143,3,Domain 3: Access Controls Concepts,__________________ is a method of attack where a hacker enters SQL commands into fields on a vulnerable web page. The commands are executed without proper authorization.,__________________ คือวิธีการโจมตีที่แฮกเกอร์ป้อนคำสั่ง SQL ลงในช่องข้อมูลบนหน้าเว็บที่มีช่องโหว่ คำสั่งเหล่านี้จะถูกดำเนินการโดยไม่มีการอนุญาตที่เหมาะสม,A. Buffer overflow | B. SQL injection | C. HTTP response splitting | D. Backdoor,A. Buffer overflow | B. SQL injection | C. HTTP response splitting | D. Backdoor,B,"If a web server does not properly validate user input, an attacker can insert SQL commands into a field, which get executed by the database without proper authorization - this is called a SQL injection attack.",หากเว็บเซิร์ฟเวอร์ไม่ตรวจสอบข้อมูลที่ผู้ใช้ป้อนอย่างเหมาะสม ผู้โจมตีสามารถแทรกคำสั่ง SQL ลงในช่องข้อมูล ซึ่งจะถูกดำเนินการโดยฐานข้อมูลโดยไม่มีการอนุญาตที่เหมาะสม เรียกว่าการโจมตีแบบ SQL injection
144,3,Domain 3: Access Controls Concepts,Mary is a network engineer who wants to install a firewall in front of a database server to hide its IP address. What type of firewall should Mary choose?,แมรี่เป็นวิศวกรเครือข่ายที่ต้องการติดตั้งไฟร์วอลล์หน้าเซิร์ฟเวอร์ฐานข้อมูลเพื่อซ่อน IP address ของมัน แมรี่ควรเลือกไฟร์วอลล์ประเภทใด?,A. Proxy | B. Packet filter | C. Stateful/dynamic packet filter | D. Database filter,A. Proxy | B. Packet filter | C. Stateful/dynamic packet filter | D. Database filter,A,"A proxy firewall acts as an intermediary between clients and the database server, masking the server's real IP address from external requesters - unlike packet filtering firewalls, which simply inspect and forward traffic without hiding the origin.",ไฟร์วอลล์แบบ proxy ทำหน้าที่เป็นตัวกลางระหว่างไคลเอนต์กับเซิร์ฟเวอร์ฐานข้อมูล ซ่อน IP address จริงของเซิร์ฟเวอร์จากผู้ร้องขอภายนอก ต่างจากไฟร์วอลล์แบบ packet filtering ซึ่งเพียงตรวจสอบและส่งต่อทราฟฟิกโดยไม่ซ่อนแหล่งที่มา
145,3,Domain 3: Access Controls Concepts,"An organization is using a cloud service provider to host their infrastructure. The cloud service provider manages the underlying infrastructure, and the organization manages the platforms and software (such as the OS, development tools, and applications). Which of the following cloud service models is being utilized?",องค์กรใช้ผู้ให้บริการคลาวด์เพื่อโฮสต์โครงสร้างพื้นฐานของตน ผู้ให้บริการคลาวด์จัดการโครงสร้างพื้นฐานพื้นฐาน ในขณะที่องค์กรจัดการแพลตฟอร์มและซอฟต์แวร์ (เช่น OS เครื่องมือพัฒนา และแอปพลิเคชัน) โมเดลบริการคลาวด์ใดที่กำลังถูกใช้งาน?,A. IaaS | B. PaaS | C. SaaS | D. On-premises,A. IaaS | B. PaaS | C. SaaS | D. On-premises,A,"In IaaS (Infrastructure as a Service), the cloud provider manages the underlying physical infrastructure, while the customer manages platforms and software such as the OS, development tools, and applications running on it.",ใน IaaS (Infrastructure as a Service) ผู้ให้บริการคลาวด์จัดการโครงสร้างพื้นฐานทางกายภาพ ในขณะที่ลูกค้าจัดการแพลตฟอร์มและซอฟต์แวร์ เช่น OS เครื่องมือพัฒนา และแอปพลิเคชันที่รันอยู่บนนั้น
146,4,Domain 4: Network Security,Which of the following is referred to as a physical address in computer networking?,ข้อใดต่อไปนี้ถูกเรียกว่า physical address ในระบบเครือข่ายคอมพิวเตอร์?,A. IPv4 address | B. IPv6 address | C. MAC address | D. Loopback address,A. IPv4 address | B. IPv6 address | C. MAC address | D. Loopback address,C,Media access control (MAC) addresses are often referred to as a physical address or hardware address since they are assigned to the device’s physical hardware. Internet Protocol (IP) addresses are known as logical addresses. A loopback address is a special type of IP address.,Media access control (MAC) address มักถูกเรียกว่า physical address หรือ hardware address เนื่องจากถูกกำหนดให้กับฮาร์ดแวร์ทางกายภาพของอุปกรณ์ ในขณะที่ IP address รู้จักกันในชื่อ logical address
147,4,Domain 4: Network Security,How many layers are there in the OSI model?,โมเดล OSI มีกี่เลเยอร์?,A. 8 | B. 7 | C. 6 | D. 5,A. 8 | B. 7 | C. 6 | D. 5,B,"There are seven layers in the OSI model. These Include Application, Presentation, Session, Transport, Network, Data, and Physical.","โมเดล OSI มี 7 เลเยอร์ ได้แก่ Application, Presentation, Session, Transport, Network, Data และ Physical"
148,4,Domain 4: Network Security,Which of the following terms best describes a computer that provides content to other computers such as a website or an application?,คำใดต่อไปนี้อธิบายคอมพิวเตอร์ที่ให้เนื้อหาแก่คอมพิวเตอร์อื่น เช่น เว็บไซต์หรือแอปพลิเคชันได้ดีที่สุด?,A. Client | B. Server | C. Endpoint | D. Router,A. Client | B. Server | C. Endpoint | D. Router,B,"Server is a term that describes a computer that serves content or provides a service to another computer on a network. A client is a computer that accesses or uses the content or service provided by the server. An endpoint is a computing device on a network, which could include a server but is not the best answer. A router is a network device that routes traffic on a network.",Server คือคำที่อธิบายคอมพิวเตอร์ที่ให้เนื้อหาหรือบริการแก่คอมพิวเตอร์อื่นบนเครือข่าย Client คือคอมพิวเตอร์ที่เข้าถึงหรือใช้เนื้อหาหรือบริการที่ server จัดหาให้
149,4,Domain 4: Network Security,What is the name of the seventh layer of the OSI model?,ชื่อของเลเยอร์ที่เจ็ดของโมเดล OSI คืออะไร?,A. Application | B. Session | C. Presentation | D. Network,A. Application | B. Session | C. Presentation | D. Network,A,"The Application Layer is Layer 7 (the uppermost layer) of the OSI model. The order of the layers from top (Layer 7) to bottom (Layer 1) are Application, Presentation, Session, Transport, Network, Data Link, and Physical.","Application Layer คือ Layer 7 (เลเยอร์บนสุด) ของโมเดล OSI ลำดับเลเยอร์จากบน (Layer 7) ถึงล่าง (Layer 1) คือ Application, Presentation, Session, Transport, Network, Data Link และ Physical"
150,4,Domain 4: Network Security,Which of the following attacks are most likely to be carried out by a botnet?,การโจมตีใดต่อไปนี้มีแนวโน้มที่จะถูกดำเนินการโดย botnet มากที่สุด?,A. Advanced persistent threat attack | B. DDoS attack | C. Trojan horse attack | D. Backdoor attack,A. การโจมตีแบบ Advanced persistent threat | B. การโจมตีแบบ DDoS | C. การโจมตีแบบ Trojan horse | D. การโจมตีแบบ Backdoor,B,"A botnet is a group of computers under the control of an attacker, most often for a coordinated attacker such as a DDoS attack. Advanced persistent threat and backdoors are not specific types of attacks, but rather features of attacks. A trojan horse is a type of attack but unlikely to be carried out by a botnet.",Botnet คือกลุ่มคอมพิวเตอร์ที่อยู่ภายใต้การควบคุมของผู้โจมตี มักใช้เพื่อการโจมตีที่ประสานงานกัน เช่น DDoS Advanced persistent threat และ backdoor ไม่ใช่ประเภทการโจมตีเฉพาะ แต่เป็นคุณลักษณะของการโจมตี
151,4,Domain 4: Network Security,What is the best description of the difference between a phishing email and a spear phishing e-mail?,คำอธิบายที่ดีที่สุดถึงความแตกต่างระหว่างอีเมล phishing และอีเมล spear phishing คืออะไร?,A. A phishing e-mail is sent to a specific person; a spear phishing email is sent to an entire company. | B. A phishing e-mail is sent to random recipients; a spear phishing email is sent to specific recipients. | C. A phishing e-mail is sent to an entire company; a spear phishing email is sent to a specific person. | D. A spear phishing e-mail is sent to random recipients; a phishing email is sent to specific recipients.,A. อีเมล phishing ถูกส่งไปยังบุคคลเฉพาะ; อีเมล spear phishing ถูกส่งไปยังทั้งบริษัท | B. อีเมล phishing ถูกส่งไปยังผู้รับแบบสุ่ม; อีเมล spear phishing ถูกส่งไปยังผู้รับเฉพาะ | C. อีเมล phishing ถูกส่งไปยังทั้งบริษัท; อีเมล spear phishing ถูกส่งไปยังบุคคลเฉพาะ | D. อีเมล spear phishing ถูกส่งไปยังผู้รับแบบสุ่ม; อีเมล phishing ถูกส่งไปยังผู้รับเฉพาะ,B,"A phishing e-mail is sent to random recipients; a spear phishing email is sent to specific recipients. A phishing e-mail is literally like going fishing - you cast a wide net randomly and you see what you get. Conversely spear phishing is literally like spearfishing - you have a specific target in mind, and you shoot the spear directly at it. A spear phishing e-mail is sent to a specific person or spe",อีเมล phishing ถูกส่งไปยังผู้รับแบบสุ่ม เปรียบเสมือนการตกปลาแบบกว้าง ๆ ในขณะที่ spear phishing เป็นการมุ่งเป้าหมายเฉพาะเจาะจงเหมือนการแทงหอกไปยังเป้าหมายที่กำหนดไว้แล้ว
152,4,Domain 4: Network Security,Which of the following is not a true statement about a worm?,ข้อความใดต่อไปนี้ไม่เป็นความจริงเกี่ยวกับ worm?,A. It can replicate itself. | B. It is a type of malware. | C. It is a type of botnet. | D. It does not require a host program to infect and deliver it to the victim system.,A. สามารถแพร่กระจายตัวเองได้ | B. เป็นมัลแวร์ประเภทหนึ่ง | C. เป็นประเภทหนึ่งของ botnet | D. ไม่ต้องการโปรแกรมโฮสต์เพื่อติดเชื้อและส่งไปยังระบบเหยื่อ,C,"A worm is not a type of botnet. A worm can replicate itself and is a type of malware, but since it isn’t a virus, it does not require a host program to infect and serve as the delivery mechanism.",Worm ไม่ใช่ประเภทหนึ่งของ botnet Worm สามารถแพร่กระจายตัวเองได้และเป็นมัลแวร์ประเภทหนึ่ง แต่เนื่องจากไม่ใช่ไวรัส จึงไม่ต้องการโปรแกรมโฮสต์เพื่อติดเชื้อและเป็นกลไกในการส่ง
153,4,Domain 4: Network Security,What is the primary difference between an IDS and an IPS?,ความแตกต่างหลักระหว่าง IDS และ IPS คืออะไร?,"A. They both do the same thing. | B. An IDS detects malicious activity, whereas an IPS prevents the activity from happening in the first place. | C. An IDS detects malicious activity, whereas an IPS monitors system performance. | D. An IDS detects malicious activity, whereas an IPS detects malicious activity and takes action on it.",A. ทั้งสองทำสิ่งเดียวกัน | B. IDS ตรวจจับกิจกรรมที่เป็นอันตราย ในขณะที่ IPS ป้องกันไม่ให้กิจกรรมนั้นเกิดขึ้นตั้งแต่แรก | C. IDS ตรวจจับกิจกรรมที่เป็นอันตราย ในขณะที่ IPS เฝ้าติดตามประสิทธิภาพของระบบ | D. IDS ตรวจจับกิจกรรมที่เป็นอันตราย ในขณะที่ IPS ตรวจจับกิจกรรมที่เป็นอันตรายและดำเนินการกับมัน,D,"An IDS, which stands for intrusion detection system, detects malicious activity, whereas an IPS, which stands for intrusion prevention system, detects malicious activity and takes action on it.",IDS ซึ่งย่อมาจาก intrusion detection system ตรวจจับกิจกรรมที่เป็นอันตราย ในขณะที่ IPS ซึ่งย่อมาจาก intrusion prevention system ตรวจจับกิจกรรมที่เป็นอันตรายและดำเนินการกับมัน
154,4,Domain 4: Network Security,Joe is a cyber criminal who has targeted a web server for a potential cyberattack. Joe wants to know if the server has any unpatched vulnerabilities he might be able to exploit. Which of the following actions is Joe most likely to take?,โจเป็นอาชญากรไซเบอร์ที่กำหนดเป้าหมายเว็บเซิร์ฟเวอร์สำหรับการโจมตีทางไซเบอร์ที่อาจเกิดขึ้น โจต้องการทราบว่าเซิร์ฟเวอร์มีช่องโหว่ที่ยังไม่ได้แพตช์ซึ่งเขาอาจใช้ประโยชน์ได้หรือไม่ ข้อใดต่อไปนี้เป็นการกระทำที่โจน่าจะทำมากที่สุด?,A. Launch a smurf attack against the target server. | B. Run a vulnerability scan against the target server. | C. Send a phishing e-mail to the target server. | D. Send a spear phishing e-mail to the target server.,A. เปิดการโจมตีแบบ smurf กับเซิร์ฟเวอร์เป้าหมาย | B. รันการสแกนช่องโหว่กับเซิร์ฟเวอร์เป้าหมาย | C. ส่งอีเมล phishing ไปยังเซิร์ฟเวอร์เป้าหมาย | D. ส่งอีเมล spear phishing ไปยังเซิร์ฟเวอร์เป้าหมาย,B,"The answer is to run a vulnerability scan, as that is the only one of the choices that will reveal vulnerabilities on the server.",คำตอบคือการรันการสแกนช่องโหว่ เนื่องจากเป็นตัวเลือกเดียวที่จะเปิดเผยช่องโหว่บนเซิร์ฟเวอร์
155,4,Domain 4: Network Security,Most cyber criminals would agree that _________________ are the weakest link in cybersecurity.,อาชญากรไซเบอร์ส่วนใหญ่จะเห็นด้วยว่า _________________ คือจุดอ่อนที่สุดในความปลอดภัยไซเบอร์,A. Passwords | B. Backdoors | C. Laws | D. People,A. รหัสผ่าน | B. Backdoors | C. กฎหมาย | D. ผู้คน,D,"It is widely acknowledged that people are the weakest link in cybersecurity. Despite extensive progress in technical tools and controls, deliberate or accidental acts by people lead to the largest number of and most damaging security breaches.",เป็นที่ยอมรับกันอย่างกว้างขวางว่าผู้คนคือจุดอ่อนที่สุดในความปลอดภัยไซเบอร์ แม้จะมีความก้าวหน้าอย่างมากในเครื่องมือและการควบคุมทางเทคนิค แต่การกระทำโดยเจตนาหรือโดยบังเอิญของผู้คนนำไปสู่การละเมิดความปลอดภัยที่มากที่สุดและสร้างความเสียหายมากที่สุด
156,4,Domain 4: Network Security,"A hacker uses a phishing attack to obtain a user’s credentials, access their company’s database, and steal proprietary information. This is an example of _______________.",แฮกเกอร์ใช้การโจมตีแบบ phishing เพื่อได้ข้อมูลรับรองของผู้ใช้ เข้าถึงฐานข้อมูลของบริษัท และขโมยข้อมูลที่เป็นกรรมสิทธิ์ นี่เป็นตัวอย่างของ _______________.,A. Denial of service | B. Advanced persistent threat | C. Extortion | D. Data exfiltration,A. Denial of service | B. Advanced persistent threat | C. Extortion | D. Data exfiltration,D,"The correct answer is data exfiltration, which is the unauthorized transfer of data from a computer or network.",คำตอบที่ถูกต้องคือ data exfiltration ซึ่งคือการถ่ายโอนข้อมูลโดยไม่ได้รับอนุญาตออกจากคอมพิวเตอร์หรือเครือข่าย
157,4,Domain 4: Network Security,"A sophisticated cyber criminal gains access to a financial institution’s e-mail server, installs malware, and then over a period of weeks, moves to other servers and systems on the company’s network, installing other malware and tools, finding other credentials, stealing data, and scrubbing logs to cover her tracks. Which term best describes this type of activity?",อาชญากรไซเบอร์ที่มีความซับซ้อนเข้าถึงเซิร์ฟเวอร์อีเมลของสถาบันการเงิน ติดตั้งมัลแวร์ และตลอดระยะเวลาหลายสัปดาห์ ย้ายไปยังเซิร์ฟเวอร์และระบบอื่น ๆ ในเครือข่ายของบริษัท ติดตั้งมัลแวร์และเครื่องมืออื่น ๆ ค้นหาข้อมูลรับรองอื่น ๆ ขโมยข้อมูล และลบ log เพื่อปกปิดร่องรอย คำใดอธิบายกิจกรรมประเภทนี้ได้ดีที่สุด?,A. Denial of service attack | B. Advanced persistent threat attack | C. Extortion attack | D. Website defacement attack,A. การโจมตีแบบ Denial of service | B. การโจมตีแบบ Advanced persistent threat | C. การโจมตีแบบ Extortion | D. การโจมตีแบบ Website defacement,B,"During an advanced persistent threat attack, there is a sophisticated cyber criminal seeking to expand the attack over time, probing the network, finding more systems with vulnerabilities, exploiting them, and gaining unauthorized access to more and more systems and data, all the while doing things to cover their tracks.",ระหว่างการโจมตีแบบ advanced persistent threat มีอาชญากรไซเบอร์ที่มีความซับซ้อนซึ่งพยายามขยายการโจมตีเมื่อเวลาผ่านไป สำรวจเครือข่าย ค้นหาระบบที่มีช่องโหว่เพิ่มเติม ใช้ประโยชน์จากช่องโหว่ และเข้าถึงระบบและข้อมูลมากขึ้นเรื่อย ๆ โดยปกปิดร่องรอยไปพร้อมกัน
158,4,Domain 4: Network Security,Antivirus software vendors use ______________ to keep up with the latest information about viruses and threats.,ผู้จำหน่ายซอฟต์แวร์แอนตี้ไวรัสใช้ ______________ เพื่อติดตามข้อมูลล่าสุดเกี่ยวกับไวรัสและภัยคุกคาม,A. Google | B. National Vulnerability Database | C. Threat intelligence | D. National Security Agency,A. Google | B. National Vulnerability Database | C. Threat intelligence | D. National Security Agency,C,"Organizations and product vendors use threat intelligence from a variety of sources. By collecting and studying data about threats, vendors can prepare for and defend against them.",องค์กรและผู้จำหน่ายผลิตภัณฑ์ใช้ threat intelligence จากแหล่งต่าง ๆ โดยการรวบรวมและศึกษาข้อมูลเกี่ยวกับภัยคุกคาม ผู้จำหน่ายสามารถเตรียมพร้อมและป้องกันภัยคุกคามเหล่านั้นได้
159,4,Domain 4: Network Security,"When leveraging a third-party cloud service provider, which of the following is always the responsibility of the provider?",เมื่อใช้ผู้ให้บริการคลาวด์บุคคลที่สาม ข้อใดต่อไปนี้เป็นความรับผิดชอบของผู้ให้บริการเสมอ?,A. Data security | B. Physical security of the datacenter | C. Identity and access management controls | D. Endpoint protection,A. ความปลอดภัยของข้อมูล | B. ความปลอดภัยทางกายภาพของศูนย์ข้อมูล | C. การควบคุมเชิงบริหารจัดการ (Administrative Control)จัดการตัวตนและการเข้าถึง | D. การป้องกัน Endpoint,B,Physical security of the datacenter is always the responsibility of the cloud service provider.,ความปลอดภัยทางกายภาพของศูนย์ข้อมูลเป็นความรับผิดชอบของผู้ให้บริการคลาวด์เสมอ
160,4,Domain 4: Network Security,An organization has built out a cloud environment in their own datacenter for exclusive use by their employees to allow other teams to provision and manage virtual resources. Which of the following cloud deployment models is this an example of?,องค์กรได้สร้างสภาพแวดล้อมคลาวด์ในศูนย์ข้อมูลของตนเองเพื่อการใช้งานเฉพาะโดยพนักงานของตน เพื่อให้ทีมอื่น ๆ สามารถจัดสรรและจัดการทรัพยากรเสมือนได้ ข้อใดต่อไปนี้เป็นตัวอย่างของโมเดลการปรับใช้คลาวด์นี้?,A. Public | B. Private | C. Community | D. Hybrid,A. Public | B. Private | C. Community | D. Hybrid,B,A private cloud deployment model consists of computing infrastructure and resources that are dedicated for use by a single organization.,โมเดลการปรับใช้ private cloud ประกอบด้วยโครงสร้างพื้นฐานและทรัพยากรคอมพิวเตอร์ที่อุทิศให้กับการใช้งานโดยองค์กรเดียว
161,4,Domain 4: Network Security,An organization is hosting applications in a private cloud environment and also making use of Amazon Web Services (AWS) to load-balance the traffic for applications if there is a spike in demand. Which of the following cloud deployment models is this an example of?,องค์กรกำลังโฮสต์แอปพลิเคชันในสภาพแวดล้อม private cloud และยังใช้ Amazon Web Services (AWS) เพื่อทำ load-balance ทราฟฟิกสำหรับแอปพลิเคชันหากมีความต้องการเพิ่มขึ้นกะทันหัน ข้อใดต่อไปนี้เป็นตัวอย่างของโมเดลการปรับใช้คลาวด์นี้?,A. Public | B. Private | C. Community | D. Hybrid,A. Public | B. Private | C. Community | D. Hybrid,D,A hybrid cloud deployment model is a mix of the other models (such as a public and private model).,โมเดลการปรับใช้ hybrid cloud คือส่วนผสมของโมเดลอื่น ๆ (เช่น โมเดล public และ private)
162,4,Domain 4: Network Security,An organization is utilizing Google Mail (Gmail) as their e-mail service provider. Which of the following types of cloud service models is being utilized?,องค์กรใช้ Google Mail (Gmail) เป็นผู้ให้บริการอีเมล ข้อใดต่อไปนี้เป็นประเภทของโมเดลบริการคลาวด์ที่กำลังถูกใช้งาน?,A. SaaS | B. PaaS | C. IaaS | D. On-premises,A. SaaS | B. PaaS | C. IaaS | D. On-premises,A,"Software as a service (SaaS) provides customers with access to an application hosted by the cloud service provider (such as an e-mail service). CHAPTER 4 Security Operations This chapter discusses the following topics: • Data security • System hardening • Best practice security policies • Security awareness training This chapter covers the Certified in Cybersecurity Domain 5. Like Chapter 3, this",Software as a service (SaaS) ให้ลูกค้าเข้าถึงแอปพลิเคชันที่โฮสต์โดยผู้ให้บริการคลาวด์ (เช่น บริการอีเมล)
163,5,Domain 5: Security Operations,Alice sends Bob a message encrypted with a private key. Bob decrypts the message with the same private key. Which of the following types of encryption is this an example of?,อลิซส่งข้อความให้บ็อบโดยเข้ารหัสด้วย private key บ็อบถอดรหัสข้อความด้วย private key เดียวกันนั้น นี่เป็นตัวอย่างของการเข้ารหัสประเภทใด?,A. Asymmetric | B. Symmetric | C. Hashing | D. None of the above,A. Asymmetric | B. Symmetric | C. Hashing | D. ไม่มีข้อใดถูกต้อง,B,Symmetric encryption uses the same key for encryption and decryption. This means that the sender and receiver of a message need to have a copy of the same key in order to encrypt/decrypt the message.,Symmetric encryption ใช้กุญแจเดียวกันทั้งการเข้ารหัสและถอดรหัส หมายความว่าทั้งผู้ส่งและผู้รับต้องมีสำเนากุญแจเดียวกันเพื่อเข้ารหัส/ถอดรหัสข้อความ
164,5,Domain 5: Security Operations,Which of the following is not a secure method of data deletion?,ข้อใดไม่ใช่วิธีการลบข้อมูลที่ปลอดภัย?,A. Emptying the recycle bin on your computer desktop | B. Physical destruction of a hard drive | C. Zeroization | D. Overwriting,A. การล้างถังขยะ (recycle bin) บนเดสก์ท็อปคอมพิวเตอร์ | B. การทำลายฮาร์ดดิสก์ทางกายภาพ | C. การล้างข้อมูลด้วยศูนย์ (Zeroization) | D. การเขียนทับ (Overwriting),A,"Pressing the delete key on a computer and emptying the recycle bin on your desktop are not secure methods of data destruction, as the data is not actually securely deleted from the hard drive. These actions simply tell the operating system that the location on the hard drive is free for use.",การกดปุ่มลบและล้างถังขยะบนเดสก์ท็อปไม่ใช่วิธีการลบข้อมูลที่ปลอดภัย เนื่องจากข้อมูลยังไม่ได้ถูกลบออกจากฮาร์ดดิสก์จริง เพียงแค่บอกระบบปฏิบัติการว่าพื้นที่นั้นว่างสำหรับใช้งานต่อไป
165,5,Domain 5: Security Operations,Which of the following can be used to create message digests?,ข้อใดสามารถใช้สร้าง message digest ได้?,A. Symmetric encryption algorithms | B. Asymmetric encryption algorithms | C. Hash functions | D. All of the above,A. อัลกอริทึมการเข้ารหัสแบบ symmetric | B. อัลกอริทึมการเข้ารหัสแบบ asymmetric | C. ฟังก์ชันแฮช (Hash functions) | D. ถูกทุกข้อ,C,"Hash functions transform information into fixed-length output known as a hash value, message digest, or fingerprint.","ฟังก์ชันแฮชแปลงข้อมูลให้เป็นผลลัพธ์ความยาวคงที่ที่เรียกว่า hash value, message digest หรือ fingerprint"
166,5,Domain 5: Security Operations,A security administrator is looking for ways to automate the monitoring of logs throughout the environment. Which of the following solutions would help provide automated monitoring capability?,ผู้ดูแลระบบความปลอดภัยกำลังมองหาวิธีที่จะทำให้การเฝ้าติดตาม log ทั่วทั้งสภาพแวดล้อมเป็นแบบอัตโนมัติ ข้อใดจะช่วยให้เกิดความสามารถในการเฝ้าติดตามแบบอัตโนมัติ?,A. Regularly review the logs | B. Store the logs on a centralized log server | C. Implement a SIEM | D. Implement a firewall,A. ทบทวน log เป็นประจำ | B. จัดเก็บ log บนเซิร์ฟเวอร์ log แบบรวมศูนย์ | C. นำ SIEM มาใช้ | D. นำไฟร์วอลล์มาใช้,C,"Implementing a security information and event management (SIEM) system is one example of how an organization can implement automated monitoring. A SIEM system is a tool that ingests logs from various sources, serves as a central secure log repository, and contains rules that alert on suspicious events identified in logs.",การนำระบบ SIEM (Security Information and Event Management) มาใช้เป็นตัวอย่างหนึ่งขององค์กรที่สามารถทำให้การเฝ้าติดตามเป็นแบบอัตโนมัติ ระบบ SIEM จะรับ log จากหลายแหล่ง ทำหน้าที่เป็นคลังจัดเก็บ log กลางที่ปลอดภัย และมีกฎที่แจ้งเตือนเหตุการณ์ที่น่าสงสัยซึ่งพบใน log
167,5,Domain 5: Security Operations,Which of the following types of encryption uses two keys: one for encryption and a separate key for decryption?,การเข้ารหัสประเภทใดที่ใช้กุญแจสองดอก: หนึ่งสำหรับเข้ารหัสและอีกดอกแยกต่างหากสำหรับถอดรหัส?,A. Asymmetric | B. Symmetric | C. Hashing | D. None of the above,A. Asymmetric | B. Symmetric | C. Hashing | D. ไม่มีข้อใดถูกต้อง,A,Asymmetric encryption uses two keys: a public key (for encryption) and a private key (for decryption).,Asymmetric encryption ใช้กุญแจสองดอก: public key (สำหรับเข้ารหัส) และ private key (สำหรับถอดรหัส)
168,5,Domain 5: Security Operations,"As the new CISO of his organization, Joe decided to initiate a comprehensive set of scans. The scans reported that nearly all of his endpoints have known operating system vulnerabilities. What is the most likely root cause of this situation?",ในฐานะ CISO คนใหม่ขององค์กร โจตัดสินใจเริ่มการสแกนอย่างครอบคลุม ผลการสแกนรายงานว่าเกือบทุก endpoint มีช่องโหว่ของระบบปฏิบัติการที่ทราบแล้ว สาเหตุที่เป็นไปได้มากที่สุดของสถานการณ์นี้คืออะไร?,A. The organization is the victim of an advanced persistent threat. | B. The endpoints do not have up-to-date antimalware software installed. | C. The endpoints have not been kept up-to-date with the latest security patches. | D. Brute force attack.,A. องค์กรตกเป็นเหยื่อของการโจมตีแบบ Advanced Persistent Threat | B. Endpoint ไม่มีการติดตั้งซอฟต์แวร์ป้องกันมัลแวร์ที่ทันสมัย | C. Endpoint ไม่ได้รับการอัปเดตด้วยแพตช์ความปลอดภัยล่าสุด | D. การโจมตีแบบ Brute force,C,"The most likely reason endpoints have known operating system vulnerabilities is they do not have the latest patches installed from the vendors. Poorly configured antimalware software or a brute force attack would not cause this, and an APT might be the result of this situation but not the cause of it.",สาเหตุที่เป็นไปได้มากที่สุดที่ endpoint มีช่องโหว่ของระบบปฏิบัติการที่ทราบแล้ว คือไม่ได้ติดตั้งแพตช์ล่าสุดจากผู้จำหน่าย การตั้งค่าซอฟต์แวร์ป้องกันมัลแวร์ที่ไม่ดีหรือการโจมตีแบบ brute force จะไม่ก่อให้เกิดปัญหานี้ และ APT อาจเป็นผลลัพธ์ของสถานการณ์นี้ แต่ไม่ใช่สาเหตุ
169,5,Domain 5: Security Operations,A network administrator found that one of the firewalls was no longer configured in accordance with recommended settings from DISA as it once was. What is the most likely reason for this?,ผู้ดูแลระบบเครือข่ายพบว่าไฟร์วอลล์ตัวหนึ่งไม่ได้ถูกตั้งค่าตามคำแนะนำจาก DISA เหมือนเดิมอีกต่อไป สาเหตุที่เป็นไปได้มากที่สุดคืออะไร?,A. The settings from DISA were incorrect. | B. Configuration management procedures for the device were not followed. | C. Privilege creep. | D. Data integrity.,A. การตั้งค่าจาก DISA ไม่ถูกต้อง | B. ไม่ได้ปฏิบัติตามขั้นตอนการจัดการค่าคอนฟิกสำหรับอุปกรณ์นี้ | C. Privilege creep | D. ความถูกต้องครบถ้วนของข้อมูล (Data integrity),B,"The best answer is that it is most likely that someone changed a setting without the proper approval and documentation; therefore, CM procedures were not followed.",คำตอบที่ดีที่สุดคือมีแนวโน้มสูงที่มีบางคนเปลี่ยนการตั้งค่าโดยไม่ได้รับการอนุมัติและบันทึกเอกสารอย่างถูกต้อง ดังนั้นจึงไม่ได้ปฏิบัติตามขั้นตอนการจัดการค่าคอนฟิก (CM procedures)
170,5,Domain 5: Security Operations,"Mary isn’t sure if she is allowed to use her company-owned laptop to send messages to her friend on Facebook. To find out if she can, which policy should she refer to?",แมรี่ไม่แน่ใจว่าเธอได้รับอนุญาตให้ใช้แล็ปท็อปของบริษัทส่งข้อความหาเพื่อนบน Facebook หรือไม่ เธอควรอ้างอิงนโยบายใดเพื่อหาคำตอบ?,A. AUP | B. BYOD policy | C. Data handling policy | D. None of the above,A. AUP | B. นโยบาย BYOD | C. นโยบายการจัดการข้อมูล | D. ไม่มีข้อใดถูกต้อง,A,"Of the choices provided, the AUP is the one most likely to provide guidance concerning whether or not Mary can use the company-owned laptop for nonbusiness use.",จากตัวเลือกที่ให้มา AUP (Acceptable Use Policy) เป็นตัวเลือกที่มีแนวโน้มมากที่สุดที่จะให้แนวทางว่าแมรี่สามารถใช้แล็ปท็อปของบริษัทเพื่อวัตถุประสงค์ที่ไม่เกี่ยวกับธุรกิจได้หรือไม่
171,5,Domain 5: Security Operations,"Of the policies listed, which one is most likely to provide guidance on connecting a home computer to the work network via VPN?",จากนโยบายที่ระบุไว้ ข้อใดมีแนวโน้มมากที่สุดที่จะให้แนวทางเกี่ยวกับการเชื่อมต่อคอมพิวเตอร์ที่บ้านเข้ากับเครือข่ายที่ทำงานผ่าน VPN?,A. AUP | B. BYOD | C. Data handling policy | D. None of the above,A. AUP | B. BYOD | C. นโยบายการจัดการข้อมูล | D. ไม่มีข้อใดถูกต้อง,B,"Of the choices provided, the BYOD policy is the best choice. The BYOD policy is used by organizations that want to allow their employees to use their personally owned devices to connect to the corporate network.",จากตัวเลือกที่ให้มา นโยบาย BYOD เป็นตัวเลือกที่ดีที่สุด นโยบาย BYOD ถูกใช้โดยองค์กรที่ต้องการอนุญาตให้พนักงานใช้อุปกรณ์ส่วนตัวเชื่อมต่อกับเครือข่ายขององค์กร
172,5,Domain 5: Security Operations,What is the best reason to provide social engineering training to employees?,เหตุผลที่ดีที่สุดในการจัดฝึกอบรมด้านวิศวกรรมสังคม (Social Engineering) ให้กับพนักงานคืออะไร?,A. To show people how to perform a social engineering attack | B. So employees can report security violations to management | C. To teach people what to look out for | D. None of the above,A. เพื่อแสดงให้ผู้คนเห็นวิธีทำการโจมตีทางวิศวกรรมสังคม | B. เพื่อให้พนักงานสามารถรายงานการละเมิดความปลอดภัยต่อผู้บริหาร | C. เพื่อสอนผู้คนให้รู้จักสิ่งที่ควรระวัง | D. ไม่มีข้อใดถูกต้อง,C,"The correct answer is to show people what kinds of things they should look out for as a way to defend against social engineering attacks. 5 Business Continuity (BC), Disaster Recovery (DR) & Incident Response Concepts CHAPTER This chapter discusses the following topics: • Incident response • Business continuity • Disaster recovery This chapter explores how organizations respond to and recover from",คำตอบที่ถูกต้องคือเพื่อแสดงให้ผู้คนเห็นสิ่งที่ควรระวัง ในฐานะวิธีการป้องกันตนเองจากการโจมตีทางวิศวกรรมสังคม
173,5,Domain 5: Security Operations,Of the following which is the most likely reason(s) a business continuity program might fail?,ข้อใดคือสาเหตุที่เป็นไปได้มากที่สุดที่โปรแกรมความต่อเนื่องทางธุรกิจ (Business Continuity Program) อาจล้มเหลว?,A. Failure to test the plan and procedures | B. Failure to document activation procedures | C. Failure to address the threats the organization is most likely to face | D. All of the above,A. ไม่ทดสอบแผนและขั้นตอน | B. ไม่บันทึกเอกสารขั้นตอนการเปิดใช้งาน | C. ไม่จัดการกับภัยคุกคามที่องค์กรมีแนวโน้มเผชิญมากที่สุด | D. ถูกทุกข้อ,D,"Failure to test the plan and procedures, failure to document activation procedures, and failure to address the threats the organization is most likely to face are all common reasons a business continuity program can fail - any of these gaps can render the plan ineffective when a real disruption occurs.",การไม่ทดสอบแผนและขั้นตอน การไม่บันทึกเอกสารขั้นตอนการเปิดใช้งาน และการไม่จัดการกับภัยคุกคามที่น่าจะเกิดขึ้น ล้วนเป็นสาเหตุทั่วไปที่โปรแกรมความต่อเนื่องทางธุรกิจอาจล้มเหลว - ช่องว่างเหล่านี้แต่ละอย่างสามารถทำให้แผนไร้ประสิทธิภาพเมื่อเกิดการหยุดชะงักจริง
174,2,"Domain 2: Business Continuity, Disaster Recovery, and Incident Response",During which phase of the incident response process is the incident response plan developed and documented?,แผนตอบสนองต่อเหตุการณ์ถูกพัฒนาและจัดทำเอกสารในขั้นตอนใดของกระบวนการ Incident Response?,"A. Preparation | B. Containment, eradication, and recovery | C. Detection and analysis | D. Post-incident activity","A. Preparation | B. Containment, eradication, and recovery | C. Detection and analysis | D. Post-incident activity",A,The incident response plan is developed and documented during the preparation phase of the incident response process.,แผนตอบสนองต่อเหตุการณ์ถูกพัฒนาและจัดทำเอกสารในขั้นตอน Preparation ของกระบวนการ Incident Response
175,2,"Domain 2: Business Continuity, Disaster Recovery, and Incident Response",During which phase of the incident response process does the lessonslearned assessment take place?,การประเมินบทเรียนที่ได้ (Lessons-learned assessment) เกิดขึ้นในขั้นตอนใด?,"A. Detection and analysis | B. Containment, eradication, and recovery | C. Preparation | D. Post-incident activity","A. Detection and analysis | B. Containment, eradication, and recovery | C. Preparation | D. Post-incident activity",D,The lessons-learned assessment occurs during the post-incident activity phase of the incident response process.,การประเมินบทเรียนที่ได้เกิดขึ้นในขั้นตอน Post-incident activity ของกระบวนการ Incident Response
176,2,"Domain 2: Business Continuity, Disaster Recovery, and Incident Response",In which phase of the incident response process would a security analyst recover a system from a backup?,ในขั้นตอนใดของกระบวนการ Incident Response ที่นักวิเคราะห์ความปลอดภัยจะกู้คืนระบบจากข้อมูลสำรอง?,"A. Preparation | B. Detection and analysis | C. Post-incident activity | D. Containment, eradication, and recovery","A. Preparation | B. Detection and analysis | C. Post-incident activity | D. Containment, eradication, and recovery",D,"Recovering a system from backup would take place during the containment, eradication, and recovery phase of the incident response process.","การกู้คืนระบบจากข้อมูลสำรองเกิดขึ้นในขั้นตอน Containment, eradication, and recovery"
177,2,"Domain 2: Business Continuity, Disaster Recovery, and Incident Response",What phase comes after the detection and analysis phase in the incident response process?,ขั้นตอนใดเกิดขึ้นหลังจากขั้นตอน detection and analysis ในกระบวนการ Incident Response?,"A. Containment, eradication, and recovery. | B. Preparation. | C. Post-incident activity. | D. Detection and analysis is the last phase of the process.","A. Containment, eradication, and recovery | B. Preparation | C. Post-incident activity | D. Detection and analysis เป็นขั้นตอนสุดท้ายของกระบวนการ",A,"The containment, eradication, and recovery phase comes after the detection and analysis phase of the incident response process. The process steps are Preparation -> Detection and Analysis -> Containment, Eradication, and Recovery -> Post-Incident Activity.","ขั้นตอน Containment, eradication, and recovery เกิดขึ้นหลังขั้นตอน detection and analysis โดยลำดับเต็มคือ Preparation -> Detection and Analysis -> Containment, Eradication, and Recovery -> Post-Incident Activity"
178,2,"Domain 2: Business Continuity, Disaster Recovery, and Incident Response",Carol is tasked with creating a business continuity plan for her organization. What should she do to determine which of her organization’s business functions should be restored in the event of an incident?,แครอลได้รับมอบหมายให้จัดทำแผนความต่อเนื่องทางธุรกิจสำหรับองค์กรของเธอ เธอควรทำอย่างไรเพื่อกำหนดว่าฟังก์ชันทางธุรกิจใดขององค์กรควรถูกกู้คืนก่อนหากเกิดเหตุการณ์?,A. Conduct a risk assessment. | B. Interview key stakeholders throughout the organization. | C. Calculate the MTD for each business function. | D. Conduct a business impact analysis.,A. ทำการประเมินความเสี่ยง | B. สัมภาษณ์ผู้มีส่วนได้ส่วนเสียหลักทั่วทั้งองค์กร | C. คำนวณ MTD สำหรับแต่ละฟังก์ชันทางธุรกิจ | D. ทำ Business Impact Analysis,D,The purpose of a business impact analysis is to determine which business functions should be restored after an incident.,วัตถุประสงค์ของ Business Impact Analysis คือการกำหนดว่าฟังก์ชันทางธุรกิจใดควรถูกกู้คืนก่อนหลังเกิดเหตุการณ์
179,2,"Domain 2: Business Continuity, Disaster Recovery, and Incident Response","Alice is responsible for designing her organization’s datacenter to provide resiliency in the event of a disaster. If a disaster occurs, she wants to have the new datacenter up and running within a few days, but she does not want to incur the cost of building a full datacenter with all equipment fully installed and configured. Which of the following options is the best choice for her situation?",อลิซรับผิดชอบออกแบบศูนย์ข้อมูลขององค์กรเพื่อให้มีความยืดหยุ่นในกรณีเกิดภัยพิบัติ หากเกิดภัยพิบัติ เธอต้องการให้ศูนย์ข้อมูลใหม่พร้อมใช้งานภายในไม่กี่วัน แต่ไม่ต้องการเสียค่าใช้จ่ายในการสร้างศูนย์ข้อมูลเต็มรูปแบบพร้อมอุปกรณ์ครบชุด ตัวเลือกใดเหมาะสมที่สุดสำหรับสถานการณ์ของเธอ?,A. Hot site | B. Warm site | C. Cold site | D. Tertiary site,A. Hot site | B. Warm site | C. Cold site | D. Tertiary site,B,"A warm site is a facility that is configured with equipment suitable for supporting IT operations but without the computing equipment itself. The warm site has power, HVAC, physical infrastructure, and possibly telecommunications and peripheral equipment. APPENDIX About the Online Content This book comes complete with TotalTester Online customizable practice exam software with 200 practice exam qu",Warm site คือศูนย์สำรองที่มีอุปกรณ์เหมาะสมสำหรับรองรับการดำเนินงานด้าน IT แต่ไม่มีอุปกรณ์คอมพิวเตอร์ครบชุด ซึ่งเหมาะกับสถานการณ์นี้
180,4,Domain 4: Network Security,The address 8be2:4382:8d84:7ce2:ec0f:3908:d29a:903a is an:,ที่อยู่ 8be2:4382:8d84:7ce2:ec0f:3908:d29a:903a คือ:,A. Web address | B. IPv4 address | C. IPv6 address | D. Mac address,A. ที่อยู่เว็บ | B. IPv4 address | C. IPv6 address | D. Mac address,C,"An IPv6 address is a 128-bit address represented as a sequence of eight groups of 16-bit hexadecimal values. An IPv4 address is a 32-bit address represented as a sequence of four 8-bit integers. A Mac address is a 48-bit address represented as six groups of 8 bits values in hexadecimal. A web address consists of a protocol name, a server address, and a resource path (see ISC2 Study Guide, chapter 4, module 1 - Understand Computer Networking).",IPv6 address คือที่อยู่ขนาด 128 บิต แสดงเป็นลำดับแปดกลุ่มของค่าเลขฐานสิบหก 16 บิต IPv4 address คือที่อยู่ขนาด 32 บิต แสดงเป็นลำดับสี่จำนวนเต็ม 8 บิต
181,1,Domain 1: Security Principles,Which of the following canons is found in the ISC2 code of ethics?,ข้อใดคือหนึ่งในจรรยาบรรณที่พบใน ISC2 code of ethics?,"A. Advance and promote the profession | B. Protect society, the common good, and the infrastructure | C. Provide diligent and competent service to principals | D. Act honorably, honestly, safely and legally","A. Advance and promote the profession | B. Protect society, the common good, and the infrastructure | C. Provide diligent and competent service to principals | D. Act honorably, honestly, safely and legally",C,"Only ""Provide diligent and competent service to principals"" contains the accurate text of the ISC2 code of ethics. Although a security professional should discourage unsafe practices, no direct reference to acting safely exists in the canons. Aside from society, the common good and infrastructure, security professionals are expected to protect public trust and confidence. Finally, they are expected to protect the profession, and not just advance and promote it.",มีเพียง 'Provide diligent and competent service to principals' เท่านั้นที่มีข้อความที่ถูกต้องตรงตาม ISC2 code of ethics แม้ผู้เชี่ยวชาญด้านความปลอดภัยควรห้ามปรามการปฏิบัติที่ไม่ปลอดภัย แต่ไม่มีการอ้างอิงถึงการกระทำอย่างปลอดภัยโดยตรงในจรรยาบรรณ นอกเหนือจากสังคม ผลประโยชน์ส่วนรวม และโครงสร้างพื้นฐาน ผู้เชี่ยวชาญความปลอดภัยยังต้องปกป้องความไว้วางใจและความเชื่อมั่นของสาธารณะด้วย
182,1,Domain 1: Security Principles,Which of the following is NOT an ethical canon of the ISC2?,ข้อใดไม่ใช่จรรยาบรรณของ ISC2?,"A. Advance and protect the profession | B. Protect society, the common good, necessary public trust and confidence, and the infrastructure | C. Act honorably, honestly, justly, responsibly and legally | D. Provide active and qualified service to principal","A. Advance and protect the profession | B. Protect society, the common good, necessary public trust and confidence, and the infrastructure | C. Act honorably, honestly, justly, responsibly and legally | D. Provide active and qualified service to principal",D,"In the code of ethics, we read ""Provide diligent and competent service to principals"", and not ""Provide active and qualified service to principals.""; all the other options are valid canons of the code of ethics (see ISC2 Study Guide Chapter 1, Module 5).",ในจรรยาบรรณ เราอ่านว่า 'Provide diligent and competent service to principals' ไม่ใช่ 'Provide active and qualified service to principals' ตัวเลือกอื่น ๆ ทั้งหมดเป็นจรรยาบรรณที่ถูกต้อง
183,4,Domain 4: Network Security,The cloud deployment model where a company has resources on-premise and in the cloud is known as:,โมเดลการปรับใช้คลาวด์ที่บริษัทมีทรัพยากรทั้งแบบ on-premise และในคลาวด์ เรียกว่า:,A. Hybrid cloud | B. Multi-tenant | C. Private cloud | D. Community cloud,A. Hybrid cloud | B. Multi-tenant | C. Private cloud | D. Community cloud,A,"A hybrid cloud is a model that combines (i.e. orchestrates) on-premise infrastructure, private cloud services, and a public cloud to handle storage and service. A community cloud is an infrastructure where multiple organizations share resources and services based on common technological and regulatory necessities. Multi-tenancy refers to a context where several of a cloud vendor's customers share the same computing resources. A private cloud is a cloud computing model where the cloud infrastruct",Hybrid cloud คือโมเดลที่ผสมผสาน (ประสาน) โครงสร้างพื้นฐาน on-premise บริการ private cloud และ public cloud เพื่อจัดการการจัดเก็บและบริการ
184,4,Domain 4: Network Security,Which of the following is a public IP?,ข้อใดต่อไปนี้เป็น public IP?,A. 13.16.123.1 | B. 192.168.123.1 | C. 172.16.123.1 | D. 10.221.123.1,A. 13.16.123.1 | B. 192.168.123.1 | C. 172.16.123.1 | D. 10.221.123.1,A,"The ranges of IP addresses 10.0.0.0 to 10.255.255.254, 172.16.0.0 to 172.31.255.254, and 192.168.0.0 to 192.168.255.254 are reserved for private use (see ISC2 Study Guide, chapter 4, module 1, under Internet Protocol - IPv4 and IPv6). Therefore, the IP address 13.16.123.1 is the only address in a public range.","ช่วง IP address 10.0.0.0 ถึง 10.255.255.254, 172.16.0.0 ถึง 172.31.255.254 และ 192.168.0.0 ถึง 192.168.255.254 ถูกสงวนไว้สำหรับการใช้งานส่วนตัว ดังนั้น 13.16.123.1 จึงเป็น IP address เดียวในช่วงสาธารณะ"
185,5,Domain 5: Security Operations,Which of the following is a data handling policy procedure?,ข้อใดเป็นขั้นตอนของนโยบายการจัดการข้อมูล (Data Handling Policy)?,A. Transform | B. Collect | C. Encode | D. Destroy,A. แปลง (Transform) | B. รวบรวม (Collect) | C. เข้ารหัส (Encode) | D. ทำลาย (Destroy),D,"The data handling procedures are 'Classify', 'Categorize', 'Label', 'Store', 'Encrypt', 'Backup', and 'Destroy' (see ISC2 Study Guide, chapter 5, module 3).","ขั้นตอนการจัดการข้อมูลคือ 'Classify' (จัดประเภท), 'Categorize' (แบ่งหมวดหมู่), 'Label' (ติดป้าย), 'Store' (จัดเก็บ), 'Encrypt' (เข้ารหัส), 'Backup' (สำรอง) และ 'Destroy' (ทำลาย)"
186,4,Domain 4: Network Security,Which devices would be more effective in detecting an intrusion into a network?,อุปกรณ์ใดจะมีประสิทธิภาพมากกว่าในการตรวจจับการบุกรุกเข้าสู่เครือข่าย?,A. Routers | B. HIDS | C. Firewalls | D. NIDS,A. Routers | B. HIDS | C. Firewalls | D. NIDS,D,"Network intrusion detection systems (NIDS) are network devices that detect malicious traffic on a network. Host intrusion detection systems (HIDS) are applications that monitor computer systems for intrusion. Typically, HIDS are not concerned with network devices. A firewall is a device that filters incoming Internet traffic. Routers receive and forward traffic, but (typically) do not analyze it.",Network intrusion detection systems (NIDS) คืออุปกรณ์เครือข่ายที่ตรวจจับทราฟฟิกที่เป็นอันตรายบนเครือข่าย Host intrusion detection systems (HIDS) คือแอปพลิเคชันที่เฝ้าติดตามระบบคอมพิวเตอร์เพื่อการบุกรุก
187,1,Domain 1: Security Principles,"Which concept describes an information security strategy that integrates people, technology and operations in order to establish security controls across multiple layers of the organization?",แนวคิดใดอธิบายกลยุทธ์ความปลอดภัยสารสนเทศที่ผสานผู้คน เทคโนโลยี และการดำเนินงาน เพื่อสร้างการควบคุมความปลอดภัยในหลายชั้นขององค์กร?,A. Least Privilege | B. Defense in Depth | C. Separation of Duties | D. Privileged Accounts,A. Least Privilege | B. Defense in Depth | C. Separation of Duties | D. Privileged Accounts,B,"Defense in depth describes a cybersecurity approach that uses multiple layers of security for holistic protection (see ISC2 Study Guide Chapter 1, Module 3). According to the principle of Separation of Duties, no user should ever be given enough privileges to misuse the system on their own. The principle of Least Privilege dictates that users should be given only those privileges required to complete their specific tasks. Privileged Accounts are a class of accounts that have permissions exceedin",Defense in depth อธิบายแนวทางความปลอดภัยไซเบอร์ที่ใช้ความปลอดภัยหลายชั้นเพื่อการป้องกันแบบองค์รวม ตามหลัก Separation of Duties ไม่ควรให้ผู้ใช้คนใดมีสิทธิ์เพียงพอที่จะใช้ระบบในทางที่ผิดได้ด้วยตัวเอง หลักการ Least Privilege กำหนดว่าผู้ใช้ควรได้รับสิทธิ์เท่าที่จำเป็นต่อการทำงานเท่านั้น
188,3,Domain 3: Access Controls Concepts,Which access control is more effective at protecting a door against unauthorized access?,การควบคุมการเข้าถึงใดมีประสิทธิภาพมากกว่าในการป้องกันประตูจากการเข้าถึงโดยไม่ได้รับอนุญาต?,A. Fences | B. Turnstiles | C. Barriers | D. Locks,A. รั้ว | B. Turnstiles | C. สิ่งกีดขวาง | D. กุญแจล็อก,D,"A lock is a device that prevents a physical structure (typically a door) from being opened, indicating that only the authorized person (i.e. the person with the key) can open it. A fence or a barrier will prevent ALL access. Turnstiles are physical barriers that can be easily overcome (after all, it is common knowledge that intruders can easily jump over a turnstile when no one is watching).",กุญแจล็อกเป็นอุปกรณ์ที่ป้องกันไม่ให้โครงสร้างทางกายภาพ (โดยทั่วไปคือประตู) ถูกเปิด บ่งชี้ว่ามีเพียงบุคคลที่ได้รับอนุญาต (ผู้ที่มีกุญแจ) เท่านั้นที่สามารถเปิดได้ รั้วหรือสิ่งกีดขวางจะป้องกันการเข้าถึงทั้งหมด Turnstiles เป็นสิ่งกีดขวางทางกายภาพที่สามารถเอาชนะได้ง่าย
189,1,Domain 1: Security Principles,Which of the following is a detection control?,ข้อใดคือการควบคุมแบบตรวจจับ (Detection control)?,A. Turnstiles | B. Smoke sensors | C. Bollards | D. Firewalls,A. Turnstiles | B. Smoke sensors | C. Bollards | D. Firewalls,B,"By definition, smoke detectors are fire protection devices employed for the early detection of fire. Firewalls are devicesthat filter incoming traffic, and are a type of logical preventive control. Bollards and turnstiles are types of physical preventive controls.",โดยนิยาม เครื่องตรวจจับควันเป็นอุปกรณ์ป้องกันอัคคีภัยที่ใช้เพื่อตรวจจับไฟไหม้ในระยะเริ่มต้น ไฟร์วอลล์เป็นอุปกรณ์ที่กรองทราฟฟิกขาเข้า และเป็นการควบคุมแบบป้องกันเชิงตรรกะ Bollards และ turnstiles เป็นการควบคุมแบบป้องกันทางกายภาพ
190,4,Domain 4: Network Security,Which type of attack has the PRIMARY objective controlling the system from outside?,การโจมตีประเภทใดที่มีวัตถุประสงค์หลักในการควบคุมระบบจากภายนอก?,A. Backdoors | B. Rootkits | C. Cross-Site Scripting | D. Trojans,A. Backdoors | B. Rootkits | C. Cross-Site Scripting | D. Trojans,A,"Trojans and Rootkits are often used to install backdoors. A backdoor is a malicious feature that listens for commands on a specific logical port (TCP or UDP) and executes them on the attacked system or device, thereby giving direct control of the system or device to a malicious outside entity (or program). Cross-Site Scripting can execute code with the same github.com/ayemunhossain permissions as the scripts generated by the target website, compromising the confidentiality and integrity of data",Trojans และ Rootkits มักถูกใช้เพื่อติดตั้ง backdoors Backdoor คือคุณสมบัติที่เป็นอันตรายซึ่งรอฟังคำสั่งบนพอร์ตตรรกะเฉพาะ (TCP หรือ UDP) และดำเนินการบนระบบหรืออุปกรณ์ที่ถูกโจมตี ทำให้หน่วยงานภายนอกที่เป็นอันตรายสามารถควบคุมระบบหรืออุปกรณ์ได้โดยตรง
191,4,Domain 4: Network Security,Which of the following is not a protocol of the OSI Level 3?,ข้อใดต่อไปนี้ไม่ใช่โปรโตคอลของ OSI Level 3?,A. SNMP | B. ICMP | C. IGMP | D. IP,A. SNMP | B. ICMP | C. IGMP | D. IP,A,"Internet Protocol (IP) is known to be a level 3 protocol. Internet Control Message Protocol (ICMP) and Internet Group Management Protocol (IGMP) are also level 3 protocols. Simple Network Management Protocol (SNMP) is a protocol used to configure and monitor devices attached to networks. It is an application-level protocol (level 7), and therefore the only option that is not from level 3.",Internet Protocol (IP) เป็นโปรโตคอลระดับ 3 ที่รู้จักกันดี Internet Control Message Protocol (ICMP) และ Internet Group Management Protocol (IGMP) ก็เป็นโปรโตคอลระดับ 3 เช่นกัน Simple Network Management Protocol (SNMP) เป็นโปรโตคอลระดับแอปพลิเคชัน (level 7)
192,1,Domain 1: Security Principles,"When a company hires an insurance company to mitigate risk, which risk management technique is being applied?",เมื่อบริษัทจ้างบริษัทประกันเพื่อลดความเสี่ยง เทคนิคการบริหารความเสี่ยงใดที่ถูกนำมาใช้?,A. Risk avoidance | B. Risk transfer | C. Risk mitigation | D. Risk tolerance,A. Risk avoidance | B. Risk transfer | C. Risk mitigation | D. Risk tolerance,B,"Risk transfer is a risk management strategy that contractually shifts a pure risk from one party to another (in this case, to an insurance company). Risk avoidance consists in stopping activities and exposures that can negatively affect an organization and its assets. Risk mitigation consists of mechanisms to reduce the risk. Finally, risk tolerance is the degree of risk that an investor is willing to endure. github.com/ayemunhossain",Risk transfer เป็นกลยุทธ์การบริหารความเสี่ยงที่โอนความเสี่ยงบริสุทธิ์จากฝ่ายหนึ่งไปยังอีกฝ่ายหนึ่งตามสัญญา (ในกรณีนี้คือบริษัทประกัน) Risk avoidance คือการหยุดกิจกรรมและการเปิดเผยที่อาจส่งผลกระทบเชิงลบต่อองค์กร Risk mitigation คือกลไกในการลดความเสี่ยง
193,4,Domain 4: Network Security,The SMTP protocol operates at OSI Level:,โปรโตคอล SMTP ทำงานที่ OSI Level:,A. 7 | B. 25 | C. 3 | D. 23,A. 7 | B. 25 | C. 3 | D. 23,A,"Simple Mail Transport Protocol (SNMP) is an application layer protocol that operates at level 7. Level 3 corresponds to the network layer. There are no OSI layers above level 7. The number 25 presumably refers to the TCP/IP port of the SMTP protocol. The number 23, in turn, refers to the TCP/IP port of the Telnet protocol.",Simple Mail Transport Protocol (SMTP) เป็นโปรโตคอลชั้นแอปพลิเคชันที่ทำงานที่ level 7 Level 3 สอดคล้องกับ network layer หมายเลข 25 หมายถึงพอร์ต TCP/IP ของโปรโตคอล SMTP
194,1,Domain 1: Security Principles,The process of verifying or proving the user's identification is known as:,กระบวนการยืนยันหรือพิสูจน์ตัวตนของผู้ใช้เรียกว่า:,A. Confidentiality | B. Integrity | C. Authentication | D. Authorization,A. Confidentiality | B. Integrity | C. Authentication | D. Authorization,C,"Authentication is the verification of the identity of a user, process or device, as a prerequisite to allowing access to the resources in a given system. In contrast, authorization refers to the permission granted to users, processes or devices to access specific assets. Confidentiality and integrity are properties of information and systems, not processes.",Authentication คือการยืนยันตัวตนของผู้ใช้ กระบวนการ หรืออุปกรณ์ ในฐานะเงื่อนไขเบื้องต้นก่อนที่จะอนุญาตให้เข้าถึงทรัพยากรในระบบที่กำหนด ในทางตรงกันข้าม authorization หมายถึงสิทธิ์ที่มอบให้กับผู้ใช้ กระบวนการ หรืออุปกรณ์เพื่อเข้าถึงทรัพย์สินที่เฉพาะเจาะจง
195,3,Domain 3: Access Controls Concepts,"If an organization wants to protect itself against tailgating, which of the following types of access control would be most effective? github.com/ayemunhossain",หากองค์กรต้องการป้องกันตนเองจาก tailgating การควบคุมการเข้าถึงประเภทใดต่อไปนี้จะมีประสิทธิภาพมากที่สุด?,A. Locks | B. Fences | C. Barriers | D. Turnstiles,A. กุญแจล็อก | B. รั้ว | C. สิ่งกีดขวาง | D. Turnstiles,D,"A lock is a device that prevents a physical structure (typically a door) from being opened, indicating that only the authorized person (i.e. the person with the key) can open it. A fence or a barrier will prevent ALL access. Turnstiles are physical barriers that can be easily overcome (after all, it is common knowledge that intruders can easily jump over a turnstile when no one is watching).",กุญแจล็อกเป็นอุปกรณ์ที่ป้องกันไม่ให้โครงสร้างทางกายภาพถูกเปิด รั้วหรือสิ่งกีดขวางจะป้องกันการเข้าถึงทั้งหมด Turnstiles เป็นสิ่งกีดขวางทางกายภาพที่ควบคุมให้เข้าได้ทีละคน จึงมีประสิทธิภาพมากที่สุดในการป้องกัน tailgating
196,5,Domain 5: Security Operations,Logging and monitoring systems are essential to:,ระบบบันทึกและเฝ้าติดตาม (Logging and monitoring) มีความสำคัญต่อ:,"A. Identifying inefficient performing systems, preventing compromises, and providing a record of how systems are used | B. Identifying efficient performing systems, labeling compromises, and providing a record of how systems are used | C. Identifying inefficient performing systems, detecting compromises, and providing a record of how systems are used | D. Identifying efficient performing systems, detecting compromises, and providing a record of how systems are used",A. การระบุระบบที่ทำงานได้ไม่มีประสิทธิภาพ ป้องกันการถูกบุกรุก และให้บันทึกวิธีที่ระบบถูกใช้งาน | B. การระบุระบบที่ทำงานได้อย่างมีประสิทธิภาพ ติดป้ายการถูกบุกรุก และให้บันทึกวิธีที่ระบบถูกใช้งาน | C. การระบุระบบที่ทำงานได้ไม่มีประสิทธิภาพ ตรวจจับการถูกบุกรุก และให้บันทึกวิธีที่ระบบถูกใช้งาน | D. การระบุระบบที่ทำงานได้อย่างมีประสิทธิภาพ ตรวจจับการถูกบุกรุก และให้บันทึกวิธีที่ระบบถูกใช้งาน,C,"According to the ISC2 Study Guide (chapter 5, module 1, under Data Handling Practices), logging and monitoring systems are characterized as being ""Essential to identifying inefficient performing systems, detecting compromises, and providinga record of how systems are used"". The remaining options are incorrect variations of this definition.",ตาม ISC2 Study Guide ระบบบันทึกและเฝ้าติดตามมีลักษณะสำคัญคือ 'จำเป็นต่อการระบุระบบที่ทำงานได้ไม่มีประสิทธิภาพ ตรวจจับการถูกบุกรุก และให้บันทึกวิธีที่ระบบถูกใช้งาน' ตัวเลือกอื่น ๆ เป็นรูปแบบที่ไม่ถูกต้องของนิยามนี้
197,2,"Domain 2: Business Continuity, Disaster Recovery, and Incident Response","In the event of a disaster, which of these should be the PRIMARY objective? (★)",ในกรณีเกิดภัยพิบัติ วัตถุประสงค์หลักควรเป็นสิ่งใด?,A. Guarantee the safety of people | B. Guarantee the continuity of critical systems | C. Protection of the production database github.com/ayemunhossain | D. Application of disaster communication,A. รับประกันความปลอดภัยของบุคลากร | B. รับประกันความต่อเนื่องของระบบสำคัญ | C. ปกป้องฐานข้อมูลการผลิต | D. การสื่อสารในสถานการณ์ภัยพิบัติ,A,"In the event of a disaster, the clear priority is to guarantee the safety of human life above all. The remaining options, though important from the point of view of disaster recovery and business continuity, are secondary when compared to safety.",ในกรณีเกิดภัยพิบัติ ความสำคัญอันดับแรกคือการรับประกันความปลอดภัยของชีวิตมนุษย์เหนือสิ่งอื่นใด
198,5,Domain 5: Security Operations,The process that ensures that system changes do not adversely impact business operations is known as:,กระบวนการที่รับประกันว่าการเปลี่ยนแปลงระบบจะไม่ส่งผลกระทบเชิงลบต่อการดำเนินธุรกิจ เรียกว่า:,A. Change Management | B. Vulnerability Management | C. Configuration Management | D. Inventory Management,A. Change Management | B. Vulnerability Management | C. Configuration Management | D. Inventory Management,A,"Change Management is the process of implementing necessary changes so that they do not adversely affect business operations (see ISC2 Study Guide, chapter 5, module 3). Vulnerability Management refers to the capacity to identify, track, prioritize and eliminate vulnerabilities in systems and devices. Configuration Management refers to a collection of activities with the purpose of establishing and maintaining the integrity of information systems through their development lifecycle (see NIST SP 1",Change Management คือกระบวนการนำการเปลี่ยนแปลงที่จำเป็นมาใช้โดยไม่ส่งผลกระทบเชิงลบต่อการดำเนินธุรกิจ ในขณะที่ Vulnerability Management หมายถึงความสามารถในการระบุ ติดตาม จัดลำดับความสำคัญ และกำจัดช่องโหว่ในระบบและอุปกรณ์
199,5,Domain 5: Security Operations,The last phase in the data security cycle is:,ขั้นตอนสุดท้ายในวงจรความปลอดภัยของข้อมูล (Data Security Cycle) คือ:,A. Encryption | B. Backup | C. Archival github.com/ayemunhossain | D. Destruction,A. การเข้ารหัส (Encryption) | B. การสำรองข้อมูล (Backup) | C. การจัดเก็บถาวร (Archival) | D. การทำลาย (Destruction),D,"According to the data security lifecycle model, the last phase is Data Destruction, which aims at guaranteeing that data contained in a given support is erased and destroyed in a way that renders it completely irrecoverable by any means (see ISC2 Study Guide, chapter 5, module 1, under Data Handling). Archival refers to the process whereby an organization creates a long-term data archive for compliance, storage reduction or business intelligence. A Backup is a copy of files and programs created",ตามโมเดลวงจรชีวิตความปลอดภัยของข้อมูล ขั้นตอนสุดท้ายคือ Data Destruction ซึ่งมีเป้าหมายเพื่อรับประกันว่าข้อมูลที่จัดเก็บในสื่อบันทึกจะถูกลบและทำลายในลักษณะที่ไม่สามารถกู้คืนได้ด้วยวิธีใด ๆ
200,3,Domain 3: Access Controls Concepts,Which access control model specifies access to an object based on the subject's role in the organization?,โมเดลควบคุมการเข้าถึงใดที่ระบุการเข้าถึงวัตถุตามบทบาทของ subject ในองค์กร?,A. RBAC | B. MAC | C. DAC | D. ABAC,A. RBAC | B. MAC | C. DAC | D. ABAC,A,"The role-based access control (RBAC) model is well known for governing access to objects based on the roles of individual users within the organization. Mandatory access control is based on security classifications. Attribute-based access control is based on complex attribute rules. In discretionary access control, subjects can grant privileges to other subjects and change some of the security attributes of the objects they have access to.",โมเดล role-based access control (RBAC) เป็นที่รู้จักดีในการกำกับดูแลการเข้าถึงวัตถุตามบทบาทของผู้ใช้แต่ละคนภายในองค์กร Mandatory access control อิงตามการจัดประเภทความปลอดภัย Attribute-based access control อิงตามกฎคุณลักษณะที่ซับซ้อน
201,1,Domain 1: Security Principles,Which of the following is NOT an example of a physical security control?,ข้อใดไม่ใช่ตัวอย่างของการควบคุมความปลอดภัยทางกายภาพ?,A. Firewalls | B. Biometric access controls | C. Remote control electronic locks | D. Security cameras github.com/ayemunhossain,A. Firewalls | B. Biometric access controls | C. Remote control electronic locks | D. Security cameras,A,"Firewalls are a type of electronic equipment which connects to a network that filters inbound traffic arriving from the Internet, and, thus are a type of technical security controls. Security cameras, biometric access control and electronic locks, though connected to a network, control access to physical facilities, and thus are types of physical security controls. (ISC2 Study Guide, Chapter 1, Module 3)",ไฟร์วอลล์เป็นอุปกรณ์อิเล็กทรอนิกส์ที่เชื่อมต่อกับเครือข่ายเพื่อกรองทราฟฟิกขาเข้าจากอินเทอร์เน็ต จึงเป็นการควบคุมความปลอดภัยทางเทคนิค กล้องวงจรปิด การควบคุมการเข้าถึงด้วยไบโอเมตริกซ์ และล็อกอิเล็กทรอนิกส์ แม้จะเชื่อมต่อกับเครือข่าย แต่ควบคุมการเข้าถึงสถานที่ทางกายภาพ จึงเป็นการควบคุมความปลอดภัยทางกายภาพ
202,4,Domain 4: Network Security,Which type of attack will most effectively maintain remote access and control over the victim's computer?,การโจมตีประเภทใดที่มีประสิทธิภาพมากที่สุดในการรักษาการเข้าถึงและควบคุมคอมพิวเตอร์ของเหยื่อจากระยะไกล?,A. Trojans | B. Phishing | C. Cross-Site Scripting | D. Rootkits,A. Trojans | B. Phishing | C. Cross-Site Scripting | D. Rootkits,D,"A rootkit tries to maintain root-level access while concealing malicious activity. It typically creates a backdoor and attempts to remain undetected by anti-malware software. A rootkit is active while the system is running. Trojans can also create backdoors but are only active while a specific application is running, and thus are not as effective as a rootkit. Phishing is used to initiate attacks by redirecting the user to fake websites. Cross-Site Scripting is used to attack websites.",Rootkit พยายามรักษาการเข้าถึงระดับ root ในขณะที่ปกปิดกิจกรรมที่เป็นอันตราย มักสร้าง backdoor และพยายามหลบเลี่ยงการตรวจจับจากซอฟต์แวร์แอนตี้มัลแวร์ Rootkit ทำงานอยู่ตลอดเวลาที่ระบบทำงาน
203,2,"Domain 2: Business Continuity, Disaster Recovery, and Incident Response","In incident terminology, the meaning of Zero Day is:",ในศัพท์เฉพาะด้านเหตุการณ์ความหมายของ Zero Day คืออะไร?,A. Days to solve a previously unknown system vulnerability | B. A previously unknown system vulnerability | C. Days without a cybersecurity incident | D. Days with a cybersecurity incident,A. วันที่ใช้แก้ไขช่องโหว่ที่ไม่เคยรู้จักมาก่อน | B. ช่องโหว่ของระบบที่ไม่เคยถูกค้นพบมาก่อน | C. วันที่ไม่มีเหตุการณ์ด้านความปลอดภัยไซเบอร์ | D. วันที่เกิดเหตุการณ์ด้านความปลอดภัยไซเบอร์,B,"A 'Zero Day' is an unknown system vulnerability that can be exploited since it does not yet exist in any vulnerability database. Moreover, these vulnerabilities do not generally fit recognized patterns, signatures or methods (see ISC2 Study Guide Chapter 2, Module 1, under Incident Terminology), making them very hard to detect and prevent.",'Zero Day' คือช่องโหว่ของระบบที่ยังไม่เคยถูกค้นพบมาก่อน จึงยังไม่มีอยู่ในฐานข้อมูลช่องโหว่ใด ๆ ทำให้ตรวจจับและป้องกันได้ยาก
204,2,"Domain 2: Business Continuity, Disaster Recovery, and Incident Response",Which of the following is NOT a possible model for an Incident Response Team (IRT)?,ข้อใดไม่ใช่รูปแบบที่เป็นไปได้สำหรับทีมตอบสนองต่อเหตุการณ์ (IRT)?,A. Leveraged | B. Pre-existing | C. Dedicated | D. Hybrid,A. Leveraged | B. Pre-existing | C. Dedicated | D. Hybrid,B,"The three possible models for incident response are Leveraged, Dedicated, and Hybrid (see the ISC2 Study Guide, Chapter 2, Module 1, under Chapter Takeaways). The term 'Pre-existing' is not a valid model for an IRT.","สามรูปแบบที่เป็นไปได้ของทีมตอบสนองต่อเหตุการณ์คือ Leveraged, Dedicated และ Hybrid คำว่า 'Pre-existing' ไม่ใช่รูปแบบที่ถูกต้องของ IRT"
205,5,Domain 5: Security Operations,A device found not to comply with the security baseline should be:,อุปกรณ์ที่พบว่าไม่สอดคล้องกับ security baseline ควรถูก:,A. Disabled or separated into a quarantine area until a virus scan can be run | B. Disabled or isolated into a quarantine area until it can be checked and updated. | C. Placed in a demilitarized zone (DMZ) until it can be reviewed and updated | D. Marked as potentially vulnerable and placed in a quarantine area,A. ปิดใช้งานหรือแยกไว้ในพื้นที่กักกันจนกว่าจะสามารถสแกนไวรัสได้ | B. ปิดใช้งานหรือแยกไว้ในพื้นที่กักกันจนกว่าจะสามารถตรวจสอบและอัปเดตได้ | C. วางไว้ใน DMZ จนกว่าจะสามารถทบทวนและอัปเดตได้ | D. ทำเครื่องหมายว่ามีความเสี่ยงและวางไว้ในพื้นที่กักกัน,B,"Security baselines are used to guarantee that network devices, software, hardware and endpoints are configured consistently. Baselines ensure that all such devices comply with the security baseline set by the organization. Whenever a device is found not compliant with the security baseline, it may be disabled or isolated into a quarantine area until it can be checked and updated (see ISC2 Study Guide, chapter 5, module 2, under Configuration Management Overview). A github.com/ayemunhossain DMZ i",Security baseline ใช้เพื่อรับประกันว่าอุปกรณ์เครือข่าย ซอฟต์แวร์ ฮาร์ดแวร์ และ endpoint ได้รับการตั้งค่าอย่างสอดคล้องกัน เมื่อพบอุปกรณ์ที่ไม่สอดคล้องกับ baseline อาจต้องปิดใช้งานหรือแยกไว้ในพื้นที่กักกันจนกว่าจะสามารถตรวจสอบและอัปเดตได้
206,1,Domain 1: Security Principles,A biometric reader that grants access to a computer system in a data center is a:,เครื่องอ่านไบโอเมตริกซ์ที่ให้สิทธิ์เข้าถึงระบบคอมพิวเตอร์ในศูนย์ข้อมูลคือ:,A. Administrative Control | B. Physical Control | C. Authorization Control | D. Technical Control,A. Administrative Control | B. Physical Control | C. Authorization Control | D. Technical Control,D,"Physical controls have to do with the architectural features of buildings and facilities. Administrative controls are connected to the actions of people within the organization. Technical controls are implemented inside of computer systems. Authorization controls relate to the assets to which a user is granted access inside a particular computer system (see ISC2 Study Guide Chapter 1, Module 3).",การควบคุมทางกายภาพเกี่ยวข้องกับคุณลักษณะทางสถาปัตยกรรมของอาคารและสถานที่ การควบคุมเชิงบริหารเกี่ยวข้องกับการกระทำของบุคคลภายในองค์กร การควบคุมทางเทคนิคถูกนำไปใช้ภายในระบบคอมพิวเตอร์ การควบคุมด้านการอนุญาตเกี่ยวข้องกับทรัพย์สินที่ผู้ใช้ได้รับอนุญาตให้เข้าถึงภายในระบบคอมพิวเตอร์เฉพาะ
207,4,Domain 4: Network Security,Which type of attack PRIMARILY aims to make a resource inaccessible to its intended users?,การโจมตีประเภทใดที่มีวัตถุประสงค์หลักในการทำให้ทรัพยากรไม่สามารถเข้าถึงได้สำหรับผู้ใช้ที่ตั้งใจไว้?,A. Denials of Service | B. Phishing | C. Trojans | D. Cross-Site Scripting,A. Denials of Service | B. Phishing | C. Trojans | D. Cross-Site Scripting,A,"A denial of service attack (DoS) consists in compromising the availability of a system or service through a malicious overload of requests, which causes the activation of safety mechanisms that delay or limit the availability of that system or service. Due to this, systems or services are rendered inaccessible to their intended users. Trojans, phishing, and cross-site scripting attacks try to covertly gain access to the system or data, and therefore do not primarily aim at github.com/ayemunhossa",การโจมตีแบบ denial of service (DoS) เกี่ยวข้องกับการทำให้ availability ของระบบหรือบริการถูกบุกรุกผ่านการท่วมคำขอที่เป็นอันตราย ซึ่งก่อให้เกิดการเปิดใช้กลไกความปลอดภัยที่ทำให้ availability ของระบบหรือบริการล่าช้าหรือจำกัด
208,4,Domain 4: Network Security,Which type of attack embeds malicious payload inside a reputable or trusted software?,การโจมตีประเภทใดที่ฝัง payload ที่เป็นอันตรายไว้ในซอฟต์แวร์ที่มีชื่อเสียงหรือเชื่อถือได้?,A. Trojans | B. Phishing | C. Rootkits | D. Cross-Site Scripting,A. Trojans | B. Phishing | C. Rootkits | D. Cross-Site Scripting,A,"Trojans are a type of software that appears legitimate but has hidden malicious functions that evade security mechanisms, typically by exploiting legitimate authorizations of the user that invokes the program. Rootkits try to maintain privilege-level access while concealing malicious activity. They often replace system files, so they are activated when the system is restarted. Trojans often install Rootkits, but Rootkits are not the Trojans themselves). Phishing typically tries to redirect the u",Trojans คือซอฟต์แวร์ประเภทหนึ่งที่ดูเหมือนถูกต้องตามกฎหมายแต่มีฟังก์ชันที่เป็นอันตรายซ่อนอยู่ซึ่งหลบเลี่ยงกลไกความปลอดภัย โดยปกติจะใช้ประโยชน์จากการอนุญาตที่ถูกต้องของผู้ใช้ที่เรียกใช้โปรแกรม
209,4,Domain 4: Network Security,Which tool is commonly used to sniff network traffic? (★),เครื่องมือใดที่มักใช้ในการดักฟังทราฟฟิกเครือข่าย?,A. Burp Suite | B. John the Ripper | C. Wireshark | D. Nslookup,A. Burp Suite | B. John the Ripper | C. Wireshark | D. Nslookup,C,"Wireshark is the world's most widely-used and complete network protocol analyzer that, informally speaking, is the ""microscope"" of network traffic. John the Ripper is a famous Open Source password security auditing and password recovery tool. Nslookup is a network administration command-line tool for querying the Domain Name System that obtains the mapping between the domain name, IP address, or other DNS records. Finally, Burp Suite is a set of well- github.com/ayemunhossain known vulnerability",Wireshark คือเครื่องมือวิเคราะห์โปรโตคอลเครือข่ายที่ใช้กันอย่างแพร่หลายและครบถ้วนที่สุดในโลก ซึ่งเปรียบเสมือน 'กล้องจุลทรรศน์' ของทราฟฟิกเครือข่าย
210,4,Domain 4: Network Security,Which of these is not an attack against an IP network?,ข้อใดต่อไปนี้ไม่ใช่การโจมตีต่อเครือข่าย IP?,A. Side-channel Attack | B. Man-in-the-middle Attack | C. Fragmented Packet Attack | D. Oversized Packet Attack,A. Side-channel Attack | B. Man-in-the-middle Attack | C. Fragmented Packet Attack | D. Oversized Packet Attack,A,"Man-in-the-middle Attacks, Oversized Packet Attacks, and Fragmented Packet Attacks are typical IP network attacks (see ISC2 Study Guide, Chapter 4, Module 1, under Security of the Network). Side Channel Attacks are non-invasive attacks that extract information from devices (typically devices running cryptographic algorithms), and therefore do not aim at IP networks.","Man-in-the-middle Attacks, Oversized Packet Attacks และ Fragmented Packet Attacks เป็นการโจมตีเครือข่าย IP ทั่วไป Side Channel Attacks เป็นการโจมตีแบบไม่รุกล้ำที่ดึงข้อมูลจากอุปกรณ์ (โดยทั่วไปคืออุปกรณ์ที่รันอัลกอริทึมการเข้ารหัส) จึงไม่ได้มุ่งเป้าไปที่เครือข่าย IP"
211,1,Domain 1: Security Principles,The detailed steps to complete tasks supporting departmental or organizational policies are typically documented in:,ขั้นตอนโดยละเอียดในการทำงานให้เสร็จสมบูรณ์เพื่อสนับสนุนนโยบายของหน่วยงานหรือองค์กร มักถูกบันทึกไว้ใน:,A. Regulations | B. Standards | C. Policies | D. Procedures,A. Regulations | B. Standards | C. Policies | D. Procedures,D,"Policies are high-level documents that frame all ongoing activities of an organization to ensure that it complies with industry standards and regulations. Regulations are usually devised by governments. Standards are created by governing or professional bodies to support regulations. Both regulations and standards are created outside of the organization (see ISC2 Study Guide Chapter 1, Module 4). github.com/ayemunhossain",นโยบาย (Policies) เป็นเอกสารระดับสูงที่กำหนดกรอบกิจกรรมต่อเนื่องทั้งหมดขององค์กรเพื่อให้มั่นใจว่าสอดคล้องกับมาตรฐานอุตสาหกรรมและกฎระเบียบ กฎระเบียบมักถูกกำหนดโดยรัฐบาล มาตรฐานถูกสร้างขึ้นโดยหน่วยงานกำกับดูแลหรือวิชาชีพเพื่อสนับสนุนกฎระเบียบ
212,4,Domain 4: Network Security,Which device is used to connect a LAN to the Internet?,อุปกรณ์ใดใช้เพื่อเชื่อมต่อ LAN กับอินเทอร์เน็ต?,A. SIEM | B. HIDS | C. Router | D. Firewall,A. SIEM | B. HIDS | C. Router | D. Firewall,C,A router is a device that acts as a gateway between two or more networks by relaying and directing data packets between them. A firewall is a device that filters traffic coming from the Internet but does not seek to distribute traffic. Neither Security Information and Event Management (SIEM) systems nor Host Intrusion Detection Systems (HIDS) are monitoring devices nor applications that aim at inter-network connectivity.,Router คืออุปกรณ์ที่ทำหน้าที่เป็นเกตเวย์ระหว่างสองเครือข่ายขึ้นไป โดยส่งต่อและกำหนดเส้นทางแพ็กเก็ตข้อมูลระหว่างกัน Firewall เป็นอุปกรณ์ที่กรองทราฟฟิกจากอินเทอร์เน็ตแต่ไม่ได้มุ่งกระจายทราฟฟิก
213,5,Domain 5: Security Operations,What does SIEM mean?,SIEM ย่อมาจากอะไร?,A. Security Information and Enterprise Manager | B. Security Information and Event Manager | C. System Information and Enterprise Manager | D. System Information and Event Manager,A. Security Information and Enterprise Manager | B. Security Information and Event Manager | C. System Information and Enterprise Manager | D. System Information and Event Manager,B,"Security Information and Event Management (SIEM) is software for aggregating logs and events from applications, servers, network equipment, and specialized security equipment such as firewalls or Intrusion Prevention systems (IPS). SIEM offers a unified view of security-related data, and is capable of identifying deviations to the regular operation of systems that are often symptoms of attacks. The remaining options do not refer to any common term in Cybersecurity.",Security Information and Event Management (SIEM) คือซอฟต์แวร์สำหรับรวบรวม log และเหตุการณ์จากแอปพลิเคชัน เซิร์ฟเวอร์ อุปกรณ์เครือข่าย และอุปกรณ์ความปลอดภัยเฉพาะทาง เช่น ไฟร์วอลล์หรือระบบ Intrusion Prevention (IPS) SIEM ให้มุมมองรวมของข้อมูลที่เกี่ยวข้องกับความปลอดภัย และสามารถระบุความเบี่ยงเบนจากการทำงานปกติของระบบซึ่งมักเป็นสัญญาณของการโจมตี
214,1,Domain 1: Security Principles,A Security safeguard is the same as a: github.com/ayemunhossain,Security safeguard เหมือนกับ:,A. Safety control | B. Privacy control | C. Security control | D. Security principle,A. Safety control | B. Privacy control | C. Security control | D. Security principle,C,"Security safeguards are approved security measures taken to protect computational resources by eliminating or reducing the risk to a system. These can be measures like hardware and software mechanisms, policies, procedures, and physical controls (see NIST SP 800-28 Version 2, under safeguard). This definition matches the definition of security control as the means of managing risk, including policies, procedures, guidelines, practices, or organizational structures, which can be of an administrat",Security safeguards คือมาตรการความปลอดภัยที่ได้รับการอนุมัติเพื่อปกป้องทรัพยากรคอมพิวเตอร์โดยการขจัดหรือลดความเสี่ยงต่อระบบ ซึ่งอาจเป็นมาตรการต่าง ๆ เช่น กลไกฮาร์ดแวร์และซอฟต์แวร์ นโยบาย ขั้นตอน และการควบคุมทางกายภาพ นิยามนี้ตรงกับนิยามของ security control ในฐานะวิธีการจัดการความเสี่ยง
215,3,Domain 3: Access Controls Concepts,Which access control model can grant access to a given object based on complex rules?,โมเดลควบคุมการเข้าถึงใดที่สามารถให้สิทธิ์การเข้าถึงวัตถุที่กำหนดตามกฎที่ซับซ้อน?,A. DAC | B. ABAC | C. RBAC | D. MAC,A. DAC | B. ABAC | C. RBAC | D. MAC,B,"ABAC is an access control model that controls access to objects using rules that are evaluated according to the attributes of the subject, relevant objects, and attributes of the environment and action. The RBAC and MAC models are based on more straightforward and relatively less flexible rule systems, which are evaluated according to subject roles and security classifications. The rules that can be specified in a DAC model are even simpler than those of the previous two models",ABAC เป็นโมเดลควบคุมการเข้าถึงที่ควบคุมการเข้าถึงวัตถุโดยใช้กฎที่ประเมินตามคุณลักษณะของ subject วัตถุที่เกี่ยวข้อง และคุณลักษณะของสภาพแวดล้อมและการกระทำ โมเดล RBAC และ MAC อิงตามระบบกฎที่ตรงไปตรงมาและยืดหยุ่นน้อยกว่า
216,4,Domain 4: Network Security,Which port is used to secure communication over the web (HTTPS)?,พอร์ตใดที่ใช้เพื่อการสื่อสารที่ปลอดภัยบนเว็บ (HTTPS)?,A. 69 | B. 80 github.com/ayemunhossain | C. 25 | D. 443,A. 69 | B. 80 | C. 25 | D. 443,D,"All options show examples of logical communication ports. Port 80 is reserved for plain HTTP connections, port 69 for TFTP protocol; and port 25 for SMTP protocol. Port 443 is the one reserved for HTTPS connections.",ตัวเลือกทั้งหมดแสดงตัวอย่างของพอร์ตการสื่อสารเชิงตรรกะ พอร์ต 80 สงวนไว้สำหรับการเชื่อมต่อ HTTP แบบธรรมดา พอร์ต 69 สำหรับโปรโตคอล TFTP และพอร์ต 25 สำหรับโปรโตคอล SMTP พอร์ต 443 คือพอร์ตที่สงวนไว้สำหรับการเชื่อมต่อ HTTPS
217,2,"Domain 2: Business Continuity, Disaster Recovery, and Incident Response",Which of these has the PRIMARY objective of identifying and prioritizing critical business processes?,ข้อใดมีวัตถุประสงค์หลักในการระบุและจัดลำดับความสำคัญของกระบวนการทางธุรกิจที่สำคัญ?,A. Business Impact Plan | B. Business Impact Analysis | C. Disaster Recovery Plan | D. Business Continuity Plan,A. Business Impact Plan | B. Business Impact Analysis | C. Disaster Recovery Plan | D. Business Continuity Plan,B,"The term 'Business Impact Plan' does not exist. A Business Impact Analysis (BIA) is a technique for analyzing how disruptions can affect an organization, and determines the criticality of all business activities and associated resources. A Business Continuity Plan (BCP) is a pre-determined set of instructions describing how the mission/business processes of an organization will be sustained during and after a significant disruption. A Disaster Recovery Plan is a written plan for recovering infor",คำว่า 'Business Impact Plan' ไม่มีอยู่จริง ในขณะที่ Business Impact Analysis (BIA) คือเทคนิคการวิเคราะห์ว่าการหยุดชะงักส่งผลกระทบต่อองค์กรอย่างไร
218,1,Domain 1: Security Principles,Which of the following are NOT types of security controls?,ข้อใดไม่ใช่ประเภทของการควบคุมความปลอดภัย?,A. Common controls | B. Hybrid controls | C. System-specific controls | D. Storage controls github.com/ayemunhossain,A. Common controls | B. Hybrid controls | C. System-specific controls | D. Storage controls,D,"Storage controls are not a type of security control. Security controls are safeguards or countermeasures that an organization can employ to avoid, counteract or minimize security risks. System-specific controls are security controls that provide security capability for only one specific information system. Common controls are security controls that provide security capability for multiple information systems. Hybrid controls have characteristics of both system-specific and common controls.",Storage controls ไม่ใช่ประเภทของการควบคุมความปลอดภัย การควบคุมความปลอดภัยคือมาตรการป้องกันหรือมาตรการตอบโต้ที่องค์กรสามารถใช้เพื่อหลีกเลี่ยง ตอบโต้ หรือลดความเสี่ยงด้านความปลอดภัย System-specific controls เป็นการควบคุมที่ให้ความสามารถด้านความปลอดภัยสำหรับระบบสารสนเทศเฉพาะระบบเดียว Common controls ให้ความสามารถด้านความปลอดภัยสำหรับหลายระบบ
219,5,Domain 5: Security Operations,Which of the following is NOT a type of learning activity used in Security Awareness?,ข้อใดไม่ใช่ประเภทกิจกรรมการเรียนรู้ที่ใช้ใน Security Awareness?,A. Awareness | B. Training | C. Education | D. Tutorial,A. Awareness | B. Training | C. Education | D. Tutorial,D,"The three learning activities that organizations use in training for security awareness are Education, Training and Awareness (see ISC2 Study Guide, chapter 5, module 4). A tutorial is a form of training, but is not on the list of types of learning activities.","กิจกรรมการเรียนรู้สามประเภทที่องค์กรใช้ในการฝึกอบรมสร้างความตระหนักด้านความปลอดภัยคือ Education, Training และ Awareness ส่วน Tutorial เป็นรูปแบบหนึ่งของการฝึกอบรม แต่ไม่ได้อยู่ในรายการประเภทกิจกรรมการเรียนรู้"
220,1,Domain 1: Security Principles,"The magnitude of the harm expected as a result of the consequences of an unauthorized disclosure, modification, destruction, or loss of information, is known as the:",ขนาดของความเสียหายที่คาดว่าจะเกิดขึ้นจากผลของการเปิดเผย การดัดแปลง การทำลาย หรือการสูญเสียข้อมูลโดยไม่ได้รับอนุญาต เรียกว่า:,A. Vulnerability | B. Threat | C. Impact | D. Likelihood,A. Vulnerability | B. Threat | C. Impact | D. Likelihood,C,"The sentence matches the definition of the concept of impact (see NIST SP 800-60 Vol. 1 Rev. 1 under Impact). Furthermore, the ISC2 Study Guide, chapter 1, defines likelihood as the probability that a potential vulnerability may be exploited. A threat is defined as a circumstance or event that can adversely impact organizational operations. A vulnerability is a weakness that a threat can exploit.",ประโยคนี้ตรงกับนิยามของแนวคิด impact นอกจากนี้ ISC2 Study Guide บทที่ 1 นิยาม likelihood ว่าเป็นความน่าจะเป็นที่ช่องโหว่ที่มีศักยภาพอาจถูกใช้ประโยชน์ Threat ถูกนิยามว่าเป็นสถานการณ์หรือเหตุการณ์ที่สามารถส่งผลกระทบเชิงลบต่อการดำเนินงานขององค์กร Vulnerability คือจุดอ่อนที่ Threat สามารถใช้ประโยชน์ได้
221,1,Domain 1: Security Principles,The implementation of Security Controls is a form of:,การนำการควบคุมความปลอดภัย (Security Controls) มาใช้เป็นรูปแบบหนึ่งของ:,A. Risk reduction | B. Risk acceptance | C. Risk avoidance | D. Risk transference,A. Risk reduction | B. Risk acceptance | C. Risk avoidance | D. Risk transference,A,"The implementation of Security Controls involves taking actions to mitigate risk, and thus is a form of risk reduction. Risk acceptance will take no action, risk avoidance will modify operations in order to avoid risk entirely, and risk transference will transfer the risk to another party.",การนำการควบคุมความปลอดภัยมาใช้เกี่ยวข้องกับการดำเนินการเพื่อลดความเสี่ยง จึงเป็นรูปแบบหนึ่งของ risk reduction Risk acceptance คือการไม่ดำเนินการใด ๆ risk avoidance คือการปรับเปลี่ยนการดำเนินงานเพื่อหลีกเลี่ยงความเสี่ยงทั้งหมด และ risk transference คือการโอนความเสี่ยงไปยังฝ่ายอื่น
222,4,Domain 4: Network Security,Which of the following attacks take advantage of poor input validation in websites?,การโจมตีใดต่อไปนี้ใช้ประโยชน์จากการตรวจสอบข้อมูลนำเข้าที่ไม่ดีในเว็บไซต์?,A. Trojans | B. Cross-Site Scripting | C. Phishing | D. Rootkits,A. Trojans | B. Cross-Site Scripting | C. Phishing | D. Rootkits,B,"Cross-Site Scripting (XSS) is a type of attack where malicious executable scripts are injected into the code of an otherwise benign website (or web application). Websites are vulnerable to XSS when they display data originating from requests or forms without validating it (and further sanitizing it, so that it is not executable). Trojans and phishing are github.com/ayemunhossain attacks where software applications and messages try to appear legitimate but have hidden malicious functions, not nec",Cross-Site Scripting (XSS) คือการโจมตีที่สคริปต์ที่สามารถรันได้ซึ่งเป็นอันตรายถูกแทรกเข้าไปในโค้ดของเว็บไซต์ที่ไม่มีอันตราย เว็บไซต์มีความเสี่ยงต่อ XSS เมื่อแสดงข้อมูลที่มาจากคำขอหรือแบบฟอร์มโดยไม่ได้ตรวจสอบความถูกต้อง
223,1,Domain 1: Security Principles,Which of the following is an example of an administrative security control?,ข้อใดเป็นตัวอย่างของการควบคุมความปลอดภัยเชิงบริหาร (Administrative security control)?,A. Access Control Lists | B. Acceptable Use Policies | C. Badge Readers | D. No entry signs,A. Access Control Lists | B. Acceptable Use Policies | C. Badge Readers | D. No entry signs,B,"Policies are a type of administrative security controls. An access control list is a type of technical security control. A badge reader and a 'No entry' sign are types of physical security controls (see ISC2 Study Guide, Chapter 1, Module 3).",นโยบายเป็นประเภทหนึ่งของการควบคุมความปลอดภัยเชิงบริหาร รายการควบคุมการเข้าถึง (Access control list) เป็นการควบคุมความปลอดภัยทางเทคนิค เครื่องอ่านบัตรและป้าย 'ห้ามเข้า' เป็นการควบคุมความปลอดภัยทางกายภาพ
224,5,Domain 5: Security Operations,"In Change Management, which component addresses the procedures needed to undo changes?",ใน Change Management องค์ประกอบใดที่จัดการขั้นตอนที่จำเป็นในการยกเลิกการเปลี่ยนแปลง?,A. Request for Approval | B. Request for Change | C. Rollback | D. Disaster and Recover,A. Request for Approval | B. Request for Change | C. Rollback | D. Disaster and Recover,C,"In Change Management, the Request For Change (RFC) is the first stage of the request: it formalizes the change from the stakeholders' point of view. The next phase is the Approval phase, where each stakeholder reviews the change, identifies and allocates the corresponding resources, and eventually either approves or rejects the change (appropriately documenting the approval or rejection). Finally, the Rollback phase addresses the actions to take when the monitoring change suggests a failure or i","ใน Change Management, Request For Change (RFC) เป็นขั้นตอนแรกของคำขอ: ทำให้การเปลี่ยนแปลงเป็นทางการจากมุมมองของผู้มีส่วนได้ส่วนเสีย ขั้นตอนถัดไปคือขั้นตอนการอนุมัติ และสุดท้ายคือขั้นตอน Rollback ที่จัดการการดำเนินการเมื่อการเปลี่ยนแปลงที่ถูกเฝ้าติดตามบ่งชี้ถึงความล้มเหลว"
225,5,Domain 5: Security Operations,Which of the following properties is NOT guaranteed by Digital Signatures?,คุณสมบัติใดที่ Digital Signatures ไม่ได้รับประกัน?,A. Authentication | B. Confidentiality | C. Non-Repudiation | D. Integrity,A. Authentication | B. Confidentiality | C. Non-Repudiation | D. Integrity,B,"The correct answer is B. A digital signature is the result of a cryptographic transformation of data which is useful for providing: data origin authentication, data integrity, and non-repudiation of the signer (see NIST SP 800-12 Rev. 1 under Digital Signature). However, digital signatures cannot guarantee confidentiality (i.e. the property of data or information not being made available or disclosed).",คำตอบคือ B ลายเซ็นดิจิทัลเป็นผลลัพธ์ของการแปลงข้อมูลทางการเข้ารหัสซึ่งมีประโยชน์ในการให้: การยืนยันแหล่งที่มาของข้อมูล ความถูกต้องครบถ้วนของข้อมูล และ non-repudiation ของผู้ลงนาม อย่างไรก็ตาม ลายเซ็นดิจิทัลไม่สามารถรับประกันความลับ (confidentiality) ได้
226,5,Domain 5: Security Operations,Which devices have the PRIMARY objective of collecting and analyzing security events?,อุปกรณ์ใดมีวัตถุประสงค์หลักในการรวบรวมและวิเคราะห์เหตุการณ์ด้านความปลอดภัย?,A. Hubs | B. Firewalls | C. Routers | D. SIEM,A. Hubs | B. Firewalls | C. Routers | D. SIEM,D,A Security Information and Event Management (SIEM) system is an application that gathers security data from information system components and presents actionable information through a unified interface. Routers and Hubs aim to receive and forward traffic. Firewalls filter incoming traffic. Neither of these last three options aims at collecting and analyzing security events.,ระบบ Security Information and Event Management (SIEM) คือแอปพลิเคชันที่รวบรวมข้อมูลความปลอดภัยจากส่วนประกอบของระบบสารสนเทศและนำเสนอข้อมูลที่สามารถนำไปปฏิบัติได้ผ่านอินเทอร์เฟซแบบรวม Routers และ Hubs มีเป้าหมายเพื่อรับและส่งต่อทราฟฟิก ส่วน Firewalls กรองทราฟฟิกขาเข้า
227,5,Domain 5: Security Operations,What is an effective way of hardening a system? github.com/ayemunhossain,วิธีที่มีประสิทธิภาพในการทำ hardening ระบบคืออะไร?,A. Patch the system | B. Have an IDS in place | C. Run a vulnerability scan | D. Create a DMZ for web application services,A. แพตช์ระบบ | B. มี IDS ติดตั้งอยู่ | C. รันการสแกนช่องโหว่ | D. สร้าง DMZ สำหรับบริการเว็บแอปพลิเคชัน,A,"According to NIST SP 800-152, hardening is defined as the process of eliminating the means of an attack by simultaneously patching vulnerabilities and turning off nonessential services. The ISC2 Study Guide, chapter 5, module 2, under Configuration Management Overview, reads ""One of the best ways to achieve a hardened system is to have updates, patches, and service packs installed automatically"". Vulnerability scans and IDS do not eliminate the means of an attack. The DMZ does not eliminate vuln",ตาม NIST SP 800-152 การ hardening ถูกนิยามว่าเป็นกระบวนการขจัดช่องทางการโจมตีด้วยการแพตช์ช่องโหว่พร้อมกับปิดบริการที่ไม่จำเป็น การสแกนช่องโหว่และ IDS ไม่ได้ขจัดช่องทางการโจมตี และ DMZ ก็ไม่ได้ขจัดช่องโหว่เช่นกัน
228,5,Domain 5: Security Operations,Which type of key can be used to both encrypt and decrypt the same message?,กุญแจประเภทใดที่สามารถใช้ทั้งเข้ารหัสและถอดรหัสข้อความเดียวกันได้?,A. A public key | B. A private key | C. An asymmetric key | D. A symmetric key,A. Public key | B. Private key | C. Asymmetric key | D. Symmetric key,D,"Symmetric-key algorithms are a class of cryptographic algorithms that use a single key for both encrypting and decrypting of data. Asymmetric cryptography uses pairs of related keys: the public and the corresponding private keys. A message encrypted with the public key can only be decrypted by its corresponding private key, and vice versa. The term 'asymmetric key' is not applicable here.",อัลกอริทึมแบบ Symmetric-key คือกลุ่มอัลกอริทึมการเข้ารหัสที่ใช้กุญแจเดียวสำหรับทั้งการเข้ารหัสและถอดรหัสข้อมูล ในขณะที่การเข้ารหัสแบบ Asymmetric ใช้คู่กุญแจที่สัมพันธ์กัน: public key และ private key ที่สอดคล้องกัน
229,5,Domain 5: Security Operations,Which regulations address data protection and privacy in Europe?,กฎระเบียบใดที่เกี่ยวข้องกับการปกป้องข้อมูลและความเป็นส่วนตัวในยุโรป?,A. SOX | B. HIPAA github.com/ayemunhossain | C. FISMA | D. GDPR,A. SOX | B. HIPAA | C. FISMA | D. GDPR,D,The General Data Protection Regulation (GDPR) is the official EU regulation for data protection and privacy. The remaining three options only apply to the United States. The Federal Information Security Management Act (FISMA) contains guidelines and security standards that protect government information and operations in the United States. The Sarbanes–Oxley (SOx) Act of 2002 is a United States federal law that mandates and regulates financial record-keeping and reporting practices for corporati,General Data Protection Regulation (GDPR) คือกฎระเบียบอย่างเป็นทางการของ EU สำหรับการปกป้องข้อมูลและความเป็นส่วนตัว ตัวเลือกอีกสามข้อใช้เฉพาะในสหรัฐอเมริกาเท่านั้น
230,4,Domain 4: Network Security,Which of the following types of devices inspect packet header information to either allow or deny network traffic?,อุปกรณ์ประเภทใดต่อไปนี้ที่ตรวจสอบข้อมูล header ของแพ็กเก็ตเพื่ออนุญาตหรือปฏิเสธทราฟฟิกเครือข่าย?,A. Hubs | B. Firewalls | C. Routers | D. Switches,A. Hubs | B. Firewalls | C. Routers | D. Switches,B,"Standard firewalls examine IP packet headers and flags in order to block or allow traffic from predefined rules. More recently, firewalls with Intrusion Detection Capability (IDS) also analyze each individual packet, looking for specific patterns known to be malicious, and then blocking traffic whenever such patterns are found. Routers, Switches, and Hubs have limited packet filtering capabilities, or none at all. A Router is a device that acts as a gateway between two or more networks by relayi","ไฟร์วอลล์มาตรฐานตรวจสอบ header และ flag ของแพ็กเก็ต IP เพื่อบล็อกหรืออนุญาตทราฟฟิกตามกฎที่กำหนดไว้ล่วงหน้า Routers, Switches และ Hubs มีความสามารถในการกรองแพ็กเก็ตที่จำกัดหรือไม่มีเลย"
231,4,Domain 4: Network Security,A web server that accepts requests from external clients should be placed in which network?,เว็บเซิร์ฟเวอร์ที่รับคำขอจากไคลเอนต์ภายนอกควรถูกวางไว้ในเครือข่ายใด?,A. Intranet github.com/ayemunhossain | B. DMZ | C. Internal Network | D. VPN,A. Intranet | B. DMZ | C. Internal Network | D. VPN,B,"In Cybersecurity, a DMZ (demilitarized zone) is a physical or logical subnetwork that contains and exposes external-facing services (such as web services). An Internal Network is an organization-controlled network that is isolated from external access. An Intranet is itself an internal network that supports similar protocols and services to the Internet, but only for the organization's internal use. A Virtual Private Network (VPN) creates a secure tunnel between endpoints (whether between networ",ในความปลอดภัยไซเบอร์ DMZ (demilitarized zone) คือเครือข่ายย่อยทางกายภาพหรือทางตรรกะที่มีและเปิดเผยบริการที่หันหน้าออกสู่ภายนอก (เช่น บริการเว็บ) Internal Network คือเครือข่ายที่องค์กรควบคุมซึ่งแยกออกจากการเข้าถึงจากภายนอก
232,1,Domain 1: Security Principles,Sensitivity is a measure of the …:,ความอ่อนไหว (Sensitivity) เป็นการวัด …:,"A. … protection and timeliness assigned to information by its owner, or the purpose of representing its need for urgency. | B. … urgency and protection assigned to information by its owner. | C. … importance assigned to information by its owner, or the purpose of representing its need for protection. | D. … pertinence assigned to information by its owner, or the purpose of representing its need for urgency.",A. … การป้องกันและความทันเวลาที่กำหนดให้กับข้อมูลโดยเจ้าของ หรือวัตถุประสงค์ในการแสดงถึงความจำเป็นด้านความเร่งด่วน | B. … ความเร่งด่วนและการป้องกันที่กำหนดให้กับข้อมูลโดยเจ้าของ | C. … ความสำคัญที่กำหนดให้กับข้อมูลโดยเจ้าของ หรือวัตถุประสงค์ในการแสดงถึงความจำเป็นด้านการป้องกัน | D. … ความเกี่ยวข้องที่กำหนดให้กับข้อมูลโดยเจ้าของ หรือวัตถุประสงค์ในการแสดงถึงความจำเป็นด้านความเร่งด่วน,C,"Sensitivity is also defined as the measure of the importance assigned to information by its owner, or the purpose of representing its need for protection (see the ISC2 study guide, module 1, under CIA Deep Dive).",Sensitivity ยังถูกนิยามว่าเป็นการวัดความสำคัญที่กำหนดให้กับข้อมูลโดยเจ้าของ หรือวัตถุประสงค์ในการแสดงถึงความจำเป็นในการป้องกัน
233,5,Domain 5: Security Operations,How many data labels are considered good practice?,ป้ายกำกับข้อมูล (Data labels) กี่ประเภทที่ถือเป็นแนวปฏิบัติที่ดี?,A. 2 - 3 | B. 1 | C. 1-2 github.com/ayemunhossain | D. >4,A. 2-3 | B. 1 | C. 1-2 | D. มากกว่า 4,A,"According to the ISC2 Study Guide, chapter 5, module 1, under Data Handling Practices in Labeling, we read that two or three classifications are manageable, but more than four tend to be challenging to manage.",ตาม ISC2 Study Guide บทที่ 5 โมดูล 1 ในหัวข้อ Data Handling Practices in Labeling ระบุว่าการจัดประเภท 2 หรือ 3 ประเภทนั้นสามารถจัดการได้ดี แต่มากกว่า 4 ประเภทมักจะจัดการได้ยาก
234,5,Domain 5: Security Operations,Security posters are an element PRIMARILY employed in: (★),โปสเตอร์ด้านความปลอดภัยเป็นองค์ประกอบที่ใช้เป็นหลักใน:,A. Security Awareness | B. Incident Response Plans | C. Business Continuity Plans | D. Physical Security Controls,A. Security Awareness | B. Incident Response Plans | C. Business Continuity Plans | D. Physical Security Controls,A,"Security posters are used to raise the awareness of employees regarding security threats, and thus are primarily employed in Security Awareness (see ISC2 Study Guide, chapter 5, module 4).",โปสเตอร์ด้านความปลอดภัยใช้เพื่อสร้างความตระหนักของพนักงานเกี่ยวกับภัยคุกคามด้านความปลอดภัย จึงถูกใช้เป็นหลักใน Security Awareness
235,1,Domain 1: Security Principles,Which of these types of user is LESS likely to have a privileged account?,ผู้ใช้ประเภทใดต่อไปนี้มีโอกาสน้อยที่สุดที่จะมีบัญชีสิทธิพิเศษ (Privileged account)?,A. System Administrator | B. Security Analyst | C. Help Desk | D. External Worker,A. System Administrator | B. Security Analyst | C. Help Desk | D. External Worker,D,"Typically, external workers should not have access to privileged accounts, due to the possibility of misuse. The Help Desk (or IT Support Staff) may have to view or manipulate endpoints, servers and applications platforms using privileged or restricted operations. Security analysts may require fast access to the IT infrastructure, systems, endpoints and data environment. By definition, systems administrators require privileged accounts, since they are responsible for operating systems, deploying",โดยทั่วไป พนักงานภายนอกไม่ควรมีสิทธิ์เข้าถึงบัญชีสิทธิพิเศษ เนื่องจากความเป็นไปได้ในการใช้ในทางที่ผิด ฝ่าย Help Desk อาจต้องดูหรือจัดการ endpoint เซิร์ฟเวอร์ และแพลตฟอร์มแอปพลิเคชันโดยใช้การดำเนินการที่มีสิทธิพิเศษหรือถูกจำกัด นักวิเคราะห์ความปลอดภัยอาจต้องการการเข้าถึงโครงสร้างพื้นฐาน IT อย่างรวดเร็ว โดยนิยาม ผู้ดูแลระบบต้องการบัญชีสิทธิพิเศษเนื่องจากรับผิดชอบระบบปฏิบัติการ
236,5,Domain 5: Security Operations,Which of the following is NOT an element of System Security Configuration Management?,ข้อใดไม่ใช่องค์ประกอบของ System Security Configuration Management?,A. Inventory | B. Baselines | C. Updates | D. Audit logs,A. Inventory | B. Baselines | C. Updates | D. Audit logs,D,"System Security Configuration Management elements are inventories, baselines, updates and patches. Audit logs can be generated after 'Verification and Audit'. However, 'Verification and Audit' is a configuration management procedure, and not a configuration management element (see ISC2 Study Guide, chapter 5, module 2, under Chapter Resource).","องค์ประกอบของ System Security Configuration Management คือ inventories, baselines, updates และ patches ส่วน Audit logs สามารถถูกสร้างขึ้นหลังจาก 'Verification and Audit' แต่ 'Verification and Audit' เป็นขั้นตอนการจัดการค่าคอนฟิก ไม่ใช่องค์ประกอบ"
237,2,"Domain 2: Business Continuity, Disaster Recovery, and Incident Response",Which are the components of an incident response plan?,องค์ประกอบของแผนตอบสนองต่อเหตุการณ์คืออะไร?,"A. Preparation -> Detection and Analysis -> Recovery -> Containment -> Eradication -> Post-Incident Activity | B. Preparation -> Detection and Analysis -> Containment -> Eradication -> Post-Incident Activity -> Recovery | C. Preparation -> Detection and Analysis -> Eradication -> Recovery -> Containment -> Post-Incident Activity | D. Preparation -> Detection and Analysis -> Containment, Eradication and Recovery -> Post-Incident Activity","A. Preparation -> Detection and Analysis -> Recovery -> Containment -> Eradication -> Post-Incident Activity | B. Preparation -> Detection and Analysis -> Containment -> Eradication -> Post-Incident Activity -> Recovery | C. Preparation -> Detection and Analysis -> Eradication -> Recovery -> Containment -> Post-Incident Activity | D. Preparation -> Detection and Analysis -> Containment, Eradication and Recovery -> Post-Incident Activity",D,"The components commonly found in an incident response plan are (in this order): Preparation; Detection and Analysis; Containment, Eradication and Recovery; Post-Incident Activity (see the ISC2 Chapter 2, Module 1, under Components of github.com/ayemunhossain an Incident Response Plan).","องค์ประกอบมาตรฐานของแผนตอบสนองต่อเหตุการณ์ตามลำดับคือ: Preparation, Detection and Analysis, Containment/Eradication/Recovery และ Post-Incident Activity"
238,3,Domain 3: Access Controls Concepts,Which of the following is an example of 2FA?,ข้อใดเป็นตัวอย่างของ 2FA?,A. Badges | B. Passwords | C. Keys | D. One-Time passwords (OTA),A. บัตรผ่าน | B. รหัสผ่าน | C. กุญแจ | D. รหัสผ่านแบบใช้ครั้งเดียว (OTP),D,"One-time passwords are typically generated by a device (i.e. ""something you have"") and are required in addition to the actual main password (i.e. ""something you know""). Badges, keys and passwords with no other overlapping authentication controls are considered single-factor (and thus are not 2FA).",รหัสผ่านแบบใช้ครั้งเดียวมักถูกสร้างโดยอุปกรณ์ (คือ 'สิ่งที่คุณมี') และจำเป็นต้องใช้ร่วมกับรหัสผ่านหลักจริง (คือ 'สิ่งที่คุณรู้') บัตรผ่าน กุญแจ และรหัสผ่านที่ไม่มีการควบคุมยืนยันตัวตนซ้อนทับกันอื่น ๆ ถือเป็นปัจจัยเดียว (จึงไม่ใช่ 2FA)
239,2,"Domain 2: Business Continuity, Disaster Recovery, and Incident Response",The predetermined set of instructions or procedures to sustain business operations after a disaster is commonly known as:,ชุดคำสั่งหรือขั้นตอนที่กำหนดไว้ล่วงหน้าเพื่อรักษาการดำเนินธุรกิจหลังเกิดภัยพิบัติ เรียกว่าอะไร?,A. Business Impact Analysis | B. Disaster Recovery Plan | C. Business Impact Plan | D. Business Continuity Plan,A. Business Impact Analysis | B. Disaster Recovery Plan | C. Business Impact Plan | D. Business Continuity Plan,D,"A Business Continuity Plan (BCP) is a pre-determined set of instructions describing how an organization's mission/business processes will be sustained during and after a significant disruption (see Chapter 2 ISC2 Study Guide, module 4, under Terms and Definitions). A Business Impact Analysis (BIA) is a technique for analyzing how disruptions can affect an organization. A Disaster Recovery Plan is a written plan for recovering information systems in response to a major failure or disaster. The te",Business Continuity Plan (BCP) คือชุดคำสั่งที่กำหนดไว้ล่วงหน้าเพื่ออธิบายว่ากระบวนการทางธุรกิจขององค์กรจะดำเนินต่อไปอย่างไรในระหว่างและหลังเหตุการณ์หยุดชะงักสำคัญ
240,5,Domain 5: Security Operations,Which of the following is NOT a feature of a cryptographic hash function?,ข้อใดไม่ใช่คุณสมบัติของฟังก์ชันแฮชเข้ารหัส (Cryptographic hash function)?,A. Reversible | B. Unique | C. Deterministic | D. Useful,A. Reversible (ย้อนกลับได้) | B. Unique (มีเอกลักษณ์) | C. Deterministic (แน่นอน) | D. Useful (มีประโยชน์),B,"A cryptographic hash function should be unique, deterministic, useful, tamper-evident (also referred to as 'the avalanche effect' or 'integrity assurance') and non-reversible (also referred to as 'one-way'). Nonreversible means it is impossible to reverse the hash function to derive the original text of a message from its hash output value (see ISC2 Study Guide, chapter 5, module 1, under Encryption Overview). Thus, the 'reversible' feature is not a feature of a hash function.",ฟังก์ชันแฮชเข้ารหัสควรมีเอกลักษณ์ แน่นอน มีประโยชน์ ตรวจจับการดัดแปลงได้ (หรือเรียกว่า 'avalanche effect') และไม่สามารถย้อนกลับได้ (non-reversible หรือ 'one-way') การไม่สามารถย้อนกลับหมายความว่าเป็นไปไม่ได้ที่จะย้อนฟังก์ชันแฮชเพื่อหาข้อความต้นฉบับจากผลลัพธ์แฮชของมัน ดังนั้นคุณสมบัติ 'reversible' จึงไม่ใช่คุณสมบัติของฟังก์ชันแฮช
241,4,Domain 4: Network Security,Which are the three packets used on the TCP connection handshake? (★),แพ็กเก็ตสามตัวที่ใช้ในการ handshake การเชื่อมต่อ TCP คือ?,A. Offer → Request → ACK | B. SYN → SYN/ACK → ACK | C. SYN → ACK → FIN | D. Discover → Offer → Request,A. Offer → Request → ACK | B. SYN → SYN/ACK → ACK | C. SYN → ACK → FIN | D. Discover → Offer → Request,B,"TCP uses a three-way handshake to establish a reliable connection by exchanging three packets with the SYN, SYN/ACK and ACK flags. Although SYN, ACK and FIN are valid TCP packet flags, the sequence SYN → ACK → FIN is not the TCP handshake. Both the sequences Discover → Offer → Request and Offer → Request → ACK are used in DHCP (but are still incomplete, since DHCP is a four-way handshake).","TCP ใช้ three-way handshake เพื่อสร้างการเชื่อมต่อที่เชื่อถือได้โดยการแลกเปลี่ยนแพ็กเก็ตสามตัวด้วย flag SYN, SYN/ACK และ ACK แม้ SYN, ACK และ FIN จะเป็น TCP packet flag ที่ถูกต้อง แต่ลำดับ SYN → ACK → FIN ไม่ใช่ TCP handshake"
242,2,"Domain 2: Business Continuity, Disaster Recovery, and Incident Response","After an earthquake disrupting business operations, which document contains the procedures required to return business github.com/ayemunhossain to normal operation?",หลังเกิดแผ่นดินไหวที่ทำให้การดำเนินธุรกิจหยุดชะงัก เอกสารใดมีขั้นตอนที่จำเป็นในการนำธุรกิจกลับสู่การดำเนินงานปกติ?,A. The Business Impact Plan | B. The Business Impact Analysis | C. The Business Continuity Plan | D. The Disaster Recovery Plan,A. The Business Impact Plan | B. The Business Impact Analysis | C. The Business Continuity Plan | D. The Disaster Recovery Plan,D,"A Disaster Recovery Plan (DRP) is a plan for processing and restoring operations in the event of a significant hardware or software failure, or of the destruction of the organization's facilities. The primary goal of a DRP is to restore the business to the last-known reliable state of operations (see Chapter 2 ISC2 Study Guide, module 4, under The Goal of Disaster Recovery). The term 'Business Impact Plan' does not exist. A Business Continuity Plan (BCP) is a pre-determined set of instructions d",Disaster Recovery Plan (DRP) คือแผนสำหรับประมวลผลและกู้คืนการดำเนินงานเมื่อเกิดความล้มเหลวของฮาร์ดแวร์/ซอฟต์แวร์ครั้งใหญ่ หรือการทำลายสถานที่ขององค์กร
243,4,Domain 4: Network Security,What is the consequence of a Denial Of Service attack?,ผลที่ตามมาของการโจมตีแบบ Denial Of Service คืออะไร?,A. Exhaustion of device resources | B. Malware Infection | C. Increase in the availability of resources | D. Remote control of a device,A. การทำให้ทรัพยากรของอุปกรณ์หมดสิ้น | B. การติดเชื้อมัลแวร์ | C. การเพิ่มความพร้อมใช้งานของทรัพยากร | D. การควบคุมอุปกรณ์จากระยะไกล,A,"A denial of service attack (DoS) consists in a malicious overload of requests which will eventually lead to the exhaustion of resources, rendering the service unavailable, as well as causing the activation of safety mechanisms that delay or limit the availability of that system or service. This type of attack seeks to compromise service availability, but not to control a device nor to install malware.",การโจมตีแบบ denial of service (DoS) เกี่ยวข้องกับการท่วมคำขอที่เป็นอันตรายซึ่งในที่สุดจะนำไปสู่การหมดสิ้นของทรัพยากร ทำให้บริการไม่พร้อมใช้งาน รวมถึงก่อให้เกิดการเปิดใช้กลไกความปลอดภัยที่ทำให้ availability ของระบบหรือบริการล่าช้าหรือจำกัด
244,5,Domain 5: Security Operations,"According to ISC2, which are the six phases of data handling? github.com/ayemunhossain",ตาม ISC2 หกขั้นตอนของการจัดการข้อมูลคืออะไร?,A. Create -> Use -> Store -> Share -> Archive -> Destroy | B. Create -> Store -> Use -> Share -> Archive -> Destroy | C. Create -> Share -> Use ->Store -> Archive -> Destroy | D. Create -> Share -> Store -> Use -> Archive -> Destroy,A. Create -> Use -> Store -> Share -> Archive -> Destroy | B. Create -> Store -> Use -> Share -> Archive -> Destroy | C. Create -> Share -> Use ->Store -> Archive -> Destroy | D. Create -> Share -> Store -> Use -> Archive -> Destroy,B,"According to the data security lifecycle model, the six phases of data security lifecycle model are Create -> Store -> Use -> Share -> Archive -> Destroy (see ISC2 Study Guide, chapter 5, module 1 under data handling).",ตามโมเดลวงจรชีวิตความปลอดภัยของข้อมูล หกขั้นตอนของวงจรชีวิตความปลอดภัยของข้อมูลคือ Create -> Store -> Use -> Share -> Archive -> Destroy
245,2,"Domain 2: Business Continuity, Disaster Recovery, and Incident Response",Which of the following is less likely to be part of an incident response team?,ข้อใดมีโอกาสน้อยที่สุดที่จะเป็นส่วนหนึ่งของทีมตอบสนองต่อเหตุการณ์?,A. Legal representatives | B. Human Resources | C. Representatives of senior management | D. Information security professionals,A. ตัวแทนฝ่ายกฎหมาย | B. ฝ่ายทรัพยากรบุคคล | C. ตัวแทนผู้บริหารระดับสูง | D. ผู้เชี่ยวชาญด้านความปลอดภัยสารสนเทศ,B,"The incident response team carries out the post-incident analysis phase of an incident response plan. They are a cross- functional group of individuals representing the management, technical and functional areas of responsibility most directly impacted by a security incident. In the incident response team, we typically find (i) representatives of senior management, (ii) information security professionals, (iii) legal representatives, (iv) public affairs/communications representatives, (v) engine",ทีมตอบสนองต่อเหตุการณ์ทำหน้าที่วิเคราะห์หลังเกิดเหตุการณ์ โดยทั่วไปประกอบด้วยตัวแทนผู้บริหาร ผู้เชี่ยวชาญความปลอดภัย ตัวแทนฝ่ายกฎหมาย และฝ่ายสื่อสาร ส่วนฝ่ายทรัพยากรบุคคลมักไม่ได้เป็นสมาชิกหลัก
246,4,Domain 4: Network Security,Which of these tools is commonly used to crack passwords? (★),เครื่องมือใดต่อไปนี้มักใช้ในการเจาะรหัสผ่าน?,A. Burp Suite | B. Nslookup github.com/ayemunhossain | C. John the Ripper | D. Wireshark,A. Burp Suite | B. Nslookup | C. John the Ripper | D. Wireshark,C,"John the Ripper is a famous Open Source password security auditing and password recovery tool. Burp Suite is a well- known set of tools for vulnerability scanning, penetration testing, and web app security (not for cracking passwords). The remaining options are both network analysis tools. Wireshark is the most used network protocol analyzer in the world. Nslookup is a network administration command-line tool for querying the Domain Name System to obtain the mapping between the domain name, IP a",John the Ripper คือเครื่องมือตรวจสอบความปลอดภัยรหัสผ่านและกู้คืนรหัสผ่านแบบ Open Source ที่มีชื่อเสียง Burp Suite เป็นชุดเครื่องมือที่รู้จักกันดีสำหรับการสแกนช่องโหว่ การทดสอบเจาะระบบ และความปลอดภัยของเว็บแอป (ไม่ใช่สำหรับเจาะรหัสผ่าน)
247,5,Domain 5: Security Operations,"In order to find out whether personal tablet devices are allowed in the office, which of the following policies would be helpful to read?",เพื่อค้นหาว่าอนุญาตให้ใช้อุปกรณ์แท็บเล็ตส่วนตัวในสำนักงานหรือไม่ ควรอ่านนโยบายใด?,A. BYOD | B. Privacy Policy | C. Change Management Policy | D. AUP,A. BYOD | B. Privacy Policy | C. Change Management Policy | D. AUP,A,"The Bring Your Own Device (BYOD) policy establishes rules for using personal devices for work-related activities. The Acceptable Use Policy (AUP) defines the permissions and limitations that users must agree to while accessing the network and using computer systems or any other organizational resources. The Privacy Policy (PP) outlines the data security mechanisms that protect customer data. In the context of Cybersecurity, a Change Management Policy (CMP) establishes the use of standardized met",นโยบาย Bring Your Own Device (BYOD) กำหนดกฎเกณฑ์การใช้อุปกรณ์ส่วนตัวสำหรับกิจกรรมที่เกี่ยวข้องกับงาน ในขณะที่ Acceptable Use Policy (AUP) กำหนดสิทธิ์และข้อจำกัดที่ผู้ใช้ต้องยอมรับเมื่อเข้าถึงเครือข่ายและใช้ระบบคอมพิวเตอร์
248,4,Domain 4: Network Security,In which cloud deployment model do companies share resources and infrastructure on the cloud?,ในโมเดลการปรับใช้คลาวด์ใดที่บริษัทแชร์ทรัพยากรและโครงสร้างพื้นฐานบนคลาวด์?,A. Hybrid cloud | B. Multi-tenant github.com/ayemunhossain | C. Private cloud | D. Community cloud,A. Hybrid cloud | B. Multi-tenant | C. Private cloud | D. Community cloud,D,"A private cloud is a cloud computing model where the cloud infrastructure is dedicated to a single organization (and never shared with others). Multitenancy means that multiple cloud vendor customers (i.e. tenants) share the same computing resources. A community cloud is an infrastructure where multiple organizations share resources and infrastructure based on common needs (that can be technological or regulatory). Finally, a hybrid cloud refers to a model that combines (i.e. orchestrates) on-pr",Private cloud คือโมเดลคลาวด์คอมพิวติ้งที่โครงสร้างพื้นฐานคลาวด์อุทิศให้กับองค์กรเดียว (และไม่เคยแชร์กับผู้อื่น) Multitenancy หมายความว่าลูกค้าของผู้จำหน่ายคลาวด์หลายรายแชร์ทรัพยากรคอมพิวเตอร์เดียวกัน Community cloud คือโครงสร้างพื้นฐานที่หลายองค์กรแชร์ทรัพยากรและโครงสร้างพื้นฐานตามความต้องการร่วมกัน
249,2,"Domain 2: Business Continuity, Disaster Recovery, and Incident Response",Which of these is the PRIMARY objective of a Disaster Recovery Plan?,ข้อใดคือวัตถุประสงค์หลักของ Disaster Recovery Plan?,A. Restore company operation to the last-known reliable operation state | B. Outline a safe escape procedure for the organization's personnel | C. Maintain crucial company operations in the event of a disaster | D. Communicate to the responsible entities the damage caused to operations in the event of a disaster,A. กู้คืนการดำเนินงานของบริษัทให้กลับสู่สถานะที่เชื่อถือได้ล่าสุด | B. ระบุขั้นตอนการอพยพบุคลากรอย่างปลอดภัย | C. รักษาการดำเนินงานสำคัญของบริษัทในกรณีเกิดภัยพิบัติ | D. สื่อสารความเสียหายต่อการดำเนินงานไปยังหน่วยงานที่รับผิดชอบเมื่อเกิดภัยพิบัติ,A,"A Disaster Recovery Plan (DRP) is a plan for processing and restoring operations in the event of a significant hardware or software failure, or of the destruction of the organization's facilities. The primary goal of a DRP is to restore the business to the last-known reliable state of operations (see Chapter 2 ISC2 Study Guide, module 4, under The Goal of Disaster Recovery). Maintaining crucial operations is the goal of the Business Continuity Plan (BCP). The remaining options may be included in",Disaster Recovery Plan (DRP) คือแผนสำหรับประมวลผลและกู้คืนการดำเนินงาน โดยมีเป้าหมายหลักคือการนำธุรกิจกลับสู่สถานะการดำเนินงานที่เชื่อถือได้ล่าสุด
250,1,Domain 1: Security Principles,An entity that acts to exploit a target organization’s system vulnerabilities is a:,หน่วยงานที่กระทำการเพื่อใช้ประโยชน์จากช่องโหว่ของระบบขององค์กรเป้าหมายคือ:,A. Threat Vector | B. Threat Actor | C. Threat github.com/ayemunhossain | D. Attacker,A. Threat Vector | B. Threat Actor | C. Threat | D. Attacker,B,"A Threat Actor is defined as an individual or a group posing a threat (according to NIST SP 800-150 under Threat Actor). A Threat Vector is a means by which a Threat Actor gains access to systems (for example: phishing, trojans, baiting, etc.). An Attacker is always an individual, but a Threat Actor can be either a group or an entity. A Threat is a circumstance or event that can adversely impact organizational operations that a Threat Actor can potentially explore through a Threat Vector.",Threat Actor ถูกนิยามว่าเป็นบุคคลหรือกลุ่มที่ก่อให้เกิดภัยคุกคาม (ตาม NIST SP 800-150) Threat Vector คือวิธีการที่ Threat Actor ใช้เข้าถึงระบบ (เช่น ฟิชชิ่ง โทรจัน การล่อลวง) ผู้โจมตี (Attacker) มักเป็นบุคคลเสมอ แต่ Threat Actor สามารถเป็นได้ทั้งกลุ่มหรือหน่วยงาน
251,5,Domain 5: Security Operations,A best practice of patch management is to:,แนวปฏิบัติที่ดีในการทำ patch management คือ:,A. Apply all patches as quickly as possible | B. Test patches before applying them | C. Apply patches every Wednesday | D. Apply patches according to the vendor's reputation,A. ติดตั้งแพตช์ทั้งหมดให้เร็วที่สุด | B. ทดสอบแพตช์ก่อนติดตั้ง | C. ติดตั้งแพตช์ทุกวันพุธ | D. ติดตั้งแพตช์ตามชื่อเสียงของผู้จำหน่าย,B,"Patches sometimes disrupt a system's configurations and stability. One of the main challenges for security professionalsis to ensure that patches are deployed as quickly as possible, while simultaneously ensuring the stability of running systems. To prevent flawed patches from negatively affecting running systems, it is good practice to test patches in a designated qualification environment before applying them to production systems (see ISC2 Study Guide, chapter 5, module 2 under Configuration",บางครั้งแพตช์อาจส่งผลกระทบต่อการตั้งค่าและความเสถียรของระบบ หนึ่งในความท้าทายหลักของผู้เชี่ยวชาญด้านความปลอดภัยคือการรับประกันว่าแพตช์ถูกนำไปใช้อย่างรวดเร็วในขณะที่ยังรับประกันความเสถียรของระบบที่กำลังทำงานอยู่ เพื่อป้องกันไม่ให้แพตช์ที่มีข้อบกพร่องส่งผลกระทบเชิงลบ จึงเป็นแนวปฏิบัติที่ดีที่จะทดสอบแพตช์ในสภาพแวดล้อมทดสอบก่อนนำไปใช้กับระบบจริง
252,4,Domain 4: Network Security,Which of these would be the best option if a network administrator needs to control access to a network?,ตัวเลือกใดต่อไปนี้ดีที่สุดหากผู้ดูแลระบบเครือข่ายต้องการควบคุมการเข้าถึงเครือข่าย?,A. HIDS | B. IDS | C. SIEM github.com/ayemunhossain | D. NAC,A. HIDS | B. IDS | C. SIEM | D. NAC,D,"Network Access Control (NAC) refers to a class of mechanisms that prevent access to a network until a user (or the user's device) either presents the relevant credentials, or passes the results of health checks performed on the client device. Security Information and Event Management (SIEM), Host Intrusion Detection Systems (HIDS), and Intrusion Detection Systems (IDS) are all monitoring systems.",Network Access Control (NAC) หมายถึงกลไกประเภทหนึ่งที่ป้องกันการเข้าถึงเครือข่ายจนกว่าผู้ใช้ (หรืออุปกรณ์ของผู้ใช้) จะนำเสนอข้อมูลรับรองที่เกี่ยวข้อง หรือผ่านผลการตรวจสอบสุขภาพที่ดำเนินการบนอุปกรณ์ไคลเอนต์
253,5,Domain 5: Security Operations,Which of these is NOT a change management component?,ข้อใดไม่ใช่องค์ประกอบของ change management?,A. Approval | B. RFC | C. Rollback | D. Governance,A. Approval | B. RFC | C. Rollback | D. Governance,D,"All significant change management practices address typical core activities: Request For Change (RFC), Approval, and Rollback (see ISC2 Study Guide, chapter 5, module 3). Governance is not one of these practices.","แนวปฏิบัติ change management ที่สำคัญทั้งหมดครอบคลุมกิจกรรมหลักทั่วไป: Request For Change (RFC), Approval และ Rollback ส่วน Governance ไม่ใช่หนึ่งในแนวปฏิบัติเหล่านี้"
254,5,Domain 5: Security Operations,Which of the following is NOT a social engineering technique?,ข้อใดไม่ใช่เทคนิควิศวกรรมสังคม (Social Engineering)?,A. Pretexting | B. Quid pro quo | C. Double-dealing | D. Baiting,A. Pretexting | B. Quid pro quo | C. Double-dealing | D. Baiting,C,"Baiting is a social engineering attack wherein a scammer uses a false promise to lure a victim. Pretexting is a social engineering technique that manipulates victims into disclosing information. Quid pro quo is a social engineering attack (technically, one that combines 'baiting' with 'pretexting') that promises users a profit in exchange for information that can later be used to gain control of a user's account or sensitive information). Regarding cybersecurity, 'Double-ealing' is not a valid s",Baiting คือการโจมตีทางวิศวกรรมสังคมที่ผู้หลอกลวงใช้คำสัญญาเท็จเพื่อล่อลวงเหยื่อ Pretexting คือเทคนิคที่จัดการเหยื่อให้เปิดเผยข้อมูล Quid pro quo คือการโจมตีที่รวม 'baiting' กับ 'pretexting' เข้าด้วยกัน ส่วน 'Double-dealing' ไม่ใช่เทคนิควิศวกรรมสังคมที่ถูกต้องในบริบทความปลอดภัยไซเบอร์
255,4,Domain 4: Network Security,"If there is no time constraint, which protocol should be employed to establish a reliable connection between two devices?",หากไม่มีข้อจำกัดด้านเวลา โปรโตคอลใดควรถูกใช้เพื่อสร้างการเชื่อมต่อที่เชื่อถือได้ระหว่างสองอุปกรณ์?,A. TCP | B. DHCP | C. SNMP | D. UDP,A. TCP | B. DHCP | C. SNMP | D. UDP,A,"TCP is used for connection-oriented communication, verifies data delivery, and is known to favor reliability. In a congested network, TCP delays data transmission, and thus cannot guarantee delivery under time constraints. UDP favors speed and efficiency over reliability, and thus cannot ensure a reliable connection. DHCP and SNMP are (respectively) a device configuration and a device management protocol, which means that neither aims to establish connections between devices.",TCP ใช้สำหรับการสื่อสารแบบ connection-oriented ตรวจสอบการส่งข้อมูล และเป็นที่รู้จักกันดีว่าให้ความสำคัญกับความน่าเชื่อถือ ในเครือข่ายที่มีความคับคั่ง TCP จะทำให้การส่งข้อมูลล่าช้า จึงไม่สามารถรับประกันการส่งภายใต้ข้อจำกัดด้านเวลาได้
256,1,Domain 1: Security Principles,An exploitable weakness or flaw in a system or component is a:,จุดอ่อนหรือข้อบกพร่องที่สามารถใช้ประโยชน์ได้ในระบบหรือส่วนประกอบคือ:,A. Threat | B. Bug | C. Vulnerability | D. Risk,A. Threat | B. Bug | C. Vulnerability | D. Risk,C,"A Vulnerability is a weakness in an information system, system security procedures, internal controls or implementationthat could be exploited by a Threat source (NIST SP 800-30 Rev 1). The Threat is the circumstance or event that can adversely impact operations. A Risk is a possible event that can negatively impact the organization. A Bug is a flaw causing an application to produce an unintended or unexpected result that may be exploitable.",Vulnerability คือจุดอ่อนในระบบสารสนเทศ ขั้นตอนความปลอดภัยของระบบ การควบคุมภายใน หรือการดำเนินการ ที่อาจถูกใช้ประโยชน์โดยแหล่งที่มาของ Threat (NIST SP 800-30 Rev 1) Threat คือสถานการณ์หรือเหตุการณ์ที่สามารถส่งผลกระทบเชิงลบต่อการดำเนินงาน Risk คือเหตุการณ์ที่เป็นไปได้ซึ่งอาจส่งผลกระทบเชิงลบต่อองค์กร Bug คือข้อบกพร่องที่ทำให้แอปพลิเคชันสร้างผลลัพธ์ที่ไม่ได้ตั้งใจซึ่งอาจถูกใช้ประโยชน์ได้
257,4,Domain 4: Network Security,In which cloud model does the cloud customer have LESS responsibility over the infrastructure? (★),ในโมเดลคลาวด์ใดที่ลูกค้าคลาวด์มีความรับผิดชอบน้อยกว่าต่อโครงสร้างพื้นฐาน?,A. IaaS | B. FaaS | C. PaaS | D. SaaS,A. IaaS | B. FaaS | C. PaaS | D. SaaS,D,"In Software as a Service (SaaS), consumers may control user-specific application configuration settings, but neither the underlying application logic nor the infrastructure. In the Function as a Service (FaaS) model, cloud customers deploy application-level functionality (typically as microservices) and are charged only when this functionality is executed. In Platform as a Service (PaaS), the cloud customer does not manage or control the underlying cloud infrastructure (wnich includes the networ",ใน Software as a Service (SaaS) ผู้บริโภคอาจควบคุมการตั้งค่าคอนฟิกแอปพลิเคชันเฉพาะผู้ใช้ แต่ไม่ใช่ตรรกะแอปพลิเคชันพื้นฐานหรือโครงสร้างพื้นฐาน ในโมเดล Function as a Service (FaaS) ลูกค้าคลาวด์ปรับใช้ฟังก์ชันระดับแอปพลิเคชัน
258,1,Domain 1: Security Principles,Risk Management is:,Risk Management คือ:,"A. The assessment of the potential impact of a threat. | B. The creation of an incident response team. | C. The impact and likelihood of a threat. | D. The identification, evaluation and prioritization of risks.",A. การประเมินผลกระทบที่อาจเกิดขึ้นของภัยคุกคาม | B. การสร้างทีมตอบสนองต่อเหตุการณ์ | C. ผลกระทบและความน่าจะเป็นของภัยคุกคาม | D. การระบุ ประเมิน และจัดลำดับความสำคัญของความเสี่ยง,D,"Risk Management is the process of identifying, assessing and mitigating risks (ISC2 Study Guide, chapter 1, module 2). ""Impact and likelihood of a threat"" is a definition of risk. ""Creating an incident response team"" and ""assessing the potential impact of a threat"" can be considered Risk Management actions, but are not in themselves Risk Management.",Risk Management คือกระบวนการระบุ ประเมิน และลดความเสี่ยง (ISC2 Study Guide บทที่ 1 โมดูล 2) 'ผลกระทบและความน่าจะเป็นของภัยคุกคาม' เป็นนิยามของ risk 'การสร้างทีมตอบสนองต่อเหตุการณ์' และ 'การประเมินผลกระทบที่อาจเกิดขึ้นของภัยคุกคาม' อาจถือเป็นกิจกรรมของ Risk Management แต่ไม่ใช่ Risk Management ในตัวมันเอง
259,1,Domain 1: Security Principles,Which of the following documents contains elements that are NOT mandatory?,เอกสารใดต่อไปนี้มีองค์ประกอบที่ไม่บังคับ?,A. Policies | B. Guidelines | C. Regulations | D. Procedures,A. Policies | B. Guidelines | C. Regulations | D. Procedures,B,"Only guidelines contain elements that may not be mandatory. Compliance with policies, procedures and regulations is mandatory (see ISC2 Study Guide Chapter 1, Module 4).",มีเพียง guidelines เท่านั้นที่มีองค์ประกอบที่อาจไม่บังคับ การปฏิบัติตามนโยบาย ขั้นตอน และกฎระเบียบเป็นสิ่งบังคับ
260,2,"Domain 2: Business Continuity, Disaster Recovery, and Incident Response",In which of the following phases of an Incident Recovery Plan are incident responses prioritized?,ในขั้นตอนใดของแผนกู้คืนจากเหตุการณ์ที่มีการจัดลำดับความสำคัญของการตอบสนองต่อเหตุการณ์?,"A. Post-incident Activity | B. Detection and Analysis | C. Preparation | D. Contentment, Eradication, and Recovery","A. Post-incident Activity | B. Detection and Analysis | C. Preparation | D. Containment, Eradication, and Recovery",B,"Incident responses are prioritized in the Detection and Analysis phase (see the ISC2 Study Guide, Chapter 2, Module 1, under Components of Incident Response). github.com/ayemunhossain",การจัดลำดับความสำคัญของการตอบสนองต่อเหตุการณ์เกิดขึ้นในขั้นตอน Detection and Analysis
261,1,Domain 1: Security Principles,Which security principle states that a user should only have the necessary permission to execute a task?,หลักการความปลอดภัยใดที่ระบุว่าผู้ใช้ควรมีเพียงสิทธิ์ที่จำเป็นในการปฏิบัติงานเท่านั้น?,A. Privileged Accounts | B. Separation of Duties | C. Least Privilege | D. Defense in Depth,A. Privileged Accounts | B. Separation of Duties | C. Least Privilege | D. Defense in Depth,C,"The principle of Defense in Depth refers to using multiple layers of security. The principle of Least Privilege states that subjects should be given only those privileges required to complete their specific tasks (ISC2 Study Guide Chapter 1, Module 3). Separation of Duties states that no user should ever be given enough privileges to misuse the system. Finally, Privileged Accounts are accounts with permissions beyond those of regular users, such as manager and administrator accounts.",หลักการ Defense in Depth หมายถึงการใช้ความปลอดภัยหลายชั้น หลักการ Least Privilege ระบุว่าผู้ใช้ควรได้รับเพียงสิทธิ์ที่จำเป็นต่อการทำงานเฉพาะของตนเท่านั้น Separation of Duties ระบุว่าไม่ควรให้ผู้ใช้คนใดมีสิทธิ์เพียงพอที่จะใช้ระบบในทางที่ผิด และ Privileged Accounts คือบัญชีที่มีสิทธิ์เกินกว่าผู้ใช้ทั่วไป เช่น บัญชีผู้จัดการและผู้ดูแลระบบ
262,3,Domain 3: Access Controls Concepts,The Bell and LaPadula access control model is a form of: (★),โมเดลควบคุมการเข้าถึง Bell and LaPadula เป็นรูปแบบหนึ่งของ:,A. ABAC | B. RBAC | C. MAC | D. DAC,A. ABAC | B. RBAC | C. MAC | D. DAC,C,"The Bell and LaPadula access control model arranges subjects and objects into security levels and defines access specifications, whereby subjects can only access objects at certain levels based on their security level. Typical access specifications can be things like ""Unclassified personnel cannot read data at confidential levels"" or ""Top-Secret data cannot be written into the files at unclassified levels"". Since subjects cannot change access specifications, this model is a form of mandatory acc",โมเดล Bell and LaPadula จัดเรียง subjects และ objects เข้าสู่ระดับความปลอดภัยและกำหนดข้อกำหนดการเข้าถึง โดย subjects สามารถเข้าถึง objects ที่ระดับบางระดับตามระดับความปลอดภัยของตนเท่านั้น เนื่องจาก subjects ไม่สามารถเปลี่ยนข้อกำหนดการเข้าถึงได้ โมเดลนี้จึงเป็นรูปแบบหนึ่งของ mandatory access control
263,1,Domain 1: Security Principles,"In risk management, the highest priority is given to a risk where:",ในการบริหารความเสี่ยง ความสำคัญสูงสุดจะให้กับความเสี่ยงที่:,"A. The frequency of occurrence is low, and the expected impact value is high | B. The expected probability of occurrence is low, and the potential impact is low | C. The expected probability of occurrence is high, and the potential impact is low | D. The frequency of occurrence is high, and the expected impact value is low",A. ความถี่ในการเกิดขึ้นต่ำ และค่าผลกระทบที่คาดว่าจะเกิดขึ้นสูง | B. ความน่าจะเป็นที่คาดว่าจะเกิดขึ้นต่ำ และผลกระทบที่อาจเกิดขึ้นต่ำ | C. ความน่าจะเป็นที่คาดว่าจะเกิดขึ้นสูง และผลกระทบที่อาจเกิดขึ้นต่ำ | D. ความถี่ในการเกิดขึ้นสูง และค่าผลกระทบที่คาดว่าจะเกิดขึ้นต่ำ,A,"The highest priority is given to risks estimated to have high impact and low probability over high probability and low impact value (ISC2 Study Guide, Chapter 1, Module 2). In qualitative risk analysis, the 'expected probability of occurrence' and the 'frequency of occurrence' refer to the same thing. The same goes for the concepts of expected impact value (NIST SP 800-30 Rev. 1 under Impact Value) and potential impact (NIST SP 800-60 Vol. 1 Rev. 1 under Potential Impact).",ความสำคัญสูงสุดให้กับความเสี่ยงที่ประเมินว่ามีผลกระทบสูงและความน่าจะเป็นต่ำ มากกว่าความน่าจะเป็นสูงและผลกระทบต่ำ ในการวิเคราะห์ความเสี่ยงเชิงคุณภาพ 'ความน่าจะเป็นที่คาดว่าจะเกิดขึ้น' และ 'ความถี่ในการเกิดขึ้น' หมายถึงสิ่งเดียวกัน
264,1,Domain 1: Security Principles,Which of the following areas is connected to PII?,พื้นที่ใดต่อไปนี้เกี่ยวข้องกับ PII?,A. Non-Repudiation | B. Authentication | C. Integrity | D. Confidentiality,A. Non-Repudiation | B. Authentication | C. Integrity | D. Confidentiality,D,"Confidentiality is the most distinctive property of personally identifiable information (see ISC2 study guide, Module 1, under CIA Deep Dive). The remaining options apply to all types of data. All data requires integrity to be usable. Non- repudiation refers to the inability to deny the production, approval, or transmission of information. Authentication refers to the access to information. github.com/ayemunhossain",Confidentiality เป็นคุณสมบัติที่โดดเด่นที่สุดของข้อมูลที่สามารถระบุตัวตนบุคคลได้ (PII) ตัวเลือกที่เหลือใช้กับข้อมูลทุกประเภท ข้อมูลทั้งหมดต้องการ integrity เพื่อให้ใช้งานได้ Non-repudiation หมายถึงการไม่สามารถปฏิเสธการผลิต การอนุมัติ หรือการส่งข้อมูล Authentication หมายถึงการเข้าถึงข้อมูล
265,1,Domain 1: Security Principles,"According to the canon ""Provide diligent and competent service to principals"", ISC2 professionals are to:",ตามจรรยาบรรณ 'Provide diligent and competent service to principals' ผู้เชี่ยวชาญ ISC2 ต้อง:,"A. Take care not to tarnish the reputation of other professionals through malice or indifference. | B. Treat all members fairly and,when resolving conflicts, consider public safety and duties to principals, individuals and the profession, in that order. | C. Avoid apparent or actual conflicts of interest. | D. Promote the understanding and acceptance of prudent information security measures.",A. ระมัดระวังไม่ทำให้ชื่อเสียงของผู้เชี่ยวชาญคนอื่นเสียหายด้วยความมุ่งร้ายหรือความเฉยเมย | B. ปฏิบัติต่อสมาชิกทุกคนอย่างเป็นธรรม และเมื่อแก้ไขข้อขัดแย้ง ให้พิจารณาความปลอดภัยสาธารณะและหน้าที่ต่อผู้ว่าจ้าง บุคคล และวิชาชีพ ตามลำดับ | C. หลีกเลี่ยงความขัดแย้งทางผลประโยชน์ที่ปรากฏหรือเกิดขึ้นจริง | D. ส่งเสริมความเข้าใจและการยอมรับมาตรการความปลอดภัยสารสนเทศที่รอบคอบ,C,The direction for applying the ethical principles of ISC2 states that avoiding conflicts of interest or the appearance thereof is a consequence of providing diligent and competent service to principals (see https://resources.infosecinstitute.com/certification/the-isc2-code-of-ethics-a-binding-requirement-for-certification/). The other options are consequences of the remaining three ethical principles.,แนวทางสำหรับการประยุกต์ใช้หลักจริยธรรมของ ISC2 ระบุว่าการหลีกเลี่ยงความขัดแย้งทางผลประโยชน์หรือลักษณะที่ปรากฏของมันเป็นผลมาจากการให้บริการอย่างขยันขันแข็งและมีความสามารถต่อผู้ว่าจ้าง ตัวเลือกอื่น ๆ เป็นผลมาจากหลักจริยธรรมอีกสามข้อที่เหลือ
266,4,Domain 4: Network Security,Malicious emails that aim to attack company executives are an example of:,อีเมลที่เป็นอันตรายที่มุ่งเป้าโจมตีผู้บริหารของบริษัทเป็นตัวอย่างของ:,A. Trojans | B. Whaling | C. Phishing | D. Rootkits,A. Trojans | B. Whaling | C. Phishing | D. Rootkits,B,"Phishing is a digital social engineering attack that uses authentic-looking (but counterfeit) e-mail messages to request information from users, or to get them to unknowingly execute an action that will make way for the attacker. Whaling attacks are phishing attacks that target high-ranking members of organizations. After gaining root-level access to a host, rootkits are used by an attacker to conceal malicious activities while keeping root-level access. Trojans are a type of software that appea",Phishing คือการโจมตีทางวิศวกรรมสังคมทางดิจิทัลที่ใช้ข้อความอีเมลที่ดูน่าเชื่อถือ (แต่ปลอมแปลง) เพื่อขอข้อมูลจากผู้ใช้ Whaling คือการโจมตีแบบ phishing ที่มุ่งเป้าไปที่สมาชิกระดับสูงขององค์กร
267,1,Domain 1: Security Principles,Governments can impose financial penalties as a consequence of breaking a:,รัฐบาลสามารถกำหนดบทลงโทษทางการเงินเป็นผลจากการฝ่าฝืน:,A. Regulation | B. Standard | C. Policy | D. Procedure,A. Regulation | B. Standard | C. Policy | D. Procedure,A,"Standards are created by governing or professional bodies (not by governments themselves). Policies and procedures are created by organizations, and are therefore not subject to financial penalties (see ISC2 Study Guide Chapter 1, Module 4)",มาตรฐาน (Standards) ถูกสร้างขึ้นโดยหน่วยงานกำกับดูแลหรือวิชาชีพ (ไม่ใช่โดยรัฐบาลเอง) นโยบายและขั้นตอนถูกสร้างขึ้นโดยองค์กร จึงไม่อยู่ภายใต้บทลงโทษทางการเงิน
268,4,Domain 4: Network Security,Which type of attack attempts to trick the user into revealing personal information by sending a fraudulent message?,การโจมตีประเภทใดที่พยายามหลอกให้ผู้ใช้เปิดเผยข้อมูลส่วนบุคคลโดยการส่งข้อความหลอกลวง?,A. Phishing | B. Cross-Site Scripting | C. Denials of Service | D. Trojans,A. Phishing | B. Cross-Site Scripting | C. Denials of Service | D. Trojans,A,"A phishing attack emails a fraudulent message to trick the recipient into disclosing sensitive information to the attacker.A Cross-Site Scripting attack tries to execute code on another website. Trojans are software that appear legitimate, but that have hidden malicious functions. Trojans may be sent in a message, but are not the message themselves. A denial of service attack (DoS) consists in compromising the availability of a system or service through a malicious overload of requests, which ca",การโจมตีแบบ phishing ส่งข้อความหลอกลวงทางอีเมลเพื่อหลอกให้ผู้รับเปิดเผยข้อมูลที่ละเอียดอ่อนต่อผู้โจมตี Cross-Site Scripting พยายามรันโค้ดบนเว็บไซต์อื่น
269,3,Domain 3: Access Controls Concepts,In which of the following access control models can the creator of an object delegate permission? github.com/ayemunhossain,ในโมเดลควบคุมการเข้าถึงใดที่ผู้สร้างวัตถุสามารถมอบสิทธิ์ให้ผู้อื่นได้?,A. ABAC | B. MAC | C. RBAC | D. DAC,A. ABAC | B. MAC | C. RBAC | D. DAC,D,"In a Discretionary Access control model, the permissions associated with each object (file or data) are set by the owner of the object. In this model, the creator of an object implicitly becomes its owner, and therefore can decide who will have permission over the objects. In the remaining models, access specifications are centrally determined.",ในโมเดล discretionary access control สิทธิ์ที่เกี่ยวข้องกับแต่ละวัตถุ (ไฟล์หรือข้อมูล) ถูกกำหนดโดยเจ้าของวัตถุ ในโมเดลนี้ ผู้สร้างวัตถุกลายเป็นเจ้าของโดยปริยาย จึงสามารถตัดสินใจว่าใครจะมีสิทธิ์เข้าถึงวัตถุนั้นได้ ในโมเดลที่เหลือ ข้อกำหนดการเข้าถึงถูกกำหนดจากส่วนกลาง
270,4,Domain 4: Network Security,"Which type of attack has the PRIMARY objective of encrypting devices and their data, and then demanding a ransom payment for the decryption key?",การโจมตีประเภทใดที่มีวัตถุประสงค์หลักในการเข้ารหัสอุปกรณ์และข้อมูลของอุปกรณ์นั้น แล้วเรียกร้องค่าไถ่เพื่อแลกกับกุญแจถอดรหัส?,A. Ransomware | B. Trojan | C. Cross-Site Scripting | D. Phishing,A. Ransomware | B. Trojan | C. Cross-Site Scripting | D. Phishing,A,"Ransomware is malware designed to deny a user or organization access to files on their computer, by encrypting them and demanding a ransom payment for the decryption key. Trojans and phishing can be used to install ransomware on a system or device, but are not themselves the ransomware attack.",Ransomware คือมัลแวร์ที่ออกแบบมาเพื่อปฏิเสธการเข้าถึงไฟล์บนคอมพิวเตอร์ของผู้ใช้หรือองค์กร โดยการเข้ารหัสไฟล์เหล่านั้นและเรียกร้องการชำระเงินค่าไถ่เพื่อแลกกับกุญแจถอดรหัส
271,4,Domain 4: Network Security,Which of the following cloud models allows access to fundamental computer resources? (★),โมเดลคลาวด์ใดต่อไปนี้ที่ให้การเข้าถึงทรัพยากรคอมพิวเตอร์พื้นฐาน?,A. SaaS | B. FaaS | C. PaaS github.com/ayemunhossain | D. IaaS,A. SaaS | B. FaaS | C. PaaS | D. IaaS,D,"Infrastructure as a Service (IaaS) provides the capability to provision processing, storage, networks, and other fundamental computing resources. Platform as a Service (PaaS) enables the provisioning of applications, programming libraries, services, and tools that the provider supports. Unlike IaaS, consumers do not control their underlying cloud infrastructure (including operating systems and storage). Both Software as a Service (SaaS) and Function as a Service (FaaS) models abstract away from",Infrastructure as a Service (IaaS) ให้ความสามารถในการจัดสรรการประมวลผล การจัดเก็บ เครือข่าย และทรัพยากรคอมพิวเตอร์พื้นฐานอื่น ๆ Platform as a Service (PaaS) ช่วยให้สามารถจัดสรรแอปพลิเคชัน ไลบรารีการเขียนโปรแกรม บริการ และเครื่องมือที่ผู้ให้บริการสนับสนุน
272,4,Domain 4: Network Security,How many layers does the OSI model have?,โมเดล OSI มีกี่เลเยอร์?,A. 7 | B. 4 | C. 6 | D. 5,A. 7 | B. 4 | C. 6 | D. 5,A,"The OSI model organizes communicating systems according to 7 layers: Physical layer, Data Link layer, Network layer, Transport layer, Session layer, Presentation layer, and Application layer (see Chapter 4 - Module 1 under Open Systems Interconnection).","โมเดล OSI จัดระบบระบบสื่อสารตาม 7 เลเยอร์: Physical layer, Data Link layer, Network layer, Transport layer, Session layer, Presentation layer และ Application layer"
273,1,Domain 1: Security Principles,Which of the following principles aims primarily at fraud detection?,หลักการใดมุ่งเน้นการตรวจจับการทุจริตเป็นหลัก?,A. Privileged Accounts | B. Defense in Depth | C. Least Privilege | D. Separation of Duties,A. Privileged Accounts | B. Defense in Depth | C. Least Privilege | D. Separation of Duties,D,"According to the principle of Separation of Duties, operations on objects are to be segmented (often referred to as 'transactions'), requiring distinct users and authorizations. The involvement of multiple users guarantees that no single user can perpetrate and conceal errors or fraud in their duties. To the extent that users have to review the work of other users, Separation of Duties can also be considered a mechanism of fraud detection (see ISC2 Study Guide Chapter 1, Module 3). The principle",ตามหลักการ Separation of Duties การดำเนินการกับวัตถุจะถูกแบ่งส่วน (มักเรียกว่า 'ธุรกรรม') โดยต้องการผู้ใช้และการอนุญาตที่แตกต่างกัน การเกี่ยวข้องของผู้ใช้หลายคนรับประกันว่าไม่มีผู้ใช้คนใดสามารถกระทำและปกปิดข้อผิดพลาดหรือการทุจริตในหน้าที่ของตนได้เพียงลำพัง
274,4,Domain 4: Network Security,Which protocol uses a three-way handshake to establish a reliable connection?,โปรโตคอลใดที่ใช้ three-way handshake เพื่อสร้างการเชื่อมต่อที่เชื่อถือได้?,A. TCP | B. SMTP | C. UDP | D. SNMP,A. TCP | B. SMTP | C. UDP | D. SNMP,A,"TCP uses a three-way handshake to establish a reliable connection by exchanging three packets with theSYN, SYN/ACK, and ACK flags. SMTP uses a two-way handshake. Neither UDP nor SNMP require a handshake phase.","TCP ใช้ three-way handshake เพื่อสร้างการเชื่อมต่อที่เชื่อถือได้โดยการแลกเปลี่ยนแพ็กเก็ตสามตัวด้วย flag SYN, SYN/ACK และ ACK SMTP ใช้ two-way handshake ในขณะที่ UDP และ SNMP ไม่ต้องการขั้นตอน handshake เลย"
275,1,Domain 1: Security Principles,Which of the following is an example of a technical security control?,ข้อใดเป็นตัวอย่างของการควบคุมความปลอดภัยทางเทคนิค (Technical security control)?,A. Access control lists | B. Turnstiles | C. Fences | D. Bollards,A. Access control lists | B. Turnstiles | C. Fences | D. Bollards,A,"An access control list is a type of technical security control. Bollards, fences and turnstiles control access to physical facilities, and thus are types of physical security controls. (ISC2 Study Guide, Chapter 1, Module 3)",รายการควบคุมการเข้าถึง (Access control list) เป็นประเภทหนึ่งของการควบคุมความปลอดภัยทางเทคนิค Bollards รั้ว และ turnstiles ควบคุมการเข้าถึงสถานที่ทางกายภาพ จึงเป็นประเภทของการควบคุมความปลอดภัยทางกายภาพ
276,4,Domain 4: Network Security,Which type of attack attempts to gain information by observing the device's power consumption? (★),การโจมตีประเภทใดที่พยายามได้รับข้อมูลโดยการสังเกตการใช้พลังงานของอุปกรณ์?,A. Side Channels | B. Trojans | C. Cross Site Scripting | D. Denials of Service,A. Side Channels | B. Trojans | C. Cross Site Scripting | D. Denials of Service,A,"A side-channel attack is a passive and non-invasive attack aiming to extract information from a running system, by using special-purpose hardware to perform power monitoring, as well as timing and fault analysis attacks. The remaining are software-based attacks.",การโจมตีแบบ side-channel เป็นการโจมตีแบบไม่รุกล้ำ (passive) ที่มุ่งดึงข้อมูลจากระบบที่กำลังทำงาน โดยใช้ฮาร์ดแวร์เฉพาะทางเพื่อทำการตรวจสอบพลังงาน รวมถึงการวิเคราะห์จังหวะเวลาและข้อผิดพลาด
277,1,Domain 1: Security Principles,Which of the following areas is the most distinctive property of PHI?,พื้นที่ใดต่อไปนี้เป็นคุณสมบัติที่โดดเด่นที่สุดของ PHI?,A. Integrity | B. Confidentiality | C. Non-Repudiation | D. Authentication,A. Integrity | B. Confidentiality | C. Non-Repudiation | D. Authentication,B,"The correct answer is B. Confidentiality is the most distinctive property of protected health information (see ISC2 Study Guide, Module 1, under CIA Deep Dive). The remaining options apply to all types of data. All data requires integrity to be usable. Non-repudiation refers to the inability to deny the production, approval, or transmission of information. Authentication refers to guaranteeing that systems and information are accessed by persons and systems that are who github.com/ayemunhossain",คำตอบที่ถูกต้องคือ B Confidentiality เป็นคุณสมบัติที่โดดเด่นที่สุดของข้อมูลสุขภาพที่ได้รับการคุ้มครอง (PHI) ตัวเลือกที่เหลือใช้กับข้อมูลทุกประเภท ข้อมูลทั้งหมดต้องการ integrity เพื่อให้ใช้งานได้ Non-repudiation หมายถึงการไม่สามารถปฏิเสธการผลิต การอนุมัติ หรือการส่งข้อมูล
278,2,"Domain 2: Business Continuity, Disaster Recovery, and Incident Response",Which of these is the most efficient and effective way to test a business continuity plan?,ข้อใดเป็นวิธีที่มีประสิทธิภาพและประสิทธิผลที่สุดในการทดสอบแผนความต่อเนื่องทางธุรกิจ?,A. Simulations | B. Walkthroughs | C. Reviews | D. Discussions,A. การจำลองสถานการณ์ (Simulations) | B. การเดินผ่านขั้นตอน (Walkthroughs) | C. การทบทวน (Reviews) | D. การอภิปราย (Discussions),A,"Simulations are full re-enactments of business continuity procedures and can involve most, if not all, of your workforce. They also tend to take place on-site in the relevant business areas. Thus, they are an exceptionally effective way to test your business continuity plan. Walkthroughs verbally carry out specific recovery steps stipulated in the business Continuity plan. Discussion and reviews are static ways of testing the business continuity plan.",การจำลองสถานการณ์คือการจำลองขั้นตอนความต่อเนื่องทางธุรกิจเต็มรูปแบบ ซึ่งมักเกี่ยวข้องกับพนักงานส่วนใหญ่และเกิดขึ้น ณ พื้นที่จริง จึงเป็นวิธีทดสอบที่มีประสิทธิภาพที่สุด
279,1,Domain 1: Security Principles,Which of the following Cybersecurity concepts guarantees that information is accessible only to those authorized to access it?,แนวคิดความปลอดภัยไซเบอร์ใดต่อไปนี้รับประกันว่าข้อมูลสามารถเข้าถึงได้เฉพาะผู้ที่ได้รับอนุญาตเท่านั้น?,A. Confidentiality | B. Non-repudiation | C. Authentication | D. Accessibility,A. Confidentiality | B. Non-repudiation | C. Authentication | D. Accessibility,A,"Confidentiality, Integrity and Availability are known as the CIA triad, from the model that guides policies for information security. Confidentiality is the property of data or information not being made available or disclosed, which leads to sensitive information being protected from unauthorized access. Integrity refers to the preservation of the consistency, accuracy and trustworthiness of data. Availability is the property of data being consistently and readily accessible to the parties auth","Confidentiality, Integrity และ Availability เรียกว่า CIA triad ซึ่งเป็นโมเดลที่ชี้นำนโยบายด้านความปลอดภัยสารสนเทศ Confidentiality คือคุณสมบัติของข้อมูลที่ไม่ถูกเปิดเผยหรือทำให้พร้อมใช้งานโดยไม่ได้รับอนุญาต ซึ่งนำไปสู่การปกป้องข้อมูลที่อ่อนไหวจากการเข้าถึงโดยไม่ได้รับอนุญาต"
280,2,"Domain 2: Business Continuity, Disaster Recovery, and Incident Response","In the event of a disaster, what should be the PRIMARY objective? (★)",ในกรณีเกิดภัยพิบัติ วัตถุประสงค์หลักควรเป็นสิ่งใด?,A. Apply disaster communication | B. Protect the production database | C. Guarantee the safety of people | D. Guarantee the continuity of critical systems,A. สื่อสารในสถานการณ์ภัยพิบัติ | B. ปกป้องฐานข้อมูลการผลิต | C. รับประกันความปลอดภัยของบุคลากร | D. รับประกันความต่อเนื่องของระบบสำคัญ,C,"In the event of a disaster, the number one priority is to guarantee the safety of human life above all else. The remaining options, though important as concerns business continuity, are never as important as the safety of human beings.",ในกรณีเกิดภัยพิบัติ ความสำคัญอันดับแรกคือการรับประกันความปลอดภัยของชีวิตมนุษย์เหนือสิ่งอื่นใด
281,1,Domain 1: Security Principles,A security professional should report violations of a company's security policy to:,ผู้เชี่ยวชาญด้านความปลอดภัยควรรายงานการฝ่าฝืนนโยบายความปลอดภัยของบริษัทไปยัง:,A. The ISC Ethics Committee | B. Company management | C. National authorities | D. A court of law,A. The ISC Ethics Committee | B. Company management | C. National authorities | D. A court of law,B,"The code of ethics requires security professionals to be honest, but not necessarily ""law enforcers"". A violation of a company's security policy should be reported and handled within the company itself (usually involving the human resources, legal, or management departments). Only individuals can be reported to the ISC2 ethics committee (i.e. not companies). National authorities only deal with violations of laws and regulations. github.com/ayemunhossain",จรรยาบรรณกำหนดให้ผู้เชี่ยวชาญความปลอดภัยต้องซื่อสัตย์ แต่ไม่จำเป็นต้องเป็น 'ผู้บังคับใช้กฎหมาย' การฝ่าฝืนนโยบายความปลอดภัยของบริษัทควรได้รับการรายงานและจัดการภายในบริษัทเอง (โดยปกติเกี่ยวข้องกับฝ่ายทรัพยากรบุคคล กฎหมาย หรือฝ่ายบริหาร) มีเพียงบุคคลเท่านั้นที่สามารถถูกรายงานไปยังคณะกรรมการจรรยาบรรณ ISC2 (ไม่ใช่บริษัท)
282,2,"Domain 2: Business Continuity, Disaster Recovery, and Incident Response",Which department in a company is NOT regularly involved in a DRP?,แผนกใดในบริษัทที่มักไม่เกี่ยวข้องเป็นประจำใน DRP?,A. Executives | B. IT | C. Public Relations | D. Financial,A. ผู้บริหาร | B. IT | C. ฝ่ายประชาสัมพันธ์ | D. ฝ่ายการเงิน,D,"Executives and Public Relations (PR) need to be aware of the company DRP to handle the expectation of the public and of company stakeholders. IT personnel should be involved in helping businesses get back to normal operations. A company's financial department is rarely involved in a disaster recovery plan. An exception would be if the issue at hand is connected to their area of expertise (see Chapter 2 ISC2 Study Guide, module 4, under Components of a Disaster Recovery Plan).",ผู้บริหารและฝ่ายประชาสัมพันธ์ต้องรับทราบ DRP เพื่อจัดการความคาดหวังของสาธารณะและผู้มีส่วนได้ส่วนเสีย ส่วน IT ต้องช่วยให้ธุรกิจกลับสู่การดำเนินงานปกติ ในขณะที่ฝ่ายการเงินมักไม่ค่อยเกี่ยวข้องกับ DRP
283,2,"Domain 2: Business Continuity, Disaster Recovery, and Incident Response",Which of the following is included in an SLA document?,ข้อใดรวมอยู่ในเอกสาร SLA?,"A. A plan to prepare the organization for the continuation of critical business functions | B. A plan to keep business operations going while recovering from a significant disruption | C. Instructions to detect, respond to, and limit the consequences of a cyber-attack | D. Instructions on data ownership and destruction",A. แผนเตรียมองค์กรสำหรับความต่อเนื่องของฟังก์ชันทางธุรกิจสำคัญ | B. แผนรักษาการดำเนินธุรกิจระหว่างการกู้คืนจากการหยุดชะงักครั้งใหญ่ | C. ขั้นตอนตรวจจับ ตอบสนอง และจำกัดผลกระทบจากการโจมตีทางไซเบอร์ | D. ขั้นตอนเกี่ยวกับความเป็นเจ้าของข้อมูลและการทำลายข้อมูล,D,"A set of instructions or procedures to detect, respond and limit the consequences of a cyber-attack is an Incident Response Plan (see ISC2 Study Guide Chapter 2, module 1, under The Goal of Incident Response). A plan to sustain business operations while recovering from a significant disruption is a Business Continuity Plan (see ISC2 Study Guide Chapter 2, module 2, under The Importance of Business Continuity). A plan to prepare the organization for the continuation of critical business functions",SLA (Service Level Agreement) คือสัญญาระหว่างผู้ให้บริการกับลูกค้าที่กำหนดระดับการบริการ ซึ่งรวมถึงขั้นตอนเกี่ยวกับความเป็นเจ้าของข้อมูลและการทำลายข้อมูล
284,1,Domain 1: Security Principles,What is the most important difference between MAC and DAC?,ความแตกต่างที่สำคัญที่สุดระหว่าง MAC และ DAC คืออะไร?,"A. In MAC, security administrators set the roles for the users; in DAC, roles are set at the object owner’s discretion | B. In MAC, security administrators assign access permissions; in DAC, security administrators set user roles | C. In MAC, security administrators assign access permissions; in DAC, access permissions are set at the object owner’s discretion | D. In MAC, access permissions are set at the object owner’s discretion; in DAC, it is up to security administrators to assign access permissions",A. ใน MAC ผู้ดูแลความปลอดภัยกำหนดบทบาทให้ผู้ใช้ ใน DAC บทบาทถูกกำหนดตามดุลยพินิจของเจ้าของวัตถุ | B. ใน MAC ผู้ดูแลความปลอดภัยกำหนดสิทธิ์การเข้าถึง ใน DAC ผู้ดูแลความปลอดภัยกำหนดบทบาทของผู้ใช้ | C. ใน MAC ผู้ดูแลความปลอดภัยกำหนดสิทธิ์การเข้าถึง ใน DAC สิทธิ์การเข้าถึงถูกกำหนดตามดุลยพินิจของเจ้าของวัตถุ | D. ใน MAC สิทธิ์การเข้าถึงถูกกำหนดตามดุลยพินิจของเจ้าของวัตถุ ใน DAC ผู้ดูแลความปลอดภัยเป็นผู้กำหนดสิทธิ์การเข้าถึง,C,"In Mandatory Access Control (MAC), security administrators assign access permissions. In contrast, with Discretionary Access Control (MAC), it is up to the object owner’s discretion to set object permissions (see ISC2 Study Guide chapter 1, module 3, under Understand Logical Access Controls).",ใน Mandatory Access Control (MAC) ผู้ดูแลความปลอดภัยเป็นผู้กำหนดสิทธิ์การเข้าถึง ในทางตรงกันข้าม ใน Discretionary Access Control (DAC) การกำหนดสิทธิ์วัตถุขึ้นอยู่กับดุลยพินิจของเจ้าของวัตถุ
285,3,Domain 3: Access Controls Concepts,Requiring a specific user role to access resources is an example of:,การกำหนดให้ต้องมีบทบาทผู้ใช้เฉพาะเพื่อเข้าถึงทรัพยากรเป็นตัวอย่างของ:,A. MAC | B. ABAC | C. RBAC | D. DAC,A. MAC | B. ABAC | C. RBAC | D. DAC,C,"Role-Based Access Control (RBAC) restricts access to the resources of a computer or network, according to the roles of individual users within your organization. Attribute-Based Access Control (ABAC) is based on complex attribute rules. In Discretionary Access Control (DAC), users may grant privileges to other subjects, as well as change the security attributes of the objects they have access to. github.com/ayemunhossain",Role-Based Access Control (RBAC) จำกัดการเข้าถึงทรัพยากรของคอมพิวเตอร์หรือเครือข่ายตามบทบาทของผู้ใช้แต่ละคนภายในองค์กร Attribute-Based Access Control (ABAC) อิงตามกฎคุณลักษณะที่ซับซ้อน ใน Discretionary Access Control (DAC) ผู้ใช้สามารถให้สิทธิ์แก่ subject อื่นได้
286,2,"Domain 2: Business Continuity, Disaster Recovery, and Incident Response",Which type of document outlines the procedures ensuring that vital company systems keep running during business- disrupting events?,เอกสารประเภทใดที่ระบุขั้นตอนเพื่อให้ระบบสำคัญขององค์กรยังคงทำงานได้ในระหว่างเหตุการณ์ที่รบกวนธุรกิจ?,A. Business Impact Plan | B. Business Impact Analysis | C. Disaster Recovery Plan | D. Business Continuity Plan,A. Business Impact Plan | B. Business Impact Analysis | C. Disaster Recovery Plan | D. Business Continuity Plan,D,"A Business Continuity Plan (BCP) is a pre-determined set of instructions describing how an organization's mission or business processes will be sustained during and after a significant disruption (see Chapter 2 ISC2 Study Guide, module 4, under Terms and Definitions). A Business Impact Analysis (BIA) is a method of analyzing how disruptions can affect an organization. A Disaster Recovery Plan is used to recover systems after a major failure or disaster. The term 'Business Impact Plan' does not e",Business Continuity Plan (BCP) คือชุดคำสั่งที่กำหนดไว้ล่วงหน้าเพื่ออธิบายว่ากระบวนการทางธุรกิจขององค์กรจะดำเนินต่อไปอย่างไรในระหว่างและหลังเหตุการณ์หยุดชะงักสำคัญ
287,1,Domain 1: Security Principles,Which of the following is NOT a best practice in access management?,ข้อใดไม่ใช่แนวปฏิบัติที่ดีในการจัดการการเข้าถึง (Access management)?,A. Give only the right amount of permission | B. Periodically assess if user permissions still apply | C. Request a justification when upgrading permission | D. Trust but verify,A. ให้สิทธิ์เท่าที่จำเป็นเท่านั้น | B. ประเมินเป็นระยะว่าสิทธิ์ของผู้ใช้ยังคงเหมาะสมหรือไม่ | C. ขอเหตุผลเมื่อมีการอัปเกรดสิทธิ์ | D. Trust but verify,D,"The “Trust but verify” model is a method of threat protection wherein privileged accounts are trusted (but always verified) and allowed access to the network and other resources . Over time, the “Trust but verify” model has been found to expose organizations to multiple security threats, and is therefore being progressively abandoned in favor of the Zero Trust model. The remaining options are all good practices of access management. github.com/ayemunhossain",โมเดล 'Trust but verify' เป็นวิธีการป้องกันภัยคุกคามที่บัญชีสิทธิพิเศษได้รับความไว้วางใจ (แต่มีการตรวจสอบเสมอ) และได้รับอนุญาตให้เข้าถึงเครือข่ายและทรัพยากรอื่น ๆ เมื่อเวลาผ่านไป โมเดล 'Trust but verify' พบว่าเปิดโอกาสให้องค์กรเผชิญภัยคุกคามด้านความปลอดภัยหลายประการ และกำลังถูกยกเลิกเพื่อหันไปใช้โมเดล Zero Trust แทน
288,5,Domain 5: Security Operations,"If a company collects PII, which policy is required?",หากบริษัทเก็บรวบรวม PII ต้องมีนโยบายใด?,A. Remote Access Policy | B. GDPR | C. Privacy Policy | D. Acceptable Use Policy,A. Remote Access Policy | B. GDPR | C. Privacy Policy | D. Acceptable Use Policy,C,"A Privacy Policy (PP) outlines the data security mechanisms which ensure that customer data is protected, namely, how Personal Identifiable Information (PII) is collected, stored and processed. An Acceptable Use Policy (AUP) defines the guidelines and limitations that users must agree on while accessing the an organization's network, computer systems or other related resources. The General Data Protection Regulation (GDPR) is a regulation on data protection and privacy for the European Union and",Privacy Policy (PP) ระบุกลไกความปลอดภัยของข้อมูลที่รับประกันว่าข้อมูลลูกค้าได้รับการปกป้อง กล่าวคือ วิธีที่ Personal Identifiable Information (PII) ถูกเก็บรวบรวม จัดเก็บ และประมวลผล
289,4,Domain 4: Network Security,Which of these is LEAST likely to be installed by an infection?,ข้อใดมีโอกาสน้อยที่สุดที่จะถูกติดตั้งโดยการติดเชื้อ?,A. Logic Bomb | B. Keylogger | C. Trojan | D. Backdoor,A. Logic Bomb | B. Keylogger | C. Trojan | D. Backdoor,A,"A logic bomb is a piece of code intentionally inserted into software that will activate after specific conditions are met (see ISC2 Study Guide, chapter 4, module 2). Logic bombs are typically embedded in legitimate software. Trojans are a type of malware used to install keyloggers and backdoors. Keyloggers capture keystrokes and user input, but typically require malware to install the keylogger. A backdoor is a malicious feature that listens for commands on a specific logical port (TCP or UDP)",Logic bomb คือโค้ดที่ถูกแทรกเข้าไปในซอฟต์แวร์โดยเจตนา ซึ่งจะเปิดใช้งานหลังจากเงื่อนไขเฉพาะได้รับการตอบสนอง Logic bombs มักถูกฝังอยู่ในซอฟต์แวร์ที่ถูกต้องตามกฎหมาย Trojans เป็นมัลแวร์ประเภทหนึ่งที่ใช้ติดตั้ง keyloggers และ backdoors
290,4,Domain 4: Network Security,(★) The best defense method to stop a 'Replay Attack' is to:,วิธีการป้องกันที่ดีที่สุดในการหยุด 'Replay Attack' คือ:,A. Use an IPSec VPN | B. Use a Firewall | C. Use password authentication | D. Use message digesting,A. ใช้ IPSec VPN | B. ใช้ไฟร์วอลล์ | C. ใช้การยืนยันตัวตนด้วยรหัสผ่าน | D. ใช้ message digesting,A,"A replay attack is when an attacker captures and resends (i.e. ""replays"") authenticated messages (see ISC2 Study Guide, chapter 4, module 2). An IPSec VPN can prevent a replay attack because it tracks packet sequencing and includes the sender's signature on all packets; therefore preventing forged packages. Message digesting is ineffective in preventing resends (and thus also replay attacks), since it doesn't matter whether the attacker can read or decipher the original message and key (all they",Replay attack คือเมื่อผู้โจมตีดักจับและส่งข้อความที่ผ่านการยืนยันตัวตนซ้ำ (คือ 'replay') IPSec VPN สามารถป้องกัน replay attack ได้เนื่องจากติดตามลำดับของแพ็กเก็ตและรวมลายเซ็นของผู้ส่งไว้ในทุกแพ็กเก็ต จึงป้องกันแพ็กเก็ตปลอมได้
291,4,Domain 4: Network Security,Which of these devices has the PRIMARILY objective of determining the most efficient path for the traffic to flow across the networks?,อุปกรณ์ใดต่อไปนี้มีวัตถุประสงค์หลักในการกำหนดเส้นทางที่มีประสิทธิภาพมากที่สุดสำหรับทราฟฟิกที่จะไหลผ่านเครือข่าย?,A. Hubs | B. Firewalls | C. Routers | D. Switches,A. Hubs | B. Firewalls | C. Routers | D. Switches,C,"A router is a networking device whose primary objective is to determine the most efficient path for traffic to flow across a network. Routers connect two or more networks and forward data packets between them according to their destination address (see ISC2 Study Guide, chapter 4, module 1). When a router receives a data packet, it checks the destination address and determines the best route on which to forward the packet, based on its routing table. The routing table is a github.com/ayemunhossa",Router คืออุปกรณ์เครือข่ายที่มีวัตถุประสงค์หลักในการกำหนดเส้นทางที่มีประสิทธิภาพมากที่สุดสำหรับทราฟฟิกที่จะไหลผ่านเครือข่าย Router เชื่อมต่อสองเครือข่ายขึ้นไปและส่งต่อแพ็กเก็ตข้อมูลระหว่างกันตามที่อยู่ปลายทาง
292,4,Domain 4: Network Security,Which of these types of malware self-replicates without the need for human intervention?,มัลแวร์ประเภทใดต่อไปนี้ที่แพร่กระจายตัวเองได้โดยไม่ต้องอาศัยการกระทำของมนุษย์?,A. Worm | B. Trojan | C. Virus | D. Rootkits,A. Worm | B. Trojan | C. Virus | D. Rootkits,A,"A worm is a type of malware designed to replicate itself and spread to other computers without human intervention. Worms exploit operating systems, network servers and other software vulnerabilities in order to propagate themselves. They can cause various damaging effects, including disrupting network performance, consuming bandwidth, and stealing sensitive information (see ISC2 Study Guide, chapter 4, module 2). Some worms can also perform directly malicious actions, such as installing rootkits",Worm คือมัลแวร์ประเภทหนึ่งที่ออกแบบมาเพื่อแพร่กระจายตัวเองไปยังคอมพิวเตอร์อื่นโดยไม่ต้องอาศัยการกระทำของมนุษย์ Worm ใช้ประโยชน์จากระบบปฏิบัติการ เซิร์ฟเวอร์เครือข่าย และช่องโหว่ของซอฟต์แวร์อื่น ๆ เพื่อแพร่กระจายตัวเอง
293,1,Domain 1: Security Principles,"As an (ISC)² member, you are expected to perform with due care. What does 'due care' specifically mean?",ในฐานะสมาชิก (ISC)² คุณคาดว่าจะปฏิบัติงานด้วยความระมัดระวัง (Due care) คำว่า 'due care' หมายถึงอะไรโดยเฉพาะ?,A. Do what is right in each situation you encounter on the job | B. Give continuity to the legacy of security practices of your company | C. Apply patches annually | D. Researching and acquiring the knowledge to do your job right github.com/ayemunhossain,A. ทำสิ่งที่ถูกต้องในทุกสถานการณ์ที่คุณพบในงาน | B. สืบทอดมรดกของแนวปฏิบัติด้านความปลอดภัยของบริษัทของคุณ | C. นำแพตช์มาใช้ทุกปี | D. วิจัยและได้มาซึ่งความรู้เพื่อทำงานของคุณให้ถูกต้อง,A,"The concept of 'due Care' (also known as 'the prudent person rule') refers to what a prudent person would do in a given situation. In cybersecurity, 'due care' means taking reasonable steps to secure and protect the organization's assets, reputation and finances. The concept is holistic and includes, among other things: implementing the appropriate security standards, policies and procedures; ensuring proper cybersecurity awareness training; and promoting the continuous improvement of monitoring",แนวคิดของ 'due care' (หรือเรียกว่า 'the prudent person rule') หมายถึงสิ่งที่บุคคลที่รอบคอบจะทำในสถานการณ์ที่กำหนด ในความปลอดภัยไซเบอร์ 'due care' หมายถึงการดำเนินขั้นตอนที่สมเหตุสมผลเพื่อรักษาความปลอดภัยและปกป้องทรัพย์สิน ชื่อเสียง และการเงินขององค์กร
294,1,Domain 1: Security Principles,(★) Which of these is NOT a best practice in access management?,ข้อใดไม่ใช่แนวปฏิบัติที่ดีในการจัดการการเข้าถึง (Access management)?,A. Periodically assessing whether user permissions still apply | B. Requesting a justification when upgrading permission | C. Giving only the right amount of permission | D. Trust but verify,A. ประเมินเป็นระยะว่าสิทธิ์ของผู้ใช้ยังคงเหมาะสมหรือไม่ | B. ขอเหตุผลเมื่อมีการอัปเกรดสิทธิ์ | C. ให้สิทธิ์เท่าที่จำเป็นเท่านั้น | D. Trust but verify,D,"The ""Trust but verify"" model is a method of threat protection that involves granting privileged accounts access to the network and other resources, while at the same time verifying their actions and activities. However, over time, this model was found to have limitations that expose organizations to a wide array of security threats. Therefore, ""Trust but verify"" is being progressively abandoned in favor of the Zero Trust model. The remaining options are all best practices of access management.",โมเดล 'Trust but verify' เป็นวิธีการป้องกันภัยคุกคามที่เกี่ยวข้องกับการให้บัญชีสิทธิพิเศษเข้าถึงเครือข่ายและทรัพยากรอื่น ๆ ในขณะเดียวกันก็ตรวจสอบการกระทำและกิจกรรมของพวกเขา อย่างไรก็ตาม เมื่อเวลาผ่านไป โมเดลนี้พบว่ามีข้อจำกัดที่เปิดโอกาสให้องค์กรเผชิญภัยคุกคามด้านความปลอดภัยหลากหลาย
295,2,"Domain 2: Business Continuity, Disaster Recovery, and Incident Response","During the investigation of an incident, which security policies are more likely to cause difficulties?",ในระหว่างการสืบสวนเหตุการณ์ นโยบายด้านความปลอดภัยใดมีแนวโน้มก่อให้เกิดความยากลำบากมากกว่า?,A. Configuration standards | B. Incident response policies | C. Communication policies | D. Retention policies github.com/ayemunhossain,A. มาตรฐานการกำหนดค่า | B. นโยบายตอบสนองต่อเหตุการณ์ | C. นโยบายการสื่อสาร | D. นโยบายการเก็บรักษาข้อมูล,D,"For many organizations, retention policies entail keeping data only for a limited time. Because of the high costs of data storage capacity, organizations maintain specific logs only for a short period of time (a few hours to several days), and keep other data records for more extended periods (months to years). Because of this, not all data regarding an incident may be available. Communication and incident response policies can provide valuable help to an incident investigation. Finally, configu",นโยบายการเก็บรักษาข้อมูลมักกำหนดให้เก็บข้อมูลไว้เพียงระยะเวลาจำกัด เนื่องจากต้นทุนการจัดเก็บที่สูง ทำให้ข้อมูลบางส่วนที่เกี่ยวข้องกับเหตุการณ์อาจไม่พร้อมใช้งานเมื่อต้องสืบสวน
296,3,Domain 3: Access Controls Concepts,"In an Access Control List (ACL), the element that determines which permissions you have is:",ใน Access Control List (ACL) องค์ประกอบที่กำหนดว่าคุณมีสิทธิ์ใดคือ:,A. The subject | B. The object | C. The firmware | D. The rule,A. Subject | B. Object | C. Firmware | D. Rule,D,"An Access Control List (ACL) is a list of rules that specifies which users or systems are granted or denied access (i.e., have permission to access) to a particular object or system resource (see ISC2 Study Guide, chapter 3, module 4). The subject is a user or a process run by a user, which inherits the user authorization. The object is the resource or data in the system (or the network) to be accessed. Firmware is a type of software embedded in a hardware system; therefore, the concept of an Ac",Access Control List (ACL) คือรายการกฎที่ระบุว่าผู้ใช้หรือระบบใดได้รับหรือถูกปฏิเสธการเข้าถึง (มีสิทธิ์เข้าถึง) วัตถุหรือทรัพยากรระบบเฉพาะ Subject คือผู้ใช้หรือกระบวนการที่รันโดยผู้ใช้ ซึ่งสืบทอดการอนุญาตของผู้ใช้ Object คือทรัพยากรหรือข้อมูลในระบบ (หรือเครือข่าย) ที่จะถูกเข้าถึง
297,4,Domain 4: Network Security,What does the term 'data remanence' refer?,คำว่า 'data remanence' หมายถึงอะไร?,A. Data in use that can't be encrypted | B. Files saved locally that can't be remoted accessed | C. Data left over after routine removal and deletion | D. All of the data in a system,A. ข้อมูลที่กำลังใช้งานซึ่งไม่สามารถเข้ารหัสได้ | B. ไฟล์ที่บันทึกในเครื่องซึ่งไม่สามารถเข้าถึงระยะไกลได้ | C. ข้อมูลที่หลงเหลืออยู่หลังการลบและกำจัดตามปกติ | D. ข้อมูลทั้งหมดในระบบ,C,"Data Remanence refers to data left over after routine removal and deletion of data from a storage device (see ISC2 Study Guide, chapter 4, module 3). When digital data is deleted, instead of being erased from the storage media, it is often only marked deleted, and the corresponding space is then made available to be overwritten later on. Consequently, deleted data can still be present on the storage media, and can be recovered using the proper media analysis and recovery tools. Data remanence is",Data Remanence หมายถึงข้อมูลที่หลงเหลืออยู่หลังการลบและกำจัดข้อมูลตามปกติออกจากอุปกรณ์จัดเก็บข้อมูล เมื่อข้อมูลดิจิทัลถูกลบ แทนที่จะถูกลบออกจากสื่อจัดเก็บ มักจะถูกทำเครื่องหมายว่าถูกลบเท่านั้น และพื้นที่ที่สอดคล้องกันจะถูกทำให้พร้อมสำหรับการเขียนทับในภายหลัง
298,2,"Domain 2: Business Continuity, Disaster Recovery, and Incident Response","(★) Which type of recovery site has some or most systems in place, but does not have the data needed to take over operations?",ไซต์กู้คืนประเภทใดที่มีระบบบางส่วนหรือส่วนใหญ่พร้อมใช้งาน แต่ไม่มีข้อมูลที่จำเป็นในการเข้าครองการดำเนินงาน?,A. A hot site | B. A cloud site | C. A warm site | D. A cold site,A. Hot site | B. Cloud site | C. Warm site | D. Cold site,C,"A cold site requires space, power, network connectivity, systems and data to be put in place and take over operations. Warm sites have power, connectivity, and systems, but do not have live or current data enabling the immediate takeover of operations (see ISC2 Study Guide, chapter 2, module 3). A hot site can immediately take over operations. A cloud site is not a term that refers to one of the three most common types of recovery sites.",Cold site ต้องการพื้นที่ ไฟฟ้า การเชื่อมต่อเครือข่าย ระบบ และข้อมูลก่อนจึงจะเข้าครองการดำเนินงานได้ ในขณะที่ Warm site มีไฟฟ้า การเชื่อมต่อ และระบบพร้อมแล้ว แต่ไม่มีข้อมูลปัจจุบัน
299,4,Domain 4: Network Security,Which of these is NOT a characteristic of an MSP implementation?,ข้อใดต่อไปนี้ไม่ใช่ลักษณะของการนำ MSP มาใช้?,"A. Manage all in-house company infrastructure | B. Monitor and respond to security incidents | C. Mediate, execute and decide top-level decisions | D. Utilize expertise for the implementation of a product or service",A. จัดการโครงสร้างพื้นฐานทั้งหมดภายในบริษัทเอง | B. เฝ้าติดตามและตอบสนองต่อเหตุการณ์ความปลอดภัย | C. เป็นตัวกลาง ดำเนินการ และตัดสินใจในระดับสูงสุด | D. ใช้ความเชี่ยวชาญสำหรับการนำผลิตภัณฑ์หรือบริการไปใช้,A,"Manage all-in-house company infrastructure is not a characteristic of an MSP (Managed Service Provider) implementation. MSPs provide an outsourced IT service to manage a company's IT infrastructure and endpoints, rather than managing it all in-house. Some characteristics of an MSP implementation include the following (see ISC2 Study Guide, chapter 4, module 3): Utilizing expertise for the implementation of a product or serviceMonitoring and responding to security incidents Mediating, executing a",การจัดการโครงสร้างพื้นฐานทั้งหมดภายในบริษัทไม่ใช่ลักษณะของการนำ MSP (Managed Service Provider) มาใช้ MSP ให้บริการ IT แบบ outsource เพื่อจัดการโครงสร้างพื้นฐาน IT และ endpoint ของบริษัท แทนที่จะจัดการทั้งหมดภายในบริษัทเอง
300,2,"Domain 2: Business Continuity, Disaster Recovery, and Incident Response",Which of these is NOT a typical component of a comprehensive business continuity plan (BCP)?,ข้อใดไม่ใช่องค์ประกอบทั่วไปของแผนความต่อเนื่องทางธุรกิจ (BCP) ที่ครอบคลุม?,A. A cost prediction of the immediate response procedures | B. Immediate response procedures and checklists | C. Notification systems and call trees for alerting personnel | D. A list of the BCP team members,A. การประมาณต้นทุนของขั้นตอนการตอบสนองทันที | B. ขั้นตอนและรายการตรวจสอบการตอบสนองทันที | C. ระบบแจ้งเตือนและสายโทรศัพท์สำหรับแจ้งบุคลากร | D. รายชื่อสมาชิกทีม BCP,A,"Cost predictions of response procedures are not typical components of business continuity plans (BCP). A BCP typically includes the following elements: A list of BCP team members, who will be responsible for implementing the BCP and coordinating the response to an incident; Immediate response procedures and checklists, with step-by-step instructions for responding to an incident and restoring operations; Notification systems and call trees for alerting personnel, the purpose of which is to effec",การประมาณต้นทุนของขั้นตอนการตอบสนองไม่ใช่องค์ประกอบทั่วไปของ BCP ซึ่งปกติจะรวมรายชื่อทีม ขั้นตอนตอบสนองทันที และระบบแจ้งเตือนบุคลากร
301,1,Domain 1: Security Principles,Acting ethically is mandatory for (ISC)² members. Which of these is NOT considered unethical? github.com/ayemunhossain,การกระทำอย่างมีจริยธรรมเป็นสิ่งบังคับสำหรับสมาชิก (ISC)² ข้อใดไม่ถือว่าผิดจริยธรรม?,A. Disrupting the intended use of the internet | B. Seeking to gain unauthorized access to resources on thae internet | C. Compromising the privacy of users | D. Having fake social media profiles and accounts,A. การรบกวนการใช้งานอินเทอร์เน็ตตามที่ตั้งใจ | B. การพยายามเข้าถึงทรัพยากรบนอินเทอร์เน็ตโดยไม่ได้รับอนุญาต | C. การละเมิดความเป็นส่วนตัวของผู้ใช้ | D. การมีโปรไฟล์และบัญชีโซเชียลมีเดียปลอม,D,"Having fake social media profiles and accounts can be socially objectionable, but does not violate the (ISC)² Ethics Canons (see ISC2 Study Guide, chapter 1, module 5). That being said, seeking to gain unauthorized access to resources on the internet, compromising the privacy of users, and disrupting the intended use of the internet are all considered unethical behaviors by (ISC)², as well as by other similar professional organizations. Aside from being violations of professional codes of conduc",การมีโปรไฟล์และบัญชีโซเชียลมีเดียปลอมอาจน่ารังเกียจในทางสังคม แต่ไม่ได้ละเมิดจรรยาบรรณของ (ISC)² อย่างไรก็ตาม การพยายามเข้าถึงทรัพยากรบนอินเทอร์เน็ตโดยไม่ได้รับอนุญาต การละเมิดความเป็นส่วนตัวของผู้ใช้ และการรบกวนการใช้งานอินเทอร์เน็ตตามที่ตั้งใจ ล้วนถือเป็นพฤติกรรมที่ผิดจริยธรรมโดย (ISC)²
302,2,"Domain 2: Business Continuity, Disaster Recovery, and Incident Response","In an incident response process, which phase uses indicators of compromise and log analysis as part of a review of events?",ในกระบวนการตอบสนองต่อเหตุการณ์ ขั้นตอนใดใช้ตัวชี้วัดการถูกบุกรุก (Indicators of Compromise) และการวิเคราะห์ log เป็นส่วนหนึ่งของการทบทวนเหตุการณ์?,A. Preparation | B. Eradication | C. Identification | D. Containment,A. Preparation | B. Eradication | C. Identification | D. Containment,C,"According to NIST methodology, an incident response plan has four phases to structure the organization’s incident response, and typically includes short and long-term goals, metrics for measuring success, training, and job requirements for incident response roles. The identification phase focuses on identifying the attack, understanding its severity, and prioritizing it appropriately. Preparation focuses on building tools, processes and procedures to respond to incidents. Eradication involves th",ตามระเบียบวิธีของ NIST ขั้นตอน Identification จะเน้นการระบุการโจมตี ทำความเข้าใจความรุนแรง และจัดลำดับความสำคัญอย่างเหมาะสม โดยใช้ log และตัวชี้วัดการบุกรุก
303,3,Domain 3: Access Controls Concepts,Which of these Access Control Systems is commonly used in the military?,ระบบควบคุมการเข้าถึงใดต่อไปนี้ที่นิยมใช้ในกองทัพ?,A. ABAC | B. DAC | C. RBAC | D. MAC,A. ABAC | B. DAC | C. RBAC | D. MAC,D,"Mandatory Access Control (MAC) is a model of access control that is commonly used in the military, because it enables the centralized management of access rights, as well as the enforcement of strict security policies (see ISC2 Study Guide, chapter 3, module 3). In MAC, access to resources is based on the classification level of a given resource, as well as on the clearance level of the user. The use of classification and clearance levels allows for a hierarchical approach to security, whereby a",Mandatory Access Control (MAC) เป็นโมเดลการควบคุมการเข้าถึงที่นิยมใช้ในกองทัพ เนื่องจากช่วยให้สามารถจัดการสิทธิ์การเข้าถึงแบบรวมศูนย์ได้ รวมถึงการบังคับใช้นโยบายความปลอดภัยที่เข้มงวด ใน MAC การเข้าถึงทรัพยากรอิงตามระดับการจัดประเภทของทรัพยากรที่กำหนด และระดับการอนุญาตของผู้ใช้
304,1,Domain 1: Security Principles,Which of these is NOT a security principle?,ข้อใดไม่ใช่หลักการความปลอดภัย?,A. Security in Depth (SID) | B. Zero Trust model | C. Least Privilege | D. Separation of Duties,A. Security in Depth (SID) | B. Zero Trust model | C. Least Privilege | D. Separation of Duties,A,"Security in Depth (SID) is not a security principle, but a security model that involves implementing multiple layers of security controls, so as to protect against threats and reduce the risk of a successful attack. In Security in Depth, the idea is to create a multi-layered defense system that includes both technical controls (such as firewalls and intrusion detection systems) and administrative controls (such as policies and procedures). github.com/ayemunhossain Zero Trust model, Separation of",Security in Depth (SID) ไม่ใช่หลักการความปลอดภัย แต่เป็นโมเดลความปลอดภัยที่เกี่ยวข้องกับการนำการควบคุมความปลอดภัยหลายชั้นมาใช้ เพื่อป้องกันภัยคุกคามและลดความเสี่ยงของการโจมตีที่สำเร็จ
305,1,Domain 1: Security Principles,Which of these is not a common goal of a cybersecurity attacker?,ข้อใดไม่ใช่เป้าหมายทั่วไปของผู้โจมตีความปลอดภัยไซเบอร์?,A. Allocation | B. Alteration | C. Disclosure | D. Denial,A. Allocation | B. Alteration | C. Disclosure | D. Denial,A,"The three most common goals of cybersecurity attackers are disclosure, alteration, and denial (DAD), which correspond directly to to the cybersecurity triad: confidentiality, integrity, and availability (CIA) (see ISC2 Study Guide, chapter 1, module 1). Allocation means assigning controls to specific system elements responsible for providing a security or privacy capability (e.g., access control systems, routers, servers, etc.), and therefore is not a common goal of a cybersecurity attacker.","เป้าหมายทั่วไปสามประการของผู้โจมตีความปลอดภัยไซเบอร์คือ disclosure, alteration และ denial (DAD) ซึ่งสอดคล้องโดยตรงกับสามเสาหลักของความปลอดภัยไซเบอร์: confidentiality, integrity และ availability (CIA) Allocation หมายถึงการกำหนดการควบคุมให้กับองค์ประกอบระบบเฉพาะที่รับผิดชอบในการให้ความสามารถด้านความปลอดภัยหรือความเป็นส่วนตัว จึงไม่ใช่เป้าหมายทั่วไปของผู้โจมตี"
306,4,Domain 4: Network Security,Which of these types of layers is NOT part of the TCP/IP model?,เลเยอร์ประเภทใดต่อไปนี้ไม่ใช่ส่วนหนึ่งของโมเดล TCP/IP?,A. Application | B. Physical | C. Internet | D. Transport,A. Application | B. Physical | C. Internet | D. Transport,B,"The physical layer exists in the OSI model, but not in the TCP/IP model. The TCP/IP Protocol Architecture Layers are: [1] Application (Determines the protocols for the Transport layer); [2] Transport (Allows for data to move among devices); [3] Internet (Creates and inserts packets); [4] Network Interface (Governs how data will move through the network) (for more on this, see ISC2 Study Guide, Chapter 4, Module 1).",Physical layer มีอยู่ในโมเดล OSI แต่ไม่มีในโมเดล TCP/IP เลเยอร์สถาปัตยกรรมโปรโตคอล TCP/IP คือ: [1] Application; [2] Transport; [3] Internet; [4] Network Interface
307,5,Domain 5: Security Operations,"On a BYOD model, which of these technologies is best suited to keep corporate data and applications separate from personal?",ในโมเดล BYOD เทคโนโลยีใดเหมาะสมที่สุดในการแยกข้อมูลและแอปพลิเคชันขององค์กรออกจากข้อมูลส่วนตัว?,A. Biometrics | B. Full-device encryption | C. Context-aware authentication | D. Containerization,A. Biometrics | B. Full-device encryption | C. Context-aware authentication | D. Containerization,D,"Containerization allows users to run corporate applications and access corporate data in a secure environment that applications outside the container cannot access. Containerization solutions for mobile devices typically use encryption and other isolation techniques to ensure that data and applications do not cross over. Full-device encryption helps reduce the risk of theft or loss of a device, thereby reducing the risk of a data breach. Biometrics and context-aware authentication are helpful in",Containerization ช่วยให้ผู้ใช้สามารถรันแอปพลิเคชันขององค์กรและเข้าถึงข้อมูลขององค์กรในสภาพแวดล้อมที่ปลอดภัยซึ่งแอปพลิเคชันภายนอกคอนเทนเนอร์ไม่สามารถเข้าถึงได้ โซลูชัน Containerization สำหรับอุปกรณ์มือถือมักใช้การเข้ารหัสและเทคนิคการแยกส่วนอื่น ๆ เพื่อรับประกันว่าข้อมูลและแอปพลิเคชันจะไม่ปะปนกัน
308,1,Domain 1: Security Principles,"In the context of risk management, which information does ALE outline?",ในบริบทของการบริหารความเสี่ยง ALE ให้ข้อมูลใด?,A. The expected cost per year of not performing a given risk-mitigating action | B. The business impact of a risk | C. The percentage of Asset Lost Efficiency | D. The probability of a risk coming to pass in a given year,A. ต้นทุนที่คาดว่าจะเกิดขึ้นต่อปีของการไม่ดำเนินการลดความเสี่ยงที่กำหนด | B. ผลกระทบทางธุรกิจของความเสี่ยง | C. เปอร์เซ็นต์ของ Asset Lost Efficiency | D. ความน่าจะเป็นที่ความเสี่ยงจะเกิดขึ้นในปีที่กำหนด,A,"The Annualized Loss Expectancy (ALE) is a standard metric of risk exposure that refers to the expected cost per year of a given risk if it is not mitigated. The business impact of a risk is technically considered a loss, and is better captured by a metric called Single Loss Expectancy (see ISC2 Study Guide, chapter 1, module 2). The probability of a risk coming to pass in a given year is best captured by a metric called Annualized Rate of Occurrence (ARO). Asset Lost Efficiency is a misleading t",Annualized Loss Expectancy (ALE) เป็นตัวชี้วัดมาตรฐานของการเปิดรับความเสี่ยงที่หมายถึงต้นทุนที่คาดว่าจะเกิดขึ้นต่อปีของความเสี่ยงที่กำหนดหากไม่ได้รับการลด ผลกระทบทางธุรกิจของความเสี่ยงถือเป็นการสูญเสียทางเทคนิค และถูกจับได้ดีกว่าด้วยตัวชี้วัดที่เรียกว่า Single Loss Expectancy
309,1,Domain 1: Security Principles,Which of these techniques is PRIMARILY used to ensure data integrity?,เทคนิคใดถูกใช้เป็นหลักเพื่อรับประกันความถูกต้องครบถ้วนของข้อมูล (Data integrity)?,A. Message Digest | B. Content Encryption | C. Backups | D. Hashing,A. Message Digest | B. Content Encryption | C. Backups | D. Hashing,A,"Data integrity means that a message has not been tampered with or altered. A Message Digest ensures the integrity of any message data that is transmitted over an insecure channel (since a channel that may alter the message's content) (see ISC2 Study Guide, chapter 1, module 1). Cryptographic hash functions (like MD5 or SHA-256) create a fixed-length digital fingerprint of the message data called the Message Digest. If the Message Digest does not match, then the message's integrity has been compr",ความถูกต้องครบถ้วนของข้อมูลหมายความว่าข้อความไม่ถูกดัดแปลงหรือเปลี่ยนแปลง Message Digest รับประกันความถูกต้องครบถ้วนของข้อมูลข้อความใด ๆ ที่ถูกส่งผ่านช่องทางที่ไม่ปลอดภัย ฟังก์ชันแฮชเข้ารหัส (เช่น MD5 หรือ SHA-256) สร้างลายนิ้วมือดิจิทัลความยาวคงที่ของข้อมูลข้อความที่เรียกว่า Message Digest
310,2,"Domain 2: Business Continuity, Disaster Recovery, and Incident Response",Which of these is an example of a privacy breach?,ข้อใดเป็นตัวอย่างของการละเมิดความเป็นส่วนตัว (Privacy breach)?,A. Any observable occurrence in a network or system | B. Being exposed to the possibility of attack | C. Unavailability of critical systems | D. Access of private information by an unauthorized person github.com/ayemunhossain,A. เหตุการณ์ใด ๆ ที่สังเกตได้ในเครือข่ายหรือระบบ | B. การถูกเปิดเผยต่อความเป็นไปได้ในการถูกโจมตี | C. ความไม่พร้อมใช้งานของระบบสำคัญ | D. การเข้าถึงข้อมูลส่วนบุคคลโดยบุคคลที่ไม่ได้รับอนุญาต,D,"A privacy breach is a compromise of confidentiality (see ISC2 Study Guide, chapter 2, module 1). The NIST defines privacy breach as ""the loss of control, compromise, unauthorized disclosure, unauthorized acquisition, or any similar occurrence where a person other than an authorized user accesses (or potentially accesses) personally identifiable information, or uses it for anything other than its authorized purpose"". The unavailability of a critical system is a compromise of availability (not of",การละเมิดความเป็นส่วนตัวคือการถูกละเมิด confidentiality โดย NIST นิยามว่าเป็นการสูญเสียการควบคุมหรือการเข้าถึงข้อมูลส่วนบุคคลโดยบุคคลที่ไม่ได้รับอนุญาต
311,4,Domain 4: Network Security,Which of these terms refers to a collection of fixes?,คำใดต่อไปนี้หมายถึงการรวมของการแก้ไข (fixes)?,A. Downgrade | B. Patch | C. Service Pack | D. Hotfix,A. Downgrade | B. Patch | C. Service Pack | D. Hotfix,C,"A service pack comprises a collection of updates, fixes or enhancements to a software program delivered as a single installable package. A hotfix (or quick-fix) engineering update is a cumulative package which includes information that will be used to address a problem in a software product. A software patch is a quick-repair job for a piece of programming, and is designed to resolve functionality issues, improve security and/or add new features.",Service pack ประกอบด้วยชุดอัปเดต การแก้ไข หรือการปรับปรุงโปรแกรมซอฟต์แวร์ที่ส่งมอบเป็นแพ็กเกจติดตั้งเดียว Hotfix (หรือ quick-fix) คือแพ็กเกจสะสมที่รวมข้อมูลที่ใช้แก้ไขปัญหาในผลิตภัณฑ์ซอฟต์แวร์
312,5,Domain 5: Security Operations,"While performing background checks on new employees, which of these can NEVER be an attribute for discrimination?",เมื่อทำการตรวจสอบประวัติพนักงานใหม่ ข้อใดไม่สามารถใช้เป็นปัจจัยในการเลือกปฏิบัติได้เลย?,"A. Employment history, references, criminal records | B. Credit history, employment history, references | C. Criminal Records, credit history, references | D. References, education, political affiliation, employment history",A. ประวัติการทำงาน การอ้างอิง บันทึกอาชญากรรม | B. ประวัติเครดิต ประวัติการทำงาน การอ้างอิง | C. บันทึกอาชญากรรม ประวัติเครดิต การอ้างอิง | D. การอ้างอิง การศึกษา ความเกี่ยวข้องทางการเมือง ประวัติการทำงาน,D,"The correct answer is A. A best practice when hiring new staff is to perform a background check, so as to minimize risks. A company can use discriminatory factors such as references, academic degrees, and employment, criminal, or credit history (although this is not very common). However, it is illegal to inquire about potential or current employees' political preferences (see ISC2 Study Guide, chapter 5, module 4).",คำตอบที่ถูกต้องคือ A แนวปฏิบัติที่ดีเมื่อจ้างพนักงานใหม่คือการตรวจสอบประวัติเพื่อลดความเสี่ยง บริษัทสามารถใช้ปัจจัยเช่น การอ้างอิง วุฒิการศึกษา และประวัติการทำงาน อาชญากรรม หรือเครดิต (แม้จะไม่ค่อยพบบ่อยนัก) อย่างไรก็ตาม การสอบถามเกี่ยวกับความเกี่ยวข้องทางการเมืองของพนักงานที่มีศักยภาพหรือปัจจุบันนั้นผิดกฎหมาย
313,1,Domain 1: Security Principles,"When looking for cybersecurity insurance, which of these is the MOST IMPORTANT objective?",เมื่อมองหาประกันภัยความปลอดภัยไซเบอร์ ข้อใดคือวัตถุประสงค์ที่สำคัญที่สุด?,A. Risk acceptance | B. Risk transference | C. Risk avoidance | D. Risk spreading,A. Risk acceptance | B. Risk transference | C. Risk avoidance | D. Risk spreading,B,"The purpose of any insurance is to transfer risk from one party to another. The insurer is obligated to indemnify the insured for a loss caused by an unexpected event, over the course of a definite and mutually-agreed period of time. Risk avoidance consists in avoiding or eliminating the actions and conditions that give rise to the risk. Risk spreading consists in spreading a significant amount of risk over a larger part of the organization or activity, namely by manipulating the sequence or siz",วัตถุประสงค์ของการประกันภัยใด ๆ คือการโอนความเสี่ยงจากฝ่ายหนึ่งไปยังอีกฝ่ายหนึ่ง ผู้รับประกันมีหน้าที่ชดเชยผู้เอาประกันสำหรับความสูญเสียที่เกิดจากเหตุการณ์ที่ไม่คาดคิดตลอดระยะเวลาที่กำหนดและตกลงร่วมกัน Risk avoidance คือการหลีกเลี่ยงหรือขจัดการกระทำและเงื่อนไขที่ก่อให้เกิดความเสี่ยง
314,4,Domain 4: Network Security,Which of these documents is MORE directly related to what can be done with a system or with its information?,เอกสารใดต่อไปนี้เกี่ยวข้องโดยตรงกับสิ่งที่สามารถทำได้กับระบบหรือข้อมูลของระบบ?,A. SLA | B. MOA | C. MOU | D. ROE,A. SLA | B. MOA | C. MOU | D. ROE,C,"A Memorandum of Understanding (MOU) outlines the terms and conditions for collaboration, including eventual restrictions on the use of information (see ISC2 Study Guide, chapter 4, module 3). A Memorandum of Agreement (MOA) is similar to an MOU, but is both more formal and legally binding. A Service Level Agreement (SLA) is a contract between a service provider and a customer which specifies service-related guarantees or warranties. In Cybersecurity, Rules of Engagement (ROE) are guidelines and",Memorandum of Understanding (MOU) ระบุข้อกำหนดและเงื่อนไขสำหรับความร่วมมือ รวมถึงข้อจำกัดในการใช้ข้อมูลในที่สุด Memorandum of Agreement (MOA) คล้ายกับ MOU แต่เป็นทางการและมีผลผูกพันทางกฎหมายมากกว่า
315,2,"Domain 2: Business Continuity, Disaster Recovery, and Incident Response",Which kind of document outlines the procedures ensuring that vital company systems keep running during business- disrupting events?,เอกสารประเภทใดที่ระบุขั้นตอนเพื่อให้ระบบสำคัญขององค์กรยังคงทำงานได้ในระหว่างเหตุการณ์ที่รบกวนธุรกิจ?,A. Business Impact Analysis | B. Business Impact Plan | C. Business Continuity Plan | D. Disaster Recovery Plan,A. Business Impact Analysis | B. Business Impact Plan | C. Business Continuity Plan | D. Disaster Recovery Plan,C,"A Business Continuity Plan (BCP) is a predetermined set of instructions describing how an organization's business processes will be sustained during and after a significant disruption (see Chapter 2 ISC2 Study Guide, module 4, under Terms and Definitions). A Business Impact Analysis (BIA) is a method of analyzing how such disruptions can affect an organization. A Disaster Recovery Plan is used to recover systems after a major failure or disaster. The term 'Business Impact Plan' does not actually",Business Continuity Plan (BCP) คือชุดคำสั่งที่กำหนดไว้ล่วงหน้าเพื่ออธิบายว่ากระบวนการทางธุรกิจขององค์กรจะดำเนินต่อไปอย่างไรในระหว่างเหตุการณ์หยุดชะงัก
316,4,Domain 4: Network Security,Which of these social engineering attacks sends emails that target specific individuals?,การโจมตีทางวิศวกรรมสังคมใดที่ส่งอีเมลมุ่งเป้าไปที่บุคคลเฉพาะ?,A. Pharming | B. Whaling | C. Vishing | D. Spear phishing,A. Pharming | B. Whaling | C. Vishing | D. Spear phishing,D,"Spear phishing is a highly targeted phishing attack (and not just random spam) which aims to get specific individuals to reveal confidential information. The particularity of spear phishing is that these attacks are sent with prior knowledge about the target (person or company), so as to increase its chance of success. Whaling is a phishing attack targeted at a group (typically an organization's executives) (see ISC2 Study Guide, chapter 4, module 3). A pharming attack corrupts an infrastructure",Spear phishing คือการโจมตีแบบ phishing ที่มุ่งเป้าไปสูงมาก (ไม่ใช่แค่สแปมแบบสุ่ม) ซึ่งมีเป้าหมายให้บุคคลเฉพาะเปิดเผยข้อมูลลับ ลักษณะเฉพาะของ spear phishing คือการโจมตีเหล่านี้ถูกส่งโดยมีความรู้ล่วงหน้าเกี่ยวกับเป้าหมาย
317,1,Domain 1: Security Principles,(★) Which of these properties is NOT guaranteed by a Message Authentication Code (MAC)?,คุณสมบัติใดที่ Message Authentication Code (MAC) ไม่ได้รับประกัน?,A. Authenticity | B. Anonymity | C. Integrity | D. Non-repudiation,A. Authenticity | B. Anonymity | C. Integrity | D. Non-repudiation,B,"A Message Authentication Code (MAC) does not guarantee anonymity. MAC is a cryptographic function that guarantees a message's integrity, authenticity, and non-repudiation. In particular: Integrity is the ability of the MAC to detect any changes that may have occurred to a message during either transmission or storage. A MAC provides this by generating a unique code for the message based on its contents, as well as a secret key that is shared between the sender and the receiver. If any changes ar",Message Authentication Code (MAC) ไม่รับประกันความไม่เปิดเผยตัวตน (Anonymity) MAC เป็นฟังก์ชันการเข้ารหัสที่รับประกันความถูกต้องครบถ้วน ความแท้จริง และการปฏิเสธความรับผิดไม่ได้ (Non-repudiation)ของข้อความ Integrity คือความสามารถของ MAC ในการตรวจจับการเปลี่ยนแปลงใด ๆ ที่อาจเกิดขึ้นกับข้อความระหว่างการส่งหรือการจัดเก็บ
318,5,Domain 5: Security Operations,What is the PRIMARY objective of a degaussing? github.com/ayemunhossain,วัตถุประสงค์หลักของการทำ degaussing คืออะไร?,A. Preventing magnetic side-channel attacks | B. Reducing noisy data on a disk | C. Erasing the data on a disk | D. Retaining the data on a disk,A. ป้องกันการโจมตีแบบ magnetic side-channel | B. ลดข้อมูลรบกวนบนดิสก์ | C. ลบข้อมูลบนดิสก์ | D. รักษาข้อมูลบนดิสก์ไว้,C,"Degaussing is a technique used to erase data from a magnetic storage device, such as a hard disk drive (HDD) or magnetic tape. In degaussing, devices are exposed to strong magnetic fields that neutralize the magnetic records of the data stored on the device. This effectively erases the data, making it difficult or impossible to recover. Degaussing is often used to securely erase data from storage devices before disposing or repurposing them, thereby ensuring that unauthorized parties cannot acce",Degaussing เป็นเทคนิคที่ใช้ลบข้อมูลจากอุปกรณ์จัดเก็บข้อมูลแบบแม่เหล็ก เช่น ฮาร์ดดิสก์ไดรฟ์ (HDD) หรือเทปแม่เหล็ก ในการทำ degaussing อุปกรณ์จะถูกทำให้สัมผัสกับสนามแม่เหล็กความเข้มสูงที่ทำให้บันทึกแม่เหล็กของข้อมูลที่จัดเก็บในอุปกรณ์เป็นกลาง ทำให้ข้อมูลถูกลบอย่างมีประสิทธิภาพ ยากหรือเป็นไปไม่ได้ที่จะกู้คืน
319,1,Domain 1: Security Principles,Which of these is part of the canons (ISC)² code of ethics?,ข้อใดเป็นส่วนหนึ่งของจรรยาบรรณ (ISC)² code of ethics?,A. Provide diligent and competent services to stakeholders | B. Advance and protect the profession | C. Prevent and detect unauthorized use of digital assets in a society | D. Act always in the best interest of your client,A. Provide diligent and competent services to stakeholders | B. Advance and protect the profession | C. Prevent and detect unauthorized use of digital assets in a society | D. Act always in the best interest of your client,B,"The four canons of ISC2 are (see ISC2 Study Guide, chapter 1, module 5): Advance and protect the profession; Act honorably, honestly, justly, responsibly and legally; Provide diligent and competent service to principals; Protect society, the common good, necessary public trust and confidence and the infrastructure.Although some options seem right, only 'Advance and protect the profession' is correct. github.com/ayemunhossain",จรรยาบรรณสี่ข้อของ ISC2 คือ: การปกป้องและส่งเสริมวิชาชีพ (Advance and protect the profession); การกระทำอย่างมีเกียรติ ซื่อสัตย์ ยุติธรรม รับผิดชอบ และถูกกฎหมาย; การให้บริการอย่างขยันขันแข็งและมีความสามารถต่อผู้ว่าจ้าง; การปกป้องสังคม ผลประโยชน์ส่วนรวม ความไว้วางใจสาธารณะ และโครงสร้างพื้นฐาน แม้ตัวเลือกบางข้อจะดูเหมือนถูกต้อง แต่มีเพียง 'Advance and protect the profession' เท่านั้นที่ถูกต้อง
320,1,Domain 1: Security Principles,Which of these is NOT one of the (ISC)² ethics canons?,ข้อใดไม่ใช่หนึ่งในจรรยาบรรณของ (ISC)²?,"A. Act honorably, honestly, justly, responsibly, and legally | B. Consider the social consequences of the systems you are designing | C. Protect society, the common good, necessary public trust and confidence, and the infrastructure | D. Provide diligent and competent service to principals","A. Act honorably, honestly, justly, responsibly, and legally | B. Consider the social consequences of the systems you are designing | C. Protect society, the common good, necessary public trust and confidence, and the infrastructure | D. Provide diligent and competent service to principals",B,"Considering the social consequences of the systems you are designing is a valid concern, since the professional must abide by the canon of their protecting society, the common good, necessary public trust and confidence, and the infrastructure. However, this is not in itself a canon. The four canons of (ISC)² are: Protect society, the common good, necessary public trust and confidence, and the infrastructure; Act honorably, honestly, justly, responsibly, and legally; Provide diligent and compete","การพิจารณาผลกระทบทางสังคมของระบบที่คุณกำลังออกแบบเป็นข้อกังวลที่ถูกต้อง เนื่องจากผู้เชี่ยวชาญต้องปฏิบัติตามจรรยาบรรณของการปกป้องสังคม ผลประโยชน์ส่วนรวม ความไว้วางใจสาธารณะ และโครงสร้างพื้นฐาน อย่างไรก็ตาม สิ่งนี้ไม่ใช่จรรยาบรรณในตัวมันเอง จรรยาบรรณทั้งสี่ของ (ISC)² คือ: การปกป้องสังคม, การกระทำอย่างมีเกียรติ, การให้บริการอย่างขยันขันแข็ง, และการปกป้องวิชาชีพ"
321,1,Domain 1: Security Principles,(★) Which of these is the PRIMARY objective of the PCI-DSS standard?,ข้อใดคือวัตถุประสงค์หลักของมาตรฐาน PCI-DSS?,A. Personally Identifiable Information (PII) | B. Change Management | C. Secure Credit Cards Payments | D. Protected Health Information (PHI),A. Personally Identifiable Information (PII) | B. Change Management | C. Secure Credit Cards Payments | D. Protected Health Information (PHI),C,"PCI-DSS (Payment Card Industry Data Security Standard) is a standard used in the payment card industry. Protected Health Information (PHI) is any individually identifiable health information that is created, used or disclosed while providing healthcare services. The Health Insurance Portability and Accountability Act (HIPAA) is a United States law aimed at protecting PHI. Personally Identifiable Information (PII) is any information that is capable of identifying an individual. PII is protected b",PCI-DSS (Payment Card Industry Data Security Standard) เป็นมาตรฐานที่ใช้ในอุตสาหกรรมบัตรชำระเงิน Protected Health Information (PHI) คือข้อมูลสุขภาพที่สามารถระบุตัวบุคคลได้ ซึ่งถูกสร้าง ใช้ หรือเปิดเผยขณะให้บริการด้านการดูแลสุขภาพ HIPAA เป็นกฎหมายของสหรัฐอเมริกาที่มุ่งปกป้อง PHI
322,4,Domain 4: Network Security,"Which of these is an attack that encrypts the organization's information, and then demands payment for the decryption code?",ข้อใดคือการโจมตีที่เข้ารหัสข้อมูลขององค์กร แล้วเรียกร้องการชำระเงินเพื่อแลกกับรหัสถอดรหัส?,A. Phishing | B. DDoS | C. Spoofing | D. Ransomware,A. Phishing | B. DDoS | C. Spoofing | D. Ransomware,D,"Ransomware is an attack that encrypts an organization's information (thereby rendering it inaccessible or unusable) and then demands payment in exchange for the decryption code (see ISC2 Study Guide, chapter 4, module 2). A distributed denial-of-service (DDoS) attack is a type of attack in which a large amount of malicious traffic is directed at a specific target (such as a website or server), so as to overwhelm it, thus making it unavailable to users. Phishing is an attack in which attackers se",Ransomware คือการโจมตีที่เข้ารหัสข้อมูลขององค์กร (ทำให้ไม่สามารถเข้าถึงหรือใช้งานได้) แล้วเรียกร้องการชำระเงินเพื่อแลกกับรหัสถอดรหัส การโจมตีแบบ distributed denial-of-service (DDoS) เป็นการโจมตีที่ส่งทราฟฟิกที่เป็นอันตรายจำนวนมากไปยังเป้าหมายเฉพาะ
323,2,"Domain 2: Business Continuity, Disaster Recovery, and Incident Response",The PRIMARY objective of a business continuity plan is:,วัตถุประสงค์หลักของแผนความต่อเนื่องทางธุรกิจคืออะไร?,A. To regularly verify whether the organization complies with applicable regulations | B. To sustain business operations while recovering from a disruption | C. To assess the impact of disruption to the business | D. To restore the business to the full last-known reliable state of operations,A. ตรวจสอบเป็นประจำว่าองค์กรปฏิบัติตามกฎระเบียบที่บังคับใช้หรือไม่ | B. รักษาการดำเนินธุรกิจในระหว่างการกู้คืนจากการหยุดชะงัก | C. ประเมินผลกระทบของการหยุดชะงักต่อธุรกิจ | D. กู้คืนธุรกิจให้กลับสู่สถานะที่เชื่อถือได้ล่าสุดอย่างสมบูรณ์,B,"A Business Continuity Plan (BCP) is a predetermined set of instructions describing how the mission and business processes of an organization will be sustained during and after a significant disruption (see Chapter 2 ISC2 Study Guide, module 4, under Terms and Definitions). Restoring a business to its last-known reliable state of operations is the goal of a Disaster Recovery Plan (see Chapter 2 ISC2 Study Guide, module 4, under The Goal of Disaster Recovery). Assessing the github.com/ayemunhossai",Business Continuity Plan (BCP) คือชุดคำสั่งที่กำหนดไว้ล่วงหน้าเพื่ออธิบายว่าภารกิจและกระบวนการทางธุรกิจขององค์กรจะดำเนินต่อไปอย่างไรในระหว่างและหลังเหตุการณ์หยุดชะงักสำคัญ
324,4,Domain 4: Network Security,Which of these is an attack whose PRIMARY goal is to gain access to a target system through falsified identity?,ข้อใดคือการโจมตีที่มีเป้าหมายหลักในการเข้าถึงระบบเป้าหมายผ่านตัวตนที่ปลอมแปลง?,A. Ransomware | B. Amplification | C. Spoofing | D. DDoS,A. Ransomware | B. Amplification | C. Spoofing | D. DDoS,C,"Spoofing is an attack whose primary goal is to gain access to a target system through a falsified identity. In a spoofing attack, the attacker creates or manipulates a digital identity or communication, so as to deceive the target into believing that the attacker is someone or something else. There are many different types of spoofing attacks, including email spoofing, IP spoofing, and URL spoofing. Such attacks are used to gain unauthorized access to systems or networks, steal sensitive informa",Spoofing คือการโจมตีที่มีเป้าหมายหลักในการเข้าถึงระบบเป้าหมายผ่านตัวตนที่ปลอมแปลง ในการโจมตีแบบ spoofing ผู้โจมตีสร้างหรือจัดการตัวตนดิจิทัลหรือการสื่อสาร เพื่อหลอกให้เป้าหมายเชื่อว่าผู้โจมตีเป็นบุคคลหรือสิ่งอื่น
325,2,"Domain 2: Business Continuity, Disaster Recovery, and Incident Response","When an incident occurs, which of these is not a PRIMARY responsibility of an organization's response team?",เมื่อเกิดเหตุการณ์ ข้อใดไม่ใช่ความรับผิดชอบหลักของทีมตอบสนองขององค์กร?,A. Determining the scope of the damage caused by the incident | B. Implementing the recovery procedures necessary to restore security and recover from any incident-related damage | C. Determining whether any confidential information has been compromised over the course of the entire incident | D. Communicating with top management regarding the circumstances of the cybersecurity event,A. กำหนดขอบเขตความเสียหายที่เกิดจากเหตุการณ์ | B. ดำเนินการตามขั้นตอนกู้คืนที่จำเป็นเพื่อฟื้นฟูความปลอดภัยและกู้คืนความเสียหายจากเหตุการณ์ | C. กำหนดว่าข้อมูลลับใดถูกละเมิดตลอดระยะเวลาของเหตุการณ์ | D. สื่อสารกับผู้บริหารระดับสูงเกี่ยวกับสถานการณ์ของเหตุการณ์ความปลอดภัยไซเบอร์,D,"While communicating with top management about the circumstances of the cybersecurity event is always important, it is not a primary responsibility of the response team. Indeed, the primary responsibility of the response team is to address github.com/ayemunhossain the immediate impact of the incident, and to restore security as quickly as possible. When an incident occurs, the primary duties of a response team include the following: Determining the scope of the damage caused by the incident, and",แม้การสื่อสารกับผู้บริหารระดับสูงจะสำคัญเสมอ แต่ไม่ใช่ความรับผิดชอบหลักของทีมตอบสนอง ซึ่งเน้นที่การจัดการผลกระทบทันทีและฟื้นฟูความปลอดภัยโดยเร็วที่สุด
326,5,Domain 5: Security Operations,What is the PRIMARY objective of a rollback in the context of the change management process?,วัตถุประสงค์หลักของ rollback ในบริบทของกระบวนการ change management คืออะไร?,A. Identify the required changes needed | B. Validate the system change process | C. Restore the system to its last state before the change was made | D. Establish a minimum understood and acceptable level of security requirements,A. ระบุการเปลี่ยนแปลงที่จำเป็น | B. ตรวจสอบความถูกต้องของกระบวนการเปลี่ยนแปลงระบบ | C. คืนสถานะระบบให้กลับไปเป็นสถานะล่าสุดก่อนการเปลี่ยนแปลง | D. สร้างระดับความเข้าใจและระดับข้อกำหนดด้านความปลอดภัยที่ยอมรับได้ขั้นต่ำ,C,"In the context of the change management process, the primary objective of a rollback is to restore the system to its last state before the change was made. By rolling back the change, the system can be returned to its previous state, which may help to resolve issues and restore regular operation. Rollbacks can be either triggered automatically in response to a failure or error, or initiated manually during the change management process (see ISC2 Study Guide, chapter 5, module 2). Establishing a",ในบริบทของกระบวนการ change management วัตถุประสงค์หลักของ rollback คือการคืนสถานะระบบให้กลับไปเป็นสถานะล่าสุดก่อนที่การเปลี่ยนแปลงจะเกิดขึ้น การ rollback การเปลี่ยนแปลงจะทำให้ระบบกลับไปสู่สถานะก่อนหน้า ซึ่งอาจช่วยแก้ปัญหาและคืนการทำงานปกติของระบบ
327,1,Domain 1: Security Principles,Which of these entities is responsible for signing an organization's policies?,หน่วยงานใดต่อไปนี้รับผิดชอบในการลงนามนโยบายขององค์กร?,A. Human Resources | B. Security engineer | C. Financial Department | D. Senior management github.com/ayemunhossain,A. Human Resources | B. Security engineer | C. Financial Department | D. Senior management,D,"Senior management is typically responsible for setting the organization's overall direction and strategy, and for ensuring that policies and procedures are in place to support that strategy. Therefore, it is the senior management's responsibilityto sign the organization's policies. Although other departments and stakeholders may be called in to develop and draft policies, it is ultimately the responsibility of senior management to sign off on the policies, indicating their approval and support.",ผู้บริหารระดับสูงมักรับผิดชอบในการกำหนดทิศทางและกลยุทธ์โดยรวมขององค์กร และรับประกันว่ามีนโยบายและขั้นตอนเพื่อสนับสนุนกลยุทธ์นั้น ดังนั้น ผู้บริหารระดับสูงจึงมีความรับผิดชอบในการลงนามนโยบายขององค์กร
328,1,Domain 1: Security Principles,"Which of these terms refers to threats with unusually high technical and operational sophistication, spanning months or even years?",คำใดหมายถึงภัยคุกคามที่มีความซับซ้อนทางเทคนิคและการปฏิบัติการที่สูงผิดปกติ กินระยะเวลาหลายเดือนหรือหลายปี?,A. Rootkit | B. APT | C. Side-channel | D. Ping of death,A. Rootkit | B. APT | C. Side-channel | D. Ping of death,B,"An Advanced Persistent Threat is a threat with unusually high technical and operational sophistication. APTs can be difficult to detect and defend against, as the attackers often use sophisticated techniques to evade detection, and to remain stealthy for extended periods of time. APTs are typically carried out by highly skilled and well-funded attackers (such as nation-state actors or well-organized criminal groups), and often target specific organizations or individuals with the goal of stealin",Advanced Persistent Threat คือภัยคุกคามที่มีความซับซ้อนทางเทคนิคและการปฏิบัติการที่สูงผิดปกติ APT อาจตรวจจับและป้องกันได้ยาก เนื่องจากผู้โจมตีมักใช้เทคนิคที่ซับซ้อนเพื่อหลบเลี่ยงการตรวจจับและคงอยู่อย่างลับ ๆ เป็นเวลานาน
329,5,Domain 5: Security Operations,The PRIMARY objective of a security baseline is to establish ...,วัตถุประสงค์หลักของ security baseline คือการสร้าง...,A. . a minimum understood and a good level of security requirements | B. a minimum understood and acceptable level of security requirements github.com/ayemunhossain | C. security and configuration requirements | D. a maximum understood and an acceptable level of security requirements,A. ระดับความเข้าใจขั้นต่ำและระดับข้อกำหนดด้านความปลอดภัยที่ดี | B. ระดับความเข้าใจขั้นต่ำและระดับข้อกำหนดด้านความปลอดภัยที่ยอมรับได้ | C. ข้อกำหนดด้านความปลอดภัยและการตั้งค่าคอนฟิก | D. ระดับความเข้าใจสูงสุดและระดับข้อกำหนดด้านความปลอดภัยที่ยอมรับได้,B,"A security baseline is a set of security standards, guidelines and procedures used to ensure that a system or network meets a minimum level of security. Security baselines are typically based on industry best practices, regulatory requirements, and an organization's specific security needs. The primary objective of a security baseline is to establish a minimum understood and acceptable level of security requirements. While it is true that a security baseline specifies security and configuration",Security baseline คือชุดมาตรฐานความปลอดภัย แนวทาง และขั้นตอนที่ใช้เพื่อรับประกันว่าระบบหรือเครือข่ายมีระดับความปลอดภัยขั้นต่ำ security baseline มักอิงตามแนวปฏิบัติที่ดีของอุตสาหกรรม ข้อกำหนดด้านกฎระเบียบ และความต้องการด้านความปลอดภัยเฉพาะขององค์กร วัตถุประสงค์หลักของ security baseline คือการสร้างระดับความเข้าใจขั้นต่ำและระดับข้อกำหนดด้านความปลอดภัยที่ยอมรับได้
330,4,Domain 4: Network Security,Which of these attacks take advantage of inadequate input validation in websites?,การโจมตีใดต่อไปนี้ใช้ประโยชน์จากการตรวจสอบข้อมูลนำเข้าที่ไม่เพียงพอในเว็บไซต์?,A. Phishing | B. Trojans | C. Cross-Site Scripting | D. Rootkits,A. Phishing | B. Trojans | C. Cross-Site Scripting | D. Rootkits,C,"Cross-Site Scripting (XSS) is an attack where malicious executable scripts are injected into an otherwise benign website (or web application) code. Websites are vulnerable to XSS when they display data originating from requests or forms without validating it (and further sanitizing it, so that it is not executable) (see ISC2 Study Guide, chapter 4, module 2). Trojans and phishing are attacks where software applications and messages try to appear legitimate, but have hidden malicious functions. T",Cross-Site Scripting (XSS) คือการโจมตีที่สคริปต์ที่สามารถรันได้ซึ่งเป็นอันตรายถูกแทรกเข้าไปในโค้ดของเว็บไซต์ที่ไม่มีอันตราย เว็บไซต์มีความเสี่ยงต่อ XSS เมื่อแสดงข้อมูลที่มาจากคำขอหรือแบบฟอร์มโดยไม่ได้ตรวจสอบความถูกต้อง
331,4,Domain 4: Network Security,An organization needs a network security tool that detects and acts in the event of malicious activity. Which of these tools will BEST meet their needs?,องค์กรต้องการเครื่องมือความปลอดภัยเครือข่ายที่ตรวจจับและดำเนินการเมื่อเกิดกิจกรรมที่เป็นอันตราย ข้อใดต่อไปนี้จะตอบสนองความต้องการของพวกเขาได้ดีที่สุด?,A. Router github.com/ayemunhossain | B. IPS | C. IDS | D. Firewall,A. Router | B. IPS | C. IDS | D. Firewall,B,"An intrusion prevention system (IPS) is designed to monitor network traffic in real-time, identifying patterns or behaviors that may indicate an attempted intrusion or other malicious activity. Whenever an IPS detects suspicious activity, it can also act to protect the network (such as by blocking suspicious traffic, alerting the network administrator, or initiating a response to contain the threat) (see ISC2 Study Guide, chapter 4, module 2). Another type of network security tool is an intrusio",Intrusion prevention system (IPS) ถูกออกแบบมาเพื่อเฝ้าติดตามทราฟฟิกเครือข่ายแบบเรียลไทม์ ระบุรูปแบบหรือพฤติกรรมที่อาจบ่งชี้ถึงความพยายามบุกรุกหรือกิจกรรมที่เป็นอันตรายอื่น ๆ เมื่อ IPS ตรวจพบกิจกรรมที่น่าสงสัย มันสามารถดำเนินการเพื่อปกป้องเครือข่ายได้เช่นกัน
332,3,Domain 3: Access Controls Concepts,"In a DAC policy scenario, which of these tasks can only be performed by a subject granted access to information?",ในสถานการณ์นโยบาย DAC งานใดต่อไปนี้ทำได้เฉพาะโดย subject ที่ได้รับสิทธิ์เข้าถึงข้อมูลเท่านั้น?,A. Changing security attributes | B. Reading the information | C. Executing the information | D. Modifying the information,A. การเปลี่ยนคุณลักษณะความปลอดภัย | B. การอ่านข้อมูล | C. การรันข้อมูล | D. การแก้ไขข้อมูล,A,"As a principle, users can perform Read, Write and Execute actions with every Access Control policy. However, in discretionary access control policies, the permissions associated with each object (files or system resources) are set by the object's owner. In this model, the creator of an object implicitly becomes its owner, and therefore can decide who will have permission to the objects (see ISC2 Study Guide, chapter 3, module 3). A major weakness of DAC is that it gives users complete control to","โดยหลักการ ผู้ใช้สามารถดำเนินการ Read, Write และ Execute ได้กับทุกนโยบายควบคุมการเข้าถึง อย่างไรก็ตาม ในนโยบาย discretionary access control สิทธิ์ที่เกี่ยวข้องกับแต่ละวัตถุ (ไฟล์หรือทรัพยากรระบบ) ถูกกำหนดโดยเจ้าของวัตถุ ในโมเดลนี้ ผู้สร้างวัตถุกลายเป็นเจ้าของโดยปริยาย จึงสามารถตัดสินใจว่าใครจะมีสิทธิ์เข้าถึงวัตถุนั้น รวมถึงการเปลี่ยนคุณลักษณะความปลอดภัย"
333,1,Domain 1: Security Principles,"In the event of non-compliance, which of these can have considerable financial consequences for an organization?",ในกรณีที่ไม่ปฏิบัติตาม ข้อใดสามารถส่งผลกระทบทางการเงินอย่างมากต่อองค์กร?,A. Policies | B. Regulations | C. Guidelines | D. Standards,A. Policies | B. Regulations | C. Guidelines | D. Standards,B,"Regulations are created by governments or national authorities, and often lead to financial fines for infringement. For example, the EU's GDPR prescribes penalties of up to 2% of annual revenue. Standards are created by governing or professional bodies (not by governments), and thus are not legally enforceable. Regulations are mandatory, while standards are voluntary. Policies and guidelines are internal to organizations, and are therefore not subject to financial penalties (see ISC2 Study Guide",กฎระเบียบ (Regulations) ถูกสร้างขึ้นโดยรัฐบาลหรือหน่วยงานระดับชาติ และมักนำไปสู่บทลงโทษทางการเงินสำหรับการฝ่าฝืน ตัวอย่างเช่น GDPR ของ EU กำหนดบทลงโทษสูงถึง 2% ของรายได้ต่อปี มาตรฐาน (Standards) ถูกสร้างขึ้นโดยหน่วยงานกำกับดูแลหรือวิชาชีพ (ไม่ใช่โดยรัฐบาล) จึงไม่มีผลบังคับใช้ทางกฎหมาย
334,4,Domain 4: Network Security,What does the term LAN refer to?,คำว่า LAN หมายถึงอะไร?,"A. A tool to manage and control network traffic, as well as to protect a network. | B. A network on a building or limited geographical area | C. A device that connects multiple other devices in a network | D. A long-distance connection between geographically-distant networks",A. เครื่องมือในการจัดการและควบคุมทราฟฟิกเครือข่าย รวมถึงการปกป้องเครือข่าย | B. เครือข่ายในอาคารหรือพื้นที่ทางภูมิศาสตร์ที่จำกัด | C. อุปกรณ์ที่เชื่อมต่ออุปกรณ์อื่น ๆ หลายเครื่องในเครือข่าย | D. การเชื่อมต่อระยะไกลระหว่างเครือข่ายที่ห่างไกลทางภูมิศาสตร์,B,"A local area network (LAN) typically covers a single floor or building. Long-distance connections between geographically- distant networks form something called a wide area network (WAN). Multiple devices in a network are connected through hubs or switches. The management and control of network traffic and protection is achieved by specialized equipment, such as firewalls and intrusion prevention systems (ISC2 Study Guide, Chapter 4, Module 1)",Local area network (LAN) โดยทั่วไปครอบคลุมชั้นเดียวหรืออาคารเดียว การเชื่อมต่อระยะไกลระหว่างเครือข่ายที่ห่างไกลทางภูมิศาสตร์เรียกว่า wide area network (WAN)
335,5,Domain 5: Security Operations,Which of these is a type of corrective security control? github.com/ayemunhossain,ข้อใดเป็นประเภทของ corrective security control?,A. Patches | B. Intrusion detection systems | C. Guidelines | D. Encryption,A. Patches | B. Intrusion detection systems | C. Guidelines | D. Encryption,A,"Patches are a type of corrective security control, since they repair damage and restore resources and capabilities to a secure and previously-updated state (see ISC2 Study Guide, chapter 5, module 2). Encryption is a preventive security control that ensures data confidentiality. Intrusion detection systems are detective controls, since they monitor a given system for unwanted activity. Intrusion detection systems (IDS) alert administrators to potential security breaches or attacks. Although they",Patches เป็นประเภทหนึ่งของ corrective security control เนื่องจากซ่อมแซมความเสียหายและคืนทรัพยากรและความสามารถให้กลับสู่สถานะที่ปลอดภัยและอัปเดตแล้วก่อนหน้า Encryption เป็น preventive security control ที่รับประกันความลับของข้อมูล Intrusion detection systems เป็น detective controls เนื่องจากเฝ้าติดตามระบบสำหรับกิจกรรมที่ไม่พึงประสงค์
336,4,Domain 4: Network Security,Which of these enables point-to-point online communication over an untrusted network?,เทคโนโลยีใดที่ช่วยให้การสื่อสารออนไลน์แบบ point-to-point ผ่านเครือข่ายที่ไม่น่าเชื่อถือได้?,A. VLAN | B. Firewall | C. Router | D. VPN,A. VLAN | B. Firewall | C. Router | D. VPN,D,"A VPN is a type of network technology that creates a secure encrypted connection between a device and a network. This connection allows users to communicate with each other and access network resources as if they were on the same local network, even if they are in different locations (see ISC2 Study Guide, chapter 4, module 3). A VLAN (Virtual Local Area Network) is a network segmentation technology that allows devices on a network to be logically grouped, even if they are in different locations",VPN คือเทคโนโลยีเครือข่ายประเภทหนึ่งที่สร้างการเชื่อมต่อที่เข้ารหัสและปลอดภัยระหว่างอุปกรณ์กับเครือข่าย การเชื่อมต่อนี้ทำให้ผู้ใช้สามารถสื่อสารกันและเข้าถึงทรัพยากรเครือข่ายได้ราวกับอยู่ในเครือข่ายท้องถิ่นเดียวกัน แม้จะอยู่คนละสถานที่
337,4,Domain 4: Network Security,At which of the OSI layers do TCP and UDP work?,TCP และ UDP ทำงานที่เลเยอร์ใดของ OSI?,A. Transport Layer | B. Session Layer | C. Application Layer | D. Physical Layer,A. Transport Layer | B. Session Layer | C. Application Layer | D. Physical Layer,A,"TCP (Transmission Control Protocol) and UDP (User Datagram Protocol) are both transport layer protocols, which operate at the fourth layer of the OSI (Open Systems Interconnection) model (see ISC2 Study Guide, chapter 4, module 1). The transport layer (also known as ""Layer 4"") ensures that data is delivered reliably and efficiently between different devices on a network. TCP is a connection-oriented protocol which establishes a dedicated end-to-end connection. UDP is a connectionless protocol, a",TCP (Transmission Control Protocol) และ UDP (User Datagram Protocol) ต่างเป็นโปรโตคอลชั้น transport ซึ่งทำงานที่เลเยอร์ที่สี่ของโมเดล OSI (Open Systems Interconnection) Transport layer (หรือเรียกว่า 'Layer 4') รับประกันว่าข้อมูลถูกส่งอย่างเชื่อถือได้และมีประสิทธิภาพระหว่างอุปกรณ์ต่าง ๆ บนเครือข่าย
338,1,Domain 1: Security Principles,(★) Which is the PRIMARY focus of the ISO 27002 standard?,ข้อใดคือจุดเน้นหลักของมาตรฐาน ISO 27002?,A. Health Insurance Portability and Accountability Act (HIPAA) | B. Information Security Management System (ISMS) | C. Risk Management | D. Application Security,A. Health Insurance Portability and Accountability Act (HIPAA) | B. Information Security Management System (ISMS) | C. Risk Management | D. Application Security,B,"ISO 27002 is a supplementary standard aimed at guiding implementation controls in order to maintain security controls for Information Security Management Systems (ISMS), as defined in ISO 27001. Among many other aspects, these security controls comprise application security. Risk management is an activity that is touched on in this standard, but is not its primary focus (it is the focus of the ISO 31000 standard). HIPAA is the United States law that governs the privacy github.com/ayemunhossain o",ISO 27002 เป็นมาตรฐานเสริมที่มุ่งให้แนวทางการนำการควบคุมมาใช้เพื่อรักษาความปลอดภัยของ Information Security Management Systems (ISMS) ตามที่กำหนดใน ISO 27001 การบริหารความเสี่ยงเป็นกิจกรรมที่ถูกกล่าวถึงในมาตรฐานนี้ แต่ไม่ใช่จุดเน้นหลัก (ซึ่งเป็นจุดเน้นของมาตรฐาน ISO 31000)
339,4,Domain 4: Network Security,(★) Which of these different sub-masks will allow 30 hosts?,sub-mask ใดต่อไปนี้ที่อนุญาตให้มี 30 hosts?,A. /26 | B. /30 | C. /27 | D. /29,A. /26 | B. /30 | C. /27 | D. /29,C,"A subnet mask is a number that distinguishes between the network address and the host address. Subnetting divides a network into two or more subnets (see ISC2 Study Guide, chapter 4, module 1). To allow 30 hosts + 2 addresses for broadcast and network addresses. Thus, we are looking for the mask 255.255.255.224, or /27 using CIDR (Classless Inter- Domain Routing) notation. For 32 addresses, we need 5 bits and the mask /32 - log2(32) = /32 - 5 = /27. As for the remaining masks, /26 would result i",Subnet mask คือตัวเลขที่แยกความแตกต่างระหว่างที่อยู่เครือข่ายและที่อยู่โฮสต์ Subnetting แบ่งเครือข่ายออกเป็นสองหรือมากกว่า subnets เพื่ออนุญาต 30 hosts + 2 addresses สำหรับ broadcast และ network addresses เราจึงต้องการ mask 255.255.255.224 หรือ /27
340,4,Domain 4: Network Security,(★) Which of these statements about the security implications of IPv6 is NOT true?,ข้อความใดต่อไปนี้เกี่ยวกับผลกระทบด้านความปลอดภัยของ IPv6 ไม่เป็นความจริง?,A. Rules based on static IPv6 addresses may not work | B. IPv6's NAT implementation is insecure | C. IPv6 traffic may bypass existing security controls | D. IPv6 reputation services may not be mature and useful,A. กฎที่อิงตาม static IPv6 addresses อาจไม่ทำงาน | B. การนำ NAT ของ IPv6 มาใช้ไม่ปลอดภัย | C. ทราฟฟิก IPv6 อาจข้ามการควบคุมความปลอดภัยที่มีอยู่ | D. บริการ reputation ของ IPv6 อาจยังไม่สมบูรณ์และเป็นประโยชน์,B,"IPv6 does not include network address translation (NAT), since many IP addresses are available. As a result, there is no NAT implementation, and so IPv6 can't actually have an insecure version. Rules based on static IPv6 addresses may not work, since IPv6 addresses are often dynamically assigned. Thus, certain security controls that rely on static address rules (such as firewalls or access controls) may not work in all cases. Reputation services are still relatively rare, and also somewhat less",IPv6 ไม่มี network address translation (NAT) เนื่องจากมี IP address จำนวนมากให้ใช้งาน ดังนั้นจึงไม่มีการนำ NAT มาใช้ และ IPv6 จึงไม่สามารถมีเวอร์ชันที่ไม่ปลอดภัยได้จริง กฎที่อิงตาม static IPv6 addresses อาจไม่ทำงาน เนื่องจาก IPv6 addresses มักถูกกำหนดแบบไดนามิก
341,1,Domain 1: Security Principles,Which of these is a type of detective access control?,ข้อใดเป็นประเภทหนึ่งของการควบคุมแบบตรวจจับการเข้าถึง (Detective access control)?,A. Bollards | B. Movement Sensors | C. Turnstiles | D. Firewalls,A. Bollards | B. Movement Sensors | C. Turnstiles | D. Firewalls,B,"Detective controls alert us to security problems by constantly monitoring activity and recording information, so as to take immediate action in the event of a security control failure (such as bollards or turnstiles). Therefore, a movement sensor is considered a detective control, and is complementary to physical controls. Firewalls are network devices used to filter network traffic, and are thus considered technical controls. Logging and monitoring tools, such as Security Information and Event",การควบคุมแบบตรวจจับ (Detective controls) แจ้งเตือนเราถึงปัญหาความปลอดภัยโดยการเฝ้าติดตามกิจกรรมอย่างต่อเนื่องและบันทึกข้อมูล เพื่อดำเนินการทันทีในกรณีที่การควบคุมความปลอดภัยล้มเหลว เซนเซอร์การเคลื่อนไหวจึงถือเป็นการควบคุมแบบตรวจจับ และเสริมการควบคุมทางกายภาพ
342,3,Domain 3: Access Controls Concepts,"The name, age, location and job title of a person are all examples of:",ชื่อ อายุ สถานที่ และตำแหน่งงานของบุคคล ล้วนเป็นตัวอย่างของ:,A. Biometric factors | B. Attributes | C. Account permissions | D. Identity factors,A. ปัจจัยชีวมิติ (Biometric factors) | B. คุณลักษณะ (Attributes) | C. สิทธิ์บัญชี (Account permissions) | D. ปัจจัยตัวตน (Identity factors),B,"Attributes such as a person's name, age, location, job title, and even characteristics such as height or hair color, may all be associated with their identity. None of these describe biometric factors used for authentication. Identity factors are something you know, are or have. Account permissions determine what an authenticated person (a user) can do, and not attributes related to the user's identity. github.com/ayemunhossain",คุณลักษณะ เช่น ชื่อ อายุ สถานที่ ตำแหน่งงานของบุคคล และแม้กระทั่งลักษณะอื่น ๆ เช่น ส่วนสูงหรือสีผม ล้วนสามารถเชื่อมโยงกับตัวตนของพวกเขาได้ ไม่มีข้อใดอธิบายปัจจัยชีวมิติที่ใช้ในการยืนยันตัวตน ปัจจัยตัวตนคือสิ่งที่คุณรู้ เป็น หรือมี
343,4,Domain 4: Network Security,Which cloud service model provides the most suitable environment for customers who want to install their custom operating system?,โมเดลบริการคลาวด์ใดที่ให้สภาพแวดล้อมที่เหมาะสมที่สุดสำหรับลูกค้าที่ต้องการติดตั้งระบบปฏิบัติการที่กำหนดเอง?,A. SaaS | B. SLA | C. IaaS | D. PaaS,A. SaaS | B. SLA | C. IaaS | D. PaaS,C,"Infrastructure as a Service (IaaS) is a cloud service model that allows the customer to manage the computing resources (including the operating systems). Software as a Service (SaaS) is a model that provides customers with access to software applications (typically on a subscription-based or pay-per-use model) but does not allow them to access the underlying infrastructure. Platform as a Service (PaaS) is a service model that provides a platform for building, deploying and managing applications;",Infrastructure as a Service (IaaS) คือโมเดลบริการคลาวด์ที่ให้ลูกค้าจัดการทรัพยากรคอมพิวเตอร์ได้ (รวมถึงระบบปฏิบัติการ) Software as a Service (SaaS) คือโมเดลที่ให้ลูกค้าเข้าถึงแอปพลิเคชันซอฟต์แวร์ แต่ไม่อนุญาตให้เข้าถึงโครงสร้างพื้นฐานพื้นฐาน
344,5,Domain 5: Security Operations,(★) Which of these statements is TRUE about cybersquatting?,ข้อความใดเป็นจริงเกี่ยวกับ cybersquatting?,A. Its an unethical practice but everyone does it | B. It is partially illegal practice | C. It is an illegal practice | D. It is s a legal practice,A. เป็นแนวปฏิบัติที่ผิดจริยธรรมแต่ทุกคนก็ทำกัน | B. เป็นแนวปฏิบัติที่ผิดกฎหมายบางส่วน | C. เป็นแนวปฏิบัติที่ผิดกฎหมาย | D. เป็นแนวปฏิบัติที่ถูกกฎหมาย,C,"Cybersquatting (also known as domain squatting) is the practice of speculatively registering and then selling (typically ata high price) a domain name, with the intent of profiting from someone else's trademark. An example would be someone registering the domain name ""mycompany.com"" and then offering to sell it to the owner of the trademark ""MyCompany"" for a high price. Cybersquatting can cause confusion and damage to the trademark owner's brand, which is generally considered unethical and decep",Cybersquatting (หรือเรียกว่า domain squatting) คือแนวปฏิบัติในการจดทะเบียนโดเมนเนมล่วงหน้าแล้วนำไปขาย (มักในราคาสูง) โดยมีเจตนาที่จะแสวงหากำไรจากเครื่องหมายการค้าของผู้อื่น ตัวอย่างเช่นการจดทะเบียนโดเมนเนม 'mycompany.com' แล้วเสนอขายให้กับเจ้าของเครื่องหมายการค้า 'MyCompany' ในราคาสูง Cybersquatting อาจก่อให้เกิดความสับสนและความเสียหายต่อแบรนด์ของเจ้าของเครื่องหมายการค้า ซึ่งโดยทั่วไปถือเป็นการกระทำที่ผิดจริยธรรมและหลอกลวง และในหลายประเทศถือเป็นการกระทำที่ผิดกฎหมาย
345,4,Domain 4: Network Security,Which of these addresses is commonly reserved specifically for broadcasting?,ที่อยู่ใดต่อไปนี้มักถูกสงวนไว้เฉพาะสำหรับการ broadcast?,A. 192.299.121.254 | B. 192.299.121.0 | C. 192.299.121.14 | D. 192.299.121.255,A. 192.299.121.254 | B. 192.299.121.0 | C. 192.299.121.14 | D. 192.299.121.255,D,"IPv4 addresses are 32-bits represented as a sequence of four 8-bit integers separated by a dot. Addresses ending with 0 are reserved to specifically signify the network itself (and not a specific device on that network). In contrast, addresses ending in 255 are generally reserved for broadcasting to all devices on that network (see ISC2 Study Guide, chapter 4, module 1).",IPv4 addresses มีขนาด 32 บิต แสดงเป็นลำดับของจำนวนเต็ม 8 บิตสี่ตัวคั่นด้วยจุด ที่อยู่ที่ลงท้ายด้วย 0 ถูกสงวนไว้เพื่อระบุเครือข่ายเอง (ไม่ใช่อุปกรณ์เฉพาะบนเครือข่ายนั้น) ในทางตรงกันข้าม ที่อยู่ที่ลงท้ายด้วย 255 โดยทั่วไปถูกสงวนไว้สำหรับการ broadcast ไปยังอุปกรณ์ทั้งหมดบนเครือข่ายนั้น
346,2,"Domain 2: Business Continuity, Disaster Recovery, and Incident Response",Which department in a company is NOT typically involved in a Disaster Recovery Plan (DRP)?,แผนกใดในบริษัทที่มักไม่เกี่ยวข้องใน Disaster Recovery Plan (DRP)?,A. Executive | B. Financial | C. Public Relations | D. IT,A. ผู้บริหาร | B. การเงิน | C. ฝ่ายประชาสัมพันธ์ | D. IT,B,"Executives and Public Relations staff need to be aware of the company's Disaster Recovery Plan (DRP) to properly handle the expectations of the public, as well as of company stakeholders. IT personnel should be focused on helping businesses return to normal operations. A company's financial department is rarely involved in a disaster recovery plan, except when the issue at hand is directly connected to company finances (see Chapter 2 ISC2 Study Guide, module 3, under Components of a Disaster Rec",ผู้บริหารและฝ่ายประชาสัมพันธ์ต้องรับทราบ DRP เพื่อจัดการความคาดหวังของสาธารณะและผู้มีส่วนได้ส่วนเสีย ส่วนฝ่ายการเงินมักไม่ค่อยเกี่ยวข้องกับ DRP เว้นแต่ประเด็นนั้นเกี่ยวข้องกับการเงินโดยตรง
347,3,Domain 3: Access Controls Concepts,Which of these pairs does NOT constitute Multi-Factor Authentication (MFA)?,คู่ใดต่อไปนี้ไม่ถือเป็น Multi-Factor Authentication (MFA)?,A. Fingerprint and password. | B. Username and retina scan. | C. Password and username. | D. PIN and credit card.,A. ลายนิ้วมือและรหัสผ่าน | B. ชื่อผู้ใช้และการสแกนม่านตา | C. รหัสผ่านและชื่อผู้ใช้ | D. PIN และบัตรเครดิต,C,"Multi-Factor Authentication uses authentication from more than one factor. Passwords and usernames are not multifactor, since they are both 'something you know' (see ISC2 Study Guide, chapter 3, module 1).",Multi-Factor Authentication ใช้การยืนยันตัวตนจากมากกว่าหนึ่งปัจจัย รหัสผ่านและชื่อผู้ใช้ไม่ใช่ multi-factor เนื่องจากทั้งสองเป็น 'สิ่งที่คุณรู้'
348,4,Domain 4: Network Security,Which method is COMMONLY used to map live hosts in the network?,วิธีการใดที่ใช้กันทั่วไปในการทำแผนที่ live hosts ในเครือข่าย?,A. Geolocation | B. Traceroute | C. Ping sweep | D. Wireshark,A. Geolocation | B. Traceroute | C. Ping sweep | D. Wireshark,C,"A ping sweep is a commonly used method to map live hosts in a network. A ping sweep involves sending a series of ping messages (ICMP Echo Request packets) to a range of IP addresses on a network so as to determine which hosts are currently online. Hosts that are online will respond with a reply message when a ping is sent to them. Collecting the replies makes it possible to map which hosts are currently online on the network (see ISC2 Study Guide, chapter 4, module 3). The remaining options are",Ping sweep คือวิธีการที่ใช้กันทั่วไปในการทำแผนที่ live hosts ในเครือข่าย โดยเกี่ยวข้องกับการส่งชุดข้อความ ping (ICMP Echo Request packets) ไปยังช่วงของ IP addresses บนเครือข่าย เพื่อกำหนดว่า hosts ใดออนไลน์อยู่ในปัจจุบัน
349,5,Domain 5: Security Operations,A poster reminding the best password management practices is an example of which type of learning activity?,โปสเตอร์เตือนเกี่ยวกับแนวปฏิบัติการจัดการรหัสผ่านที่ดีที่สุด เป็นตัวอย่างของกิจกรรมการเรียนรู้ประเภทใด?,A. Awareness | B. Schooling | C. Education | D. Training,A. Awareness | B. Schooling | C. Education | D. Training,A,An awareness poster or campaign can be effective in engaging a user's attention and encouraging them to consider their password practices. Specific strategies include highlighting the risks associated with weak or easily guessable passwords (such as the risk of account compromise or data theft) and encouraging users to remember to use a password manager to store and manage their passwords securely. The primary goal of education is to help learners improve both their understanding of concepts and,โปสเตอร์หรือแคมเปญสร้างความตระหนักสามารถมีประสิทธิภาพในการดึงดูดความสนใจของผู้ใช้และกระตุ้นให้พวกเขาพิจารณาแนวปฏิบัติด้านรหัสผ่านของตน กลยุทธ์เฉพาะรวมถึงการเน้นความเสี่ยงที่เกี่ยวข้องกับรหัสผ่านที่อ่อนแอหรือคาดเดาง่าย และกระตุ้นให้ผู้ใช้จำการใช้ตัวจัดการรหัสผ่านเพื่อจัดเก็บและจัดการรหัสผ่านอย่างปลอดภัย
350,1,Domain 1: Security Principles,Which part of the CIA Triad will be PRIMARILY jeopardized in a Distributed Denial Of Service (DDOS) attack?,ส่วนใดของ CIA Triad จะถูกคุกคามหลักในการโจมตีแบบ Distributed Denial Of Service (DDOS)?,A. Accountability | B. Availability | C. Integrity | D. Confidentiality,A. Accountability | B. Availability | C. Integrity | D. Confidentiality,B,"Distributed Denial-of-Service (DDoS) attacks are malicious attempts to block businesses from their traffic by flooding a target server, service or network with malicious coordinated traffic generated by a wide number of systems on the internet. The goal of DDoS attacks is to compromise availability (see ISC2 Study Guide, chapter 1, module 1 and also chapter 4, module 3) . A DDoS attack does not target confidentiality, but it may accidentally compromise integrity. Accountability is the property t",การโจมตีแบบ Distributed Denial-of-Service (DDoS) คือความพยายามที่เป็นอันตรายในการปิดกั้นธุรกิจจากทราฟฟิกของตน โดยการท่วมเซิร์ฟเวอร์ บริการ หรือเครือข่ายเป้าหมายด้วยทราฟฟิกที่เป็นอันตรายที่ประสานงานกันจากระบบจำนวนมากบนอินเทอร์เน็ต เป้าหมายของการโจมตี DDoS คือการคุกคาม availability
351,5,Domain 5: Security Operations,(★) What technology is MOST LIKELY to conserve the storage space required for video recordings?,เทคโนโลยีใดมีแนวโน้มมากที่สุดที่จะช่วยประหยัดพื้นที่จัดเก็บที่จำเป็นสำหรับการบันทึกวิดีโอ?,A. Motion detection | B. PTZ | C. Facial recognition | D. Infrared cameras,A. Motion detection | B. PTZ | C. Facial recognition | D. Infrared cameras,A,"Motion-detecting cameras record only when motion is detected, and thus help in reducing video storage requirements. A recording will occur more rarely in low-occupancy places (like data centers), thus conserving storage. In more heavily used areas, the impact on total storage space used will be negligible. Infrared cameras, facial recognition, and the abilityto pan, tilt, and zoom (PTZ) a camera are important features, but more is needed to conserve storage space.",กล้องที่ตรวจจับการเคลื่อนไหวจะบันทึกเฉพาะเมื่อตรวจพบการเคลื่อนไหว จึงช่วยลดความต้องการพื้นที่จัดเก็บวิดีโอ การบันทึกจะเกิดขึ้นน้อยกว่าในสถานที่ที่มีคนน้อย (เช่น ศูนย์ข้อมูล) จึงช่วยประหยัดพื้นที่จัดเก็บ
352,4,Domain 4: Network Security,An organization that uses a layered approach when designing its security architecture is using which of these security approaches?,องค์กรที่ใช้แนวทางแบบเป็นชั้นในการออกแบบสถาปัตยกรรมความปลอดภัยกำลังใช้แนวทางความปลอดภัยใดต่อไปนี้?,A. Zero trust | B. Defense in depth | C. Network Layers | D. Network Control Access,A. Zero trust | B. Defense in depth | C. Network Layers | D. Network Control Access,B,"An organization that uses a layered approach when designing its security architecture is using a defense in-depth approach. In a defense in-depth approach, different layers of security controls may be implemented at different levels of the organization, such as at the network, application and user levels (see ISC2 Study Guide, chapter 4, module 3). Network control access refers to the process of controlling access to a network. Network layers refer to the different levels of a computer network,",องค์กรที่ใช้แนวทางแบบเป็นชั้นในการออกแบบสถาปัตยกรรมความปลอดภัยกำลังใช้แนวทาง defense in-depth ในแนวทาง defense in-depth ชั้นการควบคุมความปลอดภัยที่แตกต่างกันอาจถูกนำมาใช้ในระดับที่แตกต่างกันขององค์กร เช่น ระดับเครือข่าย แอปพลิเคชัน และผู้ใช้
353,5,Domain 5: Security Operations,Which of these techniques will ensure the property of 'non-repudiation'?,เทคนิคใดที่จะรับประกันคุณสมบัติ 'non-repudiation'?,A. Using a VPN | B. Passwords | C. Encryption | D. Digital signatures,A. การใช้ VPN | B. รหัสผ่าน | C. การเข้ารหัส | D. ลายเซ็นดิจิทัล,D,"Non-repudiation means ensuring that the sender cannot later deny having sent the message. Digital signatures provide an undeniable match between sender and digital signature. We can think of a digital signature as a Message Digest encrypted with an asymmetric key: first, the message hash is encrypted using the sender's private key; then, the message (possibly encrypted) previously encrypted message hash; finally, the recipient decrypts the signature with the sender's public key, and transfers th",Non-repudiation หมายถึงการรับประกันว่าผู้ส่งไม่สามารถปฏิเสธในภายหลังว่าตนไม่ได้ส่งข้อความ ลายเซ็นดิจิทัลให้การจับคู่ที่ปฏิเสธไม่ได้ระหว่างผู้ส่งและลายเซ็นดิจิทัล
354,5,Domain 5: Security Operations,(★) A USB pen with data passed around the office is an example of:,USB pen ที่มีข้อมูลถูกส่งต่อกันในสำนักงาน เป็นตัวอย่างของ:,A. Data in motion | B. Data at rest | C. Data in transit | D. Data in use,A. Data in motion | B. Data at rest | C. Data in transit | D. Data in use,B,"Data at rest is stored data that resides on hard drives, on tapes, in the cloud, or on other storage media like (in this case)a USB pen. Data in processing (also called data in use) is actively used by a computer system. Data sent over a network is called data in motion. Data in transit is a term that does not usually apply to such a situation.",Data at rest คือข้อมูลที่จัดเก็บอยู่บนฮาร์ดไดรฟ์ เทป คลาวด์ หรือสื่อจัดเก็บข้อมูลอื่น ๆ เช่น (ในกรณีนี้) USB pen ข้อมูลที่กำลังประมวลผล (เรียกอีกอย่างว่า data in use) คือข้อมูลที่กำลังถูกใช้งานอย่างต่อเนื่องโดยระบบคอมพิวเตอร์ ข้อมูลที่ส่งผ่านเครือข่ายเรียกว่า data in motion
355,4,Domain 4: Network Security,Suppose that an organization wants to implement measures to strengthen its detective access controls. Which one of these tools should they implement?,สมมติว่าองค์กรต้องการนำมาตรการมาใช้เพื่อเสริมความแข็งแกร่งให้กับการควบคุมการเข้าถึงแบบตรวจจับ (Detective access controls) เครื่องมือใดต่อไปนี้ที่พวกเขาควรนำมาใช้?,A. Patches | B. Encryption | C. IDS | D. Backups,A. Patches | B. Encryption | C. IDS | D. Backups,C,"Detective controls are a crucial component of a cybersecurity program, since they provide visibility into malicious activity, breaches and attacks on an organization's IT environment. An intrusion detection system (IDS) is a device or software application which monitors a network or systems for malicious activity or policy violations (meaning that it's a detective control) (see ISC2 Study Guide, chapter 4, module 1). Patches are corrective controls. Backups are compensating controls, since they",การควบคุมแบบตรวจจับเป็นองค์ประกอบสำคัญของโปรแกรมความปลอดภัยไซเบอร์ เนื่องจากให้ทัศนวิสัยต่อกิจกรรมที่เป็นอันตราย การละเมิด และการโจมตีต่อสภาพแวดล้อม IT ขององค์กร Intrusion detection system (IDS) คืออุปกรณ์หรือแอปพลิเคชันซอฟต์แวร์ที่เฝ้าติดตามเครือข่ายหรือระบบเพื่อหากิจกรรมที่เป็นอันตราย
356,4,Domain 4: Network Security,(★) Which of these is an example of a MAC address?,ข้อใดต่อไปนี้เป็นตัวอย่างของ MAC address?,A. 00-51-02-1F-58-F6 | B. 0051021f58 | C. 10.23.19.49 | D. 2001 : db8: 3333 : 4444 : 5555 : 6666 : 7777 : 8888,A. 00-51-02-1F-58-F6 | B. 0051021f58 | C. 10.23.19.49 | D. 2001 : db8: 3333 : 4444 : 5555 : 6666 : 7777 : 8888,A,"All network devices have a 48-bit Media Access Control (MAC) address, represented as six groups of 8 bits values in github.com/ayemunhossain hexadecimal (see ISC2 Study Guide, chapter 4, module 1 - Understand Computer Networking). An example of a MAC address would be 00-51-02-1F-58-F6. An IPv4 address is a 32-bit address represented as a sequence of four 8-bit integers, an example of which would be 10.23.19.49. An IPv6 address is a 128-bit address represented as a sequence of eight groups of 16-",อุปกรณ์เครือข่ายทั้งหมดมี Media Access Control (MAC) address ขนาด 48 บิต แสดงเป็นหกกลุ่มของค่า 8 บิตในเลขฐานสิบหก ตัวอย่างของ MAC address คือ 00-51-02-1F-58-F6 IPv4 address คือที่อยู่ขนาด 32 บิต แสดงเป็นลำดับของจำนวนเต็ม 8 บิตสี่ตัว เช่น 10.23.19.49
357,3,Domain 3: Access Controls Concepts,Which of these types of credentials is NOT used in multi-factor authentication?,ข้อมูลรับรองประเภทใดต่อไปนี้ที่ไม่ได้ใช้ใน multi-factor authentication?,A. Something you have | B. Something you know | C. Something you are | D. Something you trust,A. สิ่งที่คุณมี | B. สิ่งที่คุณรู้ | C. สิ่งที่คุณเป็น | D. สิ่งที่คุณเชื่อถือ,D,"Authentication generally requires that users provide identity factors (that others can't not easily provide). Because no single factor is ever foolproof, multi-factor authentication typically uses one or several of the following (see ISC2 Study Guide, chapter 3, module 1): 'Something you know', such as a password or personal identification number (PIN); 'Something you have', such as a smart card or certificate; 'Something you are', which would be based on your physical characteristics, in which",การยืนยันตัวตนโดยทั่วไปกำหนดให้ผู้ใช้ต้องให้ปัจจัยตัวตน (ที่ผู้อื่นไม่สามารถให้ได้ง่าย) เนื่องจากไม่มีปัจจัยเดียวที่สมบูรณ์แบบ multi-factor authentication มักใช้หนึ่งหรือหลายอย่างต่อไปนี้: 'สิ่งที่คุณรู้' เช่น รหัสผ่านหรือ PIN; 'สิ่งที่คุณมี' เช่น สมาร์ทการ์ดหรือใบรับรอง; 'สิ่งที่คุณเป็น' ซึ่งอิงตามลักษณะทางกายภาพของคุณ
358,2,"Domain 2: Business Continuity, Disaster Recovery, and Incident Response","On an Incident Response team, which role acts as the team's main link to Senior Management?",ในทีมตอบสนองต่อเหตุการณ์ บทบาทใดทำหน้าที่เป็นตัวเชื่อมหลักของทีมกับผู้บริหารระดับสูง?,A. Information security | B. Communications and public relations | C. Management | D. Technical expert,A. ฝ่ายความปลอดภัยสารสนเทศ | B. ฝ่ายสื่อสารและประชาสัมพันธ์ | C. ฝ่ายบริหาร | D. ผู้เชี่ยวชาญด้านเทคนิค,C,"On most incident response teams, members of management or organizational leadership act as a primary conduit to senior management (see ISC2 Study Guide, chapter 2, module 1). The management team member also ensures that difficult or urgent decisions can be made without escalating authority. Communications and public relations staff focus on internal and external communications that typically differ from the direct conduit to senior management. Technical and information security experts are prima",ในทีมตอบสนองต่อเหตุการณ์ส่วนใหญ่ สมาชิกจากฝ่ายบริหารหรือผู้นำองค์กรทำหน้าที่เป็นช่องทางหลักในการสื่อสารกับผู้บริหารระดับสูง
359,4,Domain 4: Network Security,Which of these is NOT an effective way to protect an organization from cybercriminals?,ข้อใดต่อไปนี้ไม่ใช่วิธีที่มีประสิทธิภาพในการปกป้ององค์กรจากอาชญากรไซเบอร์?,A. Removing or disabling unneeded services and protocols | B. Using firewalls | C. Using out-dated anti-malware software | D. Using intrusion detection and prevention systems,A. การลบหรือปิดใช้งานบริการและโปรโตคอลที่ไม่จำเป็น | B. การใช้ไฟร์วอลล์ | C. การใช้ซอฟต์แวร์แอนตี้มัลแวร์ที่ล้าสมัย | D. การใช้ระบบตรวจจับและป้องกันการบุกรุก,C,"Using out-dated anti-malware software is NOT an effective way to protect an organization from cybercriminals. Anti- malware software (such as antivirus programs) are designed to detect and remove malware from computer systems and networks. To be effective, it is vital, instead, to ensure that running software is kept up-to-date with the latest security updates and definitions. Other effective ways to protect an organization from cybercriminals are: Removing or disabling unneeded services and pro",การใช้ซอฟต์แวร์แอนตี้มัลแวร์ที่ล้าสมัยไม่ใช่วิธีที่มีประสิทธิภาพในการปกป้ององค์กรจากอาชญากรไซเบอร์ ซอฟต์แวร์แอนตี้มัลแวร์ (เช่น โปรแกรมแอนตี้ไวรัส) ถูกออกแบบมาเพื่อตรวจจับและลบมัลแวร์ออกจากระบบคอมพิวเตอร์และเครือข่าย เพื่อให้มีประสิทธิภาพ จำเป็นอย่างยิ่งที่จะต้องรักษาซอฟต์แวร์ที่กำลังทำงานให้ทันสมัยด้วยการอัปเดตและคำจำกัดความความปลอดภัยล่าสุด
360,3,Domain 3: Access Controls Concepts,Which of these CANNOT be a corrective security control?,ข้อใดต่อไปนี้ไม่สามารถเป็น corrective security control ได้?,A. Disaster Recovery Plan | B. Backups | C. Patches | D. Bollards,A. Disaster Recovery Plan | B. Backups | C. Patches | D. Bollards,D,"Corrective security controls are measures used to address security vulnerabilities or weaknesses already identified. Backups, patches, and Disaster Recovery Plans are all corrective security controls (see ISC2 Study Guide, chapter 3, module 2). Backups can help ensure that important information is not lost in the event of an incident. Patches can help fix vulnerabilities and improve security. Disaster Recovery Plans are administrative security controls that establish the corrective measures to b","การควบคุมความปลอดภัยเชิงแก้ไข (Corrective) คือมาตรการที่ใช้จัดการช่องโหว่หรือจุดอ่อนความปลอดภัยที่ระบุไว้แล้ว Backups, patches และ Disaster Recovery Plans ล้วนเป็นการควบคุมความปลอดภัยเชิงแก้ไข Backups ช่วยรับประกันว่าข้อมูลสำคัญจะไม่สูญหายในกรณีเกิดเหตุการณ์ Patches ช่วยแก้ไขช่องโหว่และปรับปรุงความปลอดภัย"
361,2,"Domain 2: Business Continuity, Disaster Recovery, and Incident Response",Which of these is included in an SLA document?,ข้อใดรวมอยู่ในเอกสาร SLA?,"A. Instructions on data ownership and destruction | B. Instructions to detect, respond to, and limit the consequences of a cyber-attack | C. A plan to keep business operations going while recovering from a significant disruption | D. A plan to prepare the organization for the continuation of critical business functions",A. ขั้นตอนเกี่ยวกับความเป็นเจ้าของข้อมูลและการทำลายข้อมูล | B. ขั้นตอนตรวจจับ ตอบสนอง และจำกัดผลกระทบจากการโจมตีทางไซเบอร์ | C. แผนรักษาการดำเนินธุรกิจระหว่างการกู้คืนจากการหยุดชะงักครั้งใหญ่ | D. แผนเตรียมองค์กรสำหรับความต่อเนื่องของฟังก์ชันทางธุรกิจสำคัญ,A,"A Service Level Agreement (SLA) is a contract between a service provider and a customer which defines the level of service that the provider will deliver. It must include instructions on data ownership and destruction in order to ensure that sensitive data is properly protected. A set of instructions or procedures to detect, respond, and limit the consequences of a cyber-attack is called an Incident Response Plan (see ISC2 Study Guide chapter 2, module 1, under The Goal of Incident Response). A",SLA (Service Level Agreement) คือสัญญาระหว่างผู้ให้บริการกับลูกค้าที่กำหนดระดับการบริการ ซึ่งควรรวมถึงขั้นตอนเกี่ยวกับความเป็นเจ้าของข้อมูลและการทำลายข้อมูล
362,4,Domain 4: Network Security,Which port number corresponds to the Simple Mail Transfer Protocol (SMTP)?,หมายเลขพอร์ตใดที่สอดคล้องกับ Simple Mail Transfer Protocol (SMTP)?,A. 161 | B. 69 | C. 25 | D. 22,A. 161 | B. 69 | C. 25 | D. 22,C,"The Simple Mail Transfer Protocol (SMTP) is well-known for accepting connections on port 25, so as to receive unencrypted email messages. The more secure alternative is to use port 587 for SMTP by using Transport Layer Security (TLS), which encrypts the data between the mail client and the server (see ISC2 Study Guide, chapter 4, module 1)",Simple Mail Transfer Protocol (SMTP) เป็นที่รู้จักกันดีในการยอมรับการเชื่อมต่อบนพอร์ต 25 เพื่อรับข้อความอีเมลที่ไม่ได้เข้ารหัส ทางเลือกที่ปลอดภัยกว่าคือการใช้พอร์ต 587 สำหรับ SMTP โดยใช้ Transport Layer Security (TLS) ซึ่งเข้ารหัสข้อมูลระหว่างไคลเอนต์อีเมลกับเซิร์ฟเวอร์
363,4,Domain 4: Network Security,Which type of attack attempts to mislead the user into exposing personal information by sending fraudulent emails?,การโจมตีประเภทใดที่พยายามหลอกลวงผู้ใช้ให้เปิดเผยข้อมูลส่วนบุคคลโดยการส่งอีเมลหลอกลวง?,A. Cross-Site Scripting | B. Denial of Service | C. Trojans | D. Phishing,A. Cross-Site Scripting | B. Denial of Service | C. Trojans | D. Phishing,D,"A phishing attack emails a fraudulent message with the goal of tricking the recipient into disclosing sensitive informationto the attacker (see ISC2 Study Guide, chapter 4, module 2). A Cross-Site Scripting attack tries to execute code on another website. Trojans are software that seem legitimate, but has hidden malicious functions. Trojans may be sent in a message, but are not themselves the message. A denial of service attack (DoS) compromises the availability of a system or service through a",การโจมตีแบบ phishing ส่งข้อความหลอกลวงทางอีเมลโดยมีเป้าหมายเพื่อหลอกให้ผู้รับเปิดเผยข้อมูลที่ละเอียดอ่อนต่อผู้โจมตี Cross-Site Scripting พยายามรันโค้ดบนเว็บไซต์อื่น Trojans เป็นซอฟต์แวร์ที่ดูเหมือนถูกต้องตามกฎหมาย แต่มีฟังก์ชันที่เป็นอันตรายซ่อนอยู่
364,4,Domain 4: Network Security,Which of these is NOT a characteristic of the cloud?,ข้อใดต่อไปนี้ไม่ใช่ลักษณะของคลาวด์?,A. Zero Customer Responsibility | B. Broad Network Access | C. Measured Service | D. Rapid Elasticity,A. Zero Customer Responsibility | B. Broad Network Access | C. Measured Service | D. Rapid Elasticity,A,"The characteristics of the cloud, also known as the ""five essential characteristics"" of cloud computing, are (see ISC2 github.com/ayemunhossain Study Guide, chapter 4, module 3): Broad network access: Cloud resources, such as the internet, can be accessed over a network; Rapid elasticity: Cloud resources can be scaled up or down quickly and automatically to meet changing demand; Measured service: Cloud providers track and measure the use of resources, and users are typically charged based on the",ลักษณะของคลาวด์ หรือที่รู้จักกันในชื่อ 'ห้าคุณลักษณะสำคัญ' ของคลาวด์คอมพิวติ้ง คือ: Broad network access (ทรัพยากรคลาวด์สามารถเข้าถึงได้ผ่านเครือข่าย); Rapid elasticity (ทรัพยากรคลาวด์สามารถปรับขนาดขึ้นหรือลงได้อย่างรวดเร็วและอัตโนมัติ); Measured service (ผู้ให้บริการคลาวด์ติดตามและวัดการใช้ทรัพยากร)
365,5,Domain 5: Security Operations,Which of these is a COMMON mistake made when implementing record retention policies?,ข้อใดเป็นความผิดพลาดทั่วไปที่เกิดขึ้นเมื่อนำนโยบายการเก็บรักษาข้อมูล (Record retention policies) มาใช้?,A. Not categorizing the type of information to be retained | B. Not labeling the type of information to be retained | C. Applying the longest retention periods to the information | D. Applying shorter retention periods to the information,A. ไม่จัดประเภทของข้อมูลที่จะเก็บรักษา | B. ไม่ติดป้ายประเภทของข้อมูลที่จะเก็บรักษา | C. การใช้ระยะเวลาการเก็บรักษาที่ยาวนานที่สุดกับข้อมูล | D. การใช้ระยะเวลาการเก็บรักษาที่สั้นกว่ากับข้อมูล,C,"A common mistake in record retention is applying the longest retention period without taking into account the sensitivity or importance of the corresponding information. Retaining unnecessary data has considerable costs in terms of storage and management. Less important or sensitive information can have shorter retention periods, thereby allowing longer retention periods for more important or sensitive information (see ISC2 Study Guide, chapter 5, module 1).",ความผิดพลาดทั่วไปในการเก็บรักษาข้อมูลคือการใช้ระยะเวลาการเก็บรักษาที่ยาวนานที่สุดโดยไม่คำนึงถึงความอ่อนไหวหรือความสำคัญของข้อมูลนั้น ๆ การเก็บรักษาข้อมูลที่ไม่จำเป็นมีค่าใช้จ่ายมากในแง่ของการจัดเก็บและการบริหารจัดการ ข้อมูลที่มีความสำคัญหรือความอ่อนไหวน้อยกว่าสามารถมีระยะเวลาการเก็บรักษาที่สั้นกว่า
366,3,Domain 3: Access Controls Concepts,Which type of security control does NOT include CCTV cameras?,การควบคุมความปลอดภัยประเภทใดที่ไม่รวมกล้อง CCTV?,A. Corrective | B. Deterrent | C. Preventive | D. Detective,A. Corrective | B. Deterrent | C. Preventive | D. Detective,A,"CCTV cameras are considered a deterrent to criminal activity. In addition, combined with other sensors, they can detect movement, and thus are considered a detective control. Image recordings provide evidence after the fact. According to the NIST, preventive controls are measures to detect, deter and/or reduce an impact of a system. CCTV cameras are not corrective controls, as they are not deployed to repair detected errors or irregularities (see ISC2 Study Guide, chapter 3, module 2).",กล้อง CCTV ถือเป็นการยับยั้งกิจกรรมทางอาญา นอกจากนี้ เมื่อรวมกับเซนเซอร์อื่น ๆ กล้องสามารถตรวจจับการเคลื่อนไหวได้ จึงถือเป็นการควบคุมแบบตรวจจับ การบันทึกภาพเป็นหลักฐานหลังเกิดเหตุ กล้อง CCTV ไม่ใช่การควบคุมเชิงแก้ไข เนื่องจากไม่ได้ถูกนำไปใช้เพื่อซ่อมแซมข้อผิดพลาดหรือความผิดปกติที่ตรวจพบ
367,1,Domain 1: Security Principles,A security consultant hired to design the security policies for the PHI within an organization will be primarily handling:,ที่ปรึกษาด้านความปลอดภัยที่ถูกจ้างให้ออกแบบนโยบายความปลอดภัยสำหรับ PHI ภายในองค์กร จะจัดการกับ:,A. Personal Health information | B. Public Health information | C. Procedural Health information | D. Protected Health information,A. Personal Health information | B. Public Health information | C. Procedural Health information | D. Protected Health information,D,"PHI is an acronym that stands for Protected Health Information (see ISC2 Study Guide, chapter 1, module 1). The remaining options are incorrect.",PHI เป็นตัวย่อของ Protected Health Information (ISC2 Study Guide บทที่ 1 โมดูล 1) ตัวเลือกที่เหลือไม่ถูกต้อง
368,4,Domain 4: Network Security,Which of these cloud deployment models is a combination of public and private cloud storage?,โมเดลการปรับใช้คลาวด์ใดต่อไปนี้เป็นการรวมกันของการจัดเก็บแบบ public และ private cloud?,A. Community | B. Private | C. Hybrid | D. Public,A. Community | B. Private | C. Hybrid | D. Public,C,"A hybrid cloud deployment model combines public and private cloud storage. For example: an organization might use private cloud storage for sensitive or proprietary data that needs to be kept confidential, while at the same time using github.com/ayemunhossain public cloud storage for less sensitive data or workloads, which are more suited to a shared infrastructure. This allows the organization to tailor its cloud storage strategy to meet the specific needs of its workloads, while at the same ti",โมเดลการปรับใช้ hybrid cloud รวมการจัดเก็บแบบ public และ private cloud เข้าด้วยกัน ตัวอย่างเช่น องค์กรอาจใช้การจัดเก็บแบบ private cloud สำหรับข้อมูลที่อ่อนไหวหรือเป็นกรรมสิทธิ์ที่ต้องเก็บเป็นความลับ ในขณะเดียวกันก็ใช้การจัดเก็บแบบ public cloud สำหรับข้อมูลที่มีความอ่อนไหวน้อยกว่า
369,5,Domain 5: Security Operations,What is the primary goal of a Change Management Policy?,เป้าหมายหลักของ Change Management Policy คืออะไร?,A. To standardize the creation of the organization's network and computer systems | B. To guarantee that systems are up to date with the latest security patch | C. To standardize the usage of the organization's network and computer systems | D. To guarantee that system changes are performed without negatively affecting business operations,A. เพื่อสร้างมาตรฐานการสร้างเครือข่ายและระบบคอมพิวเตอร์ขององค์กร | B. เพื่อรับประกันว่าระบบมีการอัปเดตด้วยแพตช์ความปลอดภัยล่าสุด | C. เพื่อสร้างมาตรฐานการใช้งานเครือข่ายและระบบคอมพิวเตอร์ขององค์กร | D. เพื่อรับประกันว่าการเปลี่ยนแปลงระบบดำเนินการโดยไม่ส่งผลกระทบเชิงลบต่อการดำเนินธุรกิจ,D,"The primary goal of a Change Management Policy is to realize the benefits of the system's changes while minimizing disruptions to business operations, namely by ensuring the integrity of the organization's systems and processes (see ISC2 Study Guide, chapter 5, module 3). Guaranteeing that systems have the latest security patches is the goal of a Patch Management Policy. A Networking Policy governs the usage of networks, and an Acceptable Use Policy governs the usage of computer systems. The cre",เป้าหมายหลักของ Change Management Policy คือการทำให้เกิดประโยชน์จากการเปลี่ยนแปลงระบบในขณะที่ลดผลกระทบต่อการดำเนินธุรกิจให้เหลือน้อยที่สุด กล่าวคือ โดยการรับประกันความถูกต้องครบถ้วนของระบบและกระบวนการขององค์กร การรับประกันว่าระบบมีแพตช์ความปลอดภัยล่าสุดเป็นเป้าหมายของ Patch Management Policy
370,5,Domain 5: Security Operations,Which of these is NOT a feature of a SIEM (Security Information and Event Management)?,ข้อใดไม่ใช่คุณสมบัติของ SIEM (Security Information and Event Management)?,A. Log auditing | B. Log encryption | C. Log consolidation | D. Log retention github.com/ayemunhossain,A. การตรวจสอบ Log (Log auditing) | B. การเข้ารหัส Log (Log encryption) | C. การรวมศูนย์ Log (Log consolidation) | D. การเก็บรักษา Log (Log retention),A,"Log auditing is not a feature of a SIEM (Security Information and Event Management). A SIEM typically provides the following features: Log consolidation, which consists in collecting logs from various sources (like servers, firewalls or IDS/IPS) and then storing them in one central location. Log retention, which consists in storing logs for a specific period (like 90 days), so as to allow security analysts to keep track of and investigate past events. Log encryption, which is an optional feature",Log auditing ไม่ใช่คุณสมบัติของ SIEM โดยทั่วไป SIEM มีคุณสมบัติดังนี้: Log consolidation คือการรวบรวม log จากแหล่งต่าง ๆ (เช่น เซิร์ฟเวอร์ ไฟร์วอลล์ หรือ IDS/IPS) แล้วจัดเก็บไว้ในที่เดียว Log retention คือการจัดเก็บ log ไว้เป็นระยะเวลาหนึ่ง (เช่น 90 วัน) เพื่อให้นักวิเคราะห์ความปลอดภัยติดตามและสืบสวนเหตุการณ์ในอดีตได้ Log encryption เป็นคุณสมบัติเสริม
371,3,Domain 3: Access Controls Concepts,Which of these technologies is the LEAST effective means of preventing shared accounts?,เทคโนโลยีใดต่อไปนี้มีประสิทธิภาพน้อยที่สุดในการป้องกันการใช้บัญชีร่วมกัน?,A. Requiring a one-time password via an application | B. Requiring one-time passwords via a token | C. Password complexity requirements | D. Requiring biometric authentication,A. กำหนดให้ใช้รหัสผ่านแบบใช้ครั้งเดียวผ่านแอปพลิเคชัน | B. กำหนดให้ใช้รหัสผ่านแบบใช้ครั้งเดียวผ่านโทเค็น | C. ข้อกำหนดความซับซ้อนของรหัสผ่าน | D. กำหนดให้ใช้การยืนยันตัวตนด้วยไบโอเมตริกซ์,C,"Password complexity requirements do not prevent the sharing of complex passwords, making it the least effective option from the above list. One-time passwords are hard to share, making it far less convenient to share accounts. Biometric authentication requires the registered user to actually be present when signing in. However, in some cases, such as fingerprint systems, multiple users could each register a valid fingerprint for a single account (see ISC2 Study Guide, chapter 3, module 1).",ข้อกำหนดความซับซ้อนของรหัสผ่านไม่ได้ป้องกันการแชร์รหัสผ่านที่ซับซ้อน ทำให้เป็นตัวเลือกที่มีประสิทธิภาพน้อยที่สุดในรายการข้างต้น รหัสผ่านแบบใช้ครั้งเดียวแชร์กันได้ยาก ทำให้การแชร์บัญชีสะดวกน้อยลงมาก การยืนยันตัวตนด้วยไบโอเมตริกซ์กำหนดให้ผู้ใช้ที่ลงทะเบียนต้องอยู่จริงขณะลงชื่อเข้าใช้
372,1,Domain 1: Security Principles,Which of these is NOT a best practice in access management?,ข้อใดไม่ใช่แนวปฏิบัติที่ดีในการจัดการการเข้าถึง (Access management)?,A. Trust but verify | B. Periodically assessing whether user permissions still apply | C. Giving only the right amount of permission github.com/ayemunhossain | D. Requesting a justification when upgrading permission,A. Trust but verify | B. ประเมินเป็นระยะว่าสิทธิ์ของผู้ใช้ยังคงเหมาะสมหรือไม่ | C. ให้สิทธิ์เท่าที่จำเป็นเท่านั้น | D. ขอเหตุผลเมื่อมีการอัปเกรดสิทธิ์,A,"The ""Trust but verify"" model is a method of threat protection that involves granting privileged accounts access to the network and other resources, while at the same time verifying their actions and activities. However, over time, this model was found to have limitations that expose organizations to a wide array of security threats. Therefore, ""Trust but verify"" is being progressively abandoned in favor of the Zero Trust model. The remaining options are all best practices of access management.",โมเดล 'Trust but verify' เป็นวิธีการป้องกันภัยคุกคามที่เกี่ยวข้องกับการให้บัญชีสิทธิพิเศษเข้าถึงเครือข่ายและทรัพยากรอื่น ๆ ในขณะเดียวกันก็ตรวจสอบการกระทำและกิจกรรมของพวกเขา อย่างไรก็ตาม โมเดลนี้พบว่ามีข้อจำกัดที่เปิดโอกาสให้องค์กรเผชิญภัยคุกคามด้านความปลอดภัยหลากหลาย จึงกำลังถูกยกเลิกเพื่อหันไปใช้โมเดล Zero Trust แทน
373,1,Domain 1: Security Principles,"(★) When analyzing risks, which of these activities is required?",เมื่อวิเคราะห์ความเสี่ยง กิจกรรมใดต่อไปนี้จำเป็นต้องทำ?,A. Accepting all evaluated risks | B. Identifying risks associated with loss of confidentiality | C. Determining the likelihood of occurrence of a set of risks | D. Selecting the appropriate controls,A. ยอมรับความเสี่ยงที่ประเมินแล้วทั้งหมด | B. ระบุความเสี่ยงที่เกี่ยวข้องกับการสูญเสีย confidentiality | C. กำหนดความน่าจะเป็นในการเกิดขึ้นของชุดความเสี่ยง | D. เลือกการควบคุมที่เหมาะสม,C,"Determining the likelihood of occurrence of a set of risks involves estimating the likelihood that the identified risks will occur, along with the potential impact it could have on the organization. Once the likelihood of occurrence has been determined, the next step is to select the appropriate controls to mitigate those risks, such as encryption, access controls, or administrative controls (like policies and procedures). Identifying the risks associated with loss of confidentiality (such as un",การกำหนดความน่าจะเป็นในการเกิดขึ้นของชุดความเสี่ยงเกี่ยวข้องกับการประมาณความน่าจะเป็นที่ความเสี่ยงที่ระบุจะเกิดขึ้น พร้อมกับผลกระทบที่อาจเกิดขึ้นต่อองค์กร เมื่อกำหนดความน่าจะเป็นแล้ว ขั้นตอนถัดไปคือการเลือกการควบคุมที่เหมาะสมเพื่อลดความเสี่ยงเหล่านั้น
374,2,"Domain 2: Business Continuity, Disaster Recovery, and Incident Response","Which of these exercises goes through a sample of an incident step-by-step, validating what each person will do?",แบบฝึกหัดใดที่เดินผ่านตัวอย่างเหตุการณ์ทีละขั้นตอน เพื่อตรวจสอบว่าแต่ละคนจะทำอะไร?,A. A simulation exercise | B. A walk-through exercise | C. A tabletop exercise github.com/ayemunhossain | D. A checklist exercise,A. การฝึกจำลองสถานการณ์ | B. การฝึกเดินผ่านขั้นตอน | C. การฝึกประชุมบนโต๊ะ | D. การฝึกตรวจสอบรายการ,B,"A walk-through exercise reviews each step of the incident, in order to ensure that every team member knows exactly what they should do, and how they should do it. In tabletop exercises, team members are given a scenario and asked how they would respond, as well as what tasks they believe would be relevant. A simulation exercise attempts to recreate an actual incident so as to thoroughly test responses. Checklists are essential in incident response, but aren't actually a specific type of exercise",การฝึกเดินผ่านขั้นตอนจะทบทวนแต่ละขั้นตอนของเหตุการณ์ เพื่อให้แน่ใจว่าสมาชิกทีมทุกคนรู้ว่าต้องทำอะไรและทำอย่างไร
375,1,Domain 1: Security Principles,(★) Which of these types of documents is usually THE LEAST formal?,เอกสารประเภทใดต่อไปนี้มักเป็นทางการน้อยที่สุด?,A. Standards | B. Guidelines | C. Policies | D. Regulations,A. Standards | B. Guidelines | C. Policies | D. Regulations,B,"Of the document types listed above, guidelines are generally the least formal. Guidelines provide recommendations or suggestions for achieving a particular goal or objective. They are often less formal than standards and policies, and are used to specify best practices or recommended approaches. Standards are generally more formal than guidelines, and describe the requirements, specifications or characteristics that a product, service or system should possess. Policies are usually more formal th",ในบรรดาประเภทเอกสารที่ระบุข้างต้น แนวทาง (Guidelines) โดยทั่วไปเป็นทางการน้อยที่สุด แนวทางให้คำแนะนำหรือข้อเสนอแนะเพื่อบรรลุเป้าหมายหรือวัตถุประสงค์เฉพาะ มักเป็นทางการน้อยกว่ามาตรฐานและนโยบาย และใช้เพื่อระบุแนวปฏิบัติที่ดีที่สุดหรือแนวทางที่แนะนำ
376,5,Domain 5: Security Operations,A backup that captures the changes made since the latest full backup is an example of:,การสำรองข้อมูลที่บันทึกการเปลี่ยนแปลงที่เกิดขึ้นนับตั้งแต่การสำรองข้อมูลแบบเต็ม (full backup) ครั้งล่าสุด เป็นตัวอย่างของ:,A. A differential backup | B. An incremental backup | C. A backup snapshot github.com/ayemunhossain | D. A full backup,A. Differential backup | B. Incremental backup | C. Backup snapshot | D. Full backup,A,"A differential backup is a backup that captures the changes made since the latest full backup. Incremental backups capture changes since the latest backup (which can be full or incremental), and snapshots are live copies of a system. Neither incremental backups nor snapshots necessarily capture changes since a full backup (see ISC2 Study Guide, chapter 5, module 1).",Differential backup คือการสำรองข้อมูลที่บันทึกการเปลี่ยนแปลงที่เกิดขึ้นนับตั้งแต่ full backup ครั้งล่าสุด Incremental backups บันทึกการเปลี่ยนแปลงนับตั้งแต่การสำรองข้อมูลครั้งล่าสุด (ไม่ว่าจะเป็น full หรือ incremental) และ snapshots คือสำเนาสดของระบบ ทั้ง incremental backups และ snapshots ไม่จำเป็นต้องบันทึกการเปลี่ยนแปลงนับตั้งแต่ full backup
377,4,Domain 4: Network Security,A high-level executive of an organization receives a malicious email that tries to trick him. Which attack is the perpetrator using?,ผู้บริหารระดับสูงขององค์กรได้รับอีเมลที่เป็นอันตรายซึ่งพยายามหลอกลวงเขา ผู้กระทำผิดกำลังใช้การโจมตีใด?,A. DDOS | B. Whaling | C. Phishing | D. Spear phishing,A. DDOS | B. Whaling | C. Phishing | D. Spear phishing,B,"When executives receive malicious emails that try to trick them, the attackers are likely attempting a whaling attack (see ISC2 Study Guide, chapter 4, module 2). Whaling is a type of spear phishing, and, in turn, spear phishing is a type of phishing. Whaling is a spear phishing attack targeted at a group of high-level executives, or at other influential individuals inside the organization. Spear phishing is a targeted attack in which the attacker uses email or other digital communication to tri",เมื่อผู้บริหารได้รับอีเมลที่เป็นอันตรายซึ่งพยายามหลอกลวงพวกเขา ผู้โจมตีมักกำลังพยายามทำการโจมตีแบบ whaling Whaling เป็นประเภทหนึ่งของ spear phishing และในทางกลับกัน spear phishing ก็เป็นประเภทหนึ่งของ phishing
378,4,Domain 4: Network Security,What does redundancy mean in the context of cybersecurity?,คำว่า redundancy หมายถึงอะไรในบริบทของความปลอดภัยไซเบอร์?,"A. Designing systems with robust components, so that the organization has more attack resilience | B. Conceiving systems with only the most necessary components, so that the organization has just the necessary risks. github.com/ayemunhossain | C. Conceiving systems with less attack surface, so that the attacker has less chance of success | D. Conceiving systems with duplicate components so that, if a failure occurs, there will be a backup",A. การออกแบบระบบด้วยองค์ประกอบที่แข็งแกร่ง เพื่อให้องค์กรมีความยืดหยุ่นต่อการโจมตีมากขึ้น | B. การสร้างระบบด้วยองค์ประกอบที่จำเป็นที่สุดเท่านั้น เพื่อให้องค์กรมีความเสี่ยงเท่าที่จำเป็นเท่านั้น | C. การสร้างระบบด้วยพื้นผิวการโจมตีที่น้อยลง เพื่อให้ผู้โจมตีมีโอกาสประสบความสำเร็จน้อยลง | D. การสร้างระบบด้วยองค์ประกอบที่ซ้ำกัน เพื่อให้หากเกิดความล้มเหลว จะมีระบบสำรอง,D,"In cybersecurity, redundancy refers to conceiving systems for resilience with duplicate components so that, if a failure occurs, the redundant component will take over and maintain operations, thereby helping to prevent outages or other disruptions (see ISC2 Study Guide, chapter 4, module 3). Examples of this are redundant servers, redundant network links, and redundant power supplies. Redundancy is also effective against attacks, since the attacked nodes can be quarantined and then replaced by",ในความปลอดภัยไซเบอร์ redundancy หมายถึงการสร้างระบบเพื่อความยืดหยุ่นด้วยองค์ประกอบที่ซ้ำกัน เพื่อให้หากเกิดความล้มเหลว องค์ประกอบสำรองจะเข้ามาแทนที่และรักษาการดำเนินงานต่อไป ช่วยป้องกันการหยุดทำงานหรือการหยุดชะงักอื่น ๆ
379,5,Domain 5: Security Operations,"When a company collects PII, which policy is required?",เมื่อบริษัทเก็บรวบรวม PII ต้องมีนโยบายใด?,A. Remote Access Policy | B. GDPR | C. Privacy Policy | D. Acceptable Use Policy,A. Remote Access Policy | B. GDPR | C. Privacy Policy | D. Acceptable Use Policy,C,"A Privacy Policy outlines the data security mechanisms which ensure that customer data is protected; namely, how Personal Identifiable Information (PII) is collected, stored and processed (see ISC2 Study Guide, chapter 5, module 3). The General Data Protection Regulation (GDPR) is a data protection and privacy regulation for the European Union and the European Economic Area (not a policy). An Acceptable Use Policy (AUP) defines the guidelines and limitations that users must agree on while access",Privacy Policy ระบุกลไกความปลอดภัยของข้อมูลที่รับประกันว่าข้อมูลลูกค้าได้รับการปกป้อง กล่าวคือ วิธีที่ Personal Identifiable Information (PII) ถูกเก็บรวบรวม จัดเก็บ และประมวลผล GDPR เป็นกฎระเบียบด้านการปกป้องข้อมูลและความเป็นส่วนตัวสำหรับสหภาพยุโรป (ไม่ใช่นโยบาย)
380,4,Domain 4: Network Security,"Which type of attack PRIMARILY aims to consume all the available resources, thereby making an organization's service inaccessible to its intended users?",การโจมตีประเภทใดที่มีเป้าหมายหลักในการใช้ทรัพยากรที่มีอยู่ทั้งหมด ทำให้บริการขององค์กรไม่สามารถเข้าถึงได้สำหรับผู้ใช้ที่ตั้งใจไว้?,A. Trojans | B. Cross-Site Scripting github.com/ayemunhossain | C. Denial of Service | D. Phishing,A. Trojans | B. Cross-Site Scripting | C. Denial of Service | D. Phishing,C,"A denial of service attack (DoS) compromises the availability of a system or service through a malicious overload of requests, thereby activating safety mechanisms that delay or limit the availability of that system or service. As a result, systems or services become temporarily inaccessible to their intended users (see ISC2 Study Guide, chapter 4, module 2). Trojans, phishing and cross-site scripting attacks try to gain access to the system or data covertly, and therefore do not primarily aim a",การโจมตีแบบ denial of service (DoS) เกี่ยวข้องกับการทำให้ availability ของระบบหรือบริการถูกบุกรุกผ่านการท่วมคำขอที่เป็นอันตราย ก่อให้เกิดการเปิดใช้กลไกความปลอดภัยที่ทำให้ availability ของระบบหรือบริการล่าช้าหรือจำกัด
381,4,Domain 4: Network Security,Which one of these tools is MOST likely to detect an XSS vulnerability?,เครื่องมือใดต่อไปนี้มีแนวโน้มมากที่สุดที่จะตรวจจับช่องโหว่ XSS?,A. Network vulnerability scanner | B. Static application test | C. Intrusion detection system | D. Web application vulnerability scanner,A. Network vulnerability scanner | B. Static application test | C. Intrusion detection system | D. Web application vulnerability scanner,D,"Intrusion detection systems are designed to detect attacks, not vulnerabilities. The remaining three tools could all possibly discover cross-site scripting (XSS) vulnerabilities. However, a web application vulnerability scanner is the one that's most likely to detect it, since it is specifically designed to test web applications (see ISC2 Study Guide, chapter 4, module 3).",Intrusion detection systems ถูกออกแบบมาเพื่อตรวจจับการโจมตี ไม่ใช่ช่องโหว่ เครื่องมืออีกสามชนิดที่เหลือทั้งหมดสามารถค้นพบช่องโหว่ cross-site scripting (XSS) ได้ อย่างไรก็ตาม web application vulnerability scanner เป็นเครื่องมือที่มีแนวโน้มมากที่สุดที่จะตรวจจับได้ เนื่องจากถูกออกแบบมาโดยเฉพาะเพื่อทดสอบเว็บแอปพลิเคชัน
382,3,Domain 3: Access Controls Concepts,Which kind of physical access control is LESS effective at preventing unauthorized individual access to a data center?,การควบคุมการเข้าถึงทางกายภาพประเภทใดมีประสิทธิภาพน้อยกว่าในการป้องกันการเข้าถึงศูนย์ข้อมูลของบุคคลที่ไม่ได้รับอนุญาต?,A. Turnstiles | B. Barriers | C. Fences | D. Bollards github.com/ayemunhossain,A. Turnstiles | B. สิ่งกีดขวาง | C. รั้ว | D. Bollards,D,"Bollards are short, vertical posts that block vehicles from accessing a data center. They are, however, ineffective at preventing access to individuals. Fences can be placed around the perimeter of the data center, so as to block unauthorized access and deter potential intruders. Barriers such as gates, walls or barricades can be used to block access to the data center. Finally, turnstiles can be used to control access to a data center, namely by allowing entry only to authorized individuals.",Bollards คือเสาแนวตั้งขนาดสั้นที่ปิดกั้นไม่ให้ยานพาหนะเข้าถึงศูนย์ข้อมูล อย่างไรก็ตาม ไม่มีประสิทธิภาพในการป้องกันการเข้าถึงของบุคคล รั้วสามารถวางไว้รอบขอบเขตของศูนย์ข้อมูลเพื่อปิดกั้นการเข้าถึงโดยไม่ได้รับอนุญาตและยับยั้งผู้บุกรุกที่อาจเกิดขึ้น
383,4,Domain 4: Network Security,Which of these is NOT a type of malware?,ข้อใดต่อไปนี้ไม่ใช่ประเภทของมัลแวร์?,A. Trojan | B. Worm | C. Spoofing | D. Rootkit,A. Trojan | B. Worm | C. Spoofing | D. Rootkit,C,"Spoofing is not a type of malware. Spoofing is an attack whose primary goal is to gain access to a target system through a falsified identity (see ISC2 Study Guide, chapter 4, module 2). Trojans, rootkits and worms are all different types of malware. A Trojan is a type of malware that disguises itself as a legitimate program or file. A Rootkit is a type of malware that hides itself to go unnoticed in the compromised system, or in the victim's computer. A Worm is a type of malware designed to rep","Spoofing ไม่ใช่ประเภทของมัลแวร์ Spoofing คือการโจมตีที่มีเป้าหมายหลักในการเข้าถึงระบบเป้าหมายผ่านตัวตนที่ปลอมแปลง Trojans, rootkits และ worms ล้วนเป็นมัลแวร์ประเภทต่าง ๆ"
384,1,Domain 1: Security Principles,Which of the following is NOT part of the CIA Triad?,องค์ประกอบใดไม่ใช่ส่วนหนึ่งของ CIA Triad?,A. Confidentiality | B. Availability | C. Authentication | D. Integrity,A. Confidentiality | B. Availability | C. Authentication | D. Integrity,C,"The CIA Triad consists only of Confidentiality, Integrity, and Availability. Authentication is a supporting mechanism for CIA but is not one of the three core pillars.","CIA Triad ประกอบด้วย Confidentiality (การรักษาความลับ), Integrity (ความถูกต้องครบถ้วน) และ Availability (ความพร้อมใช้งาน) เท่านั้น ส่วน Authentication เป็นกลไกที่สนับสนุน CIA แต่ไม่ใช่หนึ่งในสามเสาหลัก"
385,1,Domain 1: Security Principles,Data being altered without authorization during transmission is a violation of which principle?,การที่ข้อมูลถูกแก้ไขโดยไม่ได้รับอนุญาตระหว่างการส่ง ถือเป็นการละเมิดหลักการใด?,A. Availability | B. Non-repudiation | C. Confidentiality | D. Integrity,A. Availability | B. Non-repudiation | C. Confidentiality | D. Integrity,D,Integrity refers to the accuracy and completeness of data. Unauthorized modification of data is a direct violation of Integrity.,Integrity หมายถึงความถูกต้องครบถ้วนของข้อมูล การแก้ไขข้อมูลโดยไม่ได้รับอนุญาตคือการละเมิด Integrity โดยตรง
386,1,Domain 1: Security Principles,"A server is hit by a DDoS attack, preventing users from accessing the service. Which principle is being violated?",เซิร์ฟเวอร์ถูกโจมตีแบบ DDoS จนผู้ใช้ไม่สามารถเข้าถึงบริการได้ นี่คือการละเมิดหลักการใด?,A. Availability | B. Confidentiality | C. Integrity | D. Accountability,A. Availability | B. Confidentiality | C. Integrity | D. Accountability,A,"DDoS prevents the system from providing normal service, which is a violation of the Availability principle.",DDoS ทำให้ระบบไม่สามารถให้บริการได้ตามปกติ จึงเป็นการละเมิดหลักการ Availability (ความพร้อมใช้งาน)
387,1,Domain 1: Security Principles,What does IAAA stand for in the context of information security?,IAAA ในบริบทความปลอดภัยสารสนเทศย่อมาจากอะไร?,"A. Identification, Authentication, Authorization, Accountability | B. Integrity, Access, Audit, Availability | C. Identification, Access, Audit, Authentication | D. Integration, Authentication, Authorization, Availability","A. Identification, Authentication, Authorization, Accountability | B. Integrity, Access, Audit, Availability | C. Identification, Access, Audit, Authentication | D. Integration, Authentication, Authorization, Availability",A,"IAAA is a foundational access control concept consisting of: Identification, Authentication, Authorization, and Accountability.","IAAA คือแนวคิดพื้นฐานของการควบคุมการเข้าถึง ได้แก่ Identification (ระบุตัวตน), Authentication (ยืนยันตัวตน), Authorization (กำหนดสิทธิ์) และ Accountability (ความรับผิดชอบตรวจสอบย้อนกลับได้)"
388,1,Domain 1: Security Principles,Which is the correct description of 'Non-repudiation'?,ข้อใดคือคำอธิบายที่ถูกต้องของ 'Non-repudiation'?,A. Encrypting data during transmission | B. Preventing a sender from denying they sent a message | C. Restricting access rights based on role | D. Backing up data for availability,A. การเข้ารหัสข้อมูลระหว่างการส่ง | B. การป้องกันไม่ให้ผู้ส่งปฏิเสธว่าไม่ได้ส่งข้อความ | C. การจำกัดสิทธิ์การเข้าถึงตามบทบาท | D. การสำรองข้อมูลเพื่อความพร้อมใช้งาน,B,"Non-repudiation is a property that prevents a sender or actor from denying their actions - for example, through the use of digital signatures.",Non-repudiation คือคุณสมบัติที่ทำให้ผู้ส่งหรือผู้กระทำการไม่สามารถปฏิเสธการกระทำของตนได้ เช่น การใช้ลายเซ็นดิจิทัล
389,1,Domain 1: Security Principles,What is the purpose of a 'Preventive' security control category?,การจัดประเภทควบคุมความปลอดภัยแบบ 'Preventive' มีวัตถุประสงค์เพื่ออะไร?,A. Detecting events after they occur | B. Stopping undesirable events before they happen | C. Restoring systems after an incident | D. Deterring attackers psychologically,A. ตรวจจับเหตุการณ์หลังเกิดขึ้น | B. หยุดยั้งเหตุการณ์ไม่พึงประสงค์ก่อนเกิดขึ้น | C. ฟื้นฟูระบบหลังเกิดเหตุ | D. ยับยั้งผู้โจมตีทางจิตวิทยา,B,"Preventive controls aim to stop undesirable events from occurring in the first place, such as firewalls and encryption.",Preventive control มีเป้าหมายเพื่อป้องกันไม่ให้เหตุการณ์ไม่พึงประสงค์เกิดขึ้นตั้งแต่แรก เช่น ไฟร์วอลล์ การเข้ารหัส
390,1,Domain 1: Security Principles,CCTV cameras installed to record abnormal events are primarily classified as which type of control?,กล้องวงจรปิด (CCTV) ที่ติดตั้งเพื่อบันทึกเหตุการณ์ผิดปกติ จัดเป็นการควบคุมประเภทใดเป็นหลัก?,A. Corrective | B. Detective | C. Preventive | D. Compensating,A. Corrective | B. Detective | C. Preventive | D. Compensating,B,"CCTV is used to detect and record events as they happen, making it a Detective control, though it may also have a secondary deterrent effect.",CCTV ใช้สำหรับตรวจจับและบันทึกเหตุการณ์ที่เกิดขึ้น จึงจัดเป็น Detective control แม้บางครั้งอาจมีผลยับยั้งทางจิตวิทยาด้วย
391,1,Domain 1: Security Principles,"A warning sign reading 'This area is under CCTV surveillance', intended to discourage wrongdoers from entering, is classified as which type of control?",ป้ายเตือน 'พื้นที่มีกล้องวงจรปิด' ที่ติดไว้เพื่อไม่ให้ผู้ไม่หวังดีเข้ามา จัดเป็นการควบคุมประเภทใด?,A. Deterrent | B. Detective | C. Corrective | D. Recovery,A. Deterrent | B. Detective | C. Corrective | D. Recovery,A,"A Deterrent control aims to discourage or make a wrongdoer hesitant to act, rather than providing direct technical prevention.",Deterrent control มีเป้าหมายเพื่อยับยั้งหรือทำให้ผู้ไม่หวังดีลังเลที่จะกระทำการ ไม่ใช่การป้องกันทางเทคนิคโดยตรง
392,1,Domain 1: Security Principles,Restoring a system from backup after a ransomware attack is classified as which type of control?,การกู้คืนระบบจากแบ็กอัพหลังถูกแรนซัมแวร์โจมตี จัดเป็นการควบคุมประเภทใด?,A. Preventive | B. Detective | C. Corrective | D. Deterrent,A. Preventive | B. Detective | C. Corrective | D. Deterrent,C,A Corrective control's role is to fix and restore a system to its normal state after an undesirable event has occurred.,Corrective control มีหน้าที่แก้ไขและฟื้นฟูระบบให้กลับสู่สภาวะปกติหลังเกิดเหตุการณ์ไม่พึงประสงค์
393,1,Domain 1: Security Principles,How does a security Policy differ from a Procedure?,นโยบายรักษาความปลอดภัย (Policy) แตกต่างจากขั้นตอนปฏิบัติ (Procedure) อย่างไร?,"A. Policy is specific technical instructions, while Procedure is a broad concept | B. Policy sets high-level direction and mandatory requirements, while Procedure specifies detailed operational steps | C. Both are the same document and are interchangeable | D. Policy applies only to IT, while Procedure applies organization-wide",A. Policy เป็นคำสั่งทางเทคนิคเฉพาะ ส่วน Procedure เป็นแนวคิดกว้าง | B. Policy กำหนดทิศทางระดับสูงและข้อบังคับ ส่วน Procedure ระบุขั้นตอนปฏิบัติโดยละเอียด | C. ทั้งสองอย่างเป็นเอกสารเดียวกัน ใช้แทนกันได้ | D. Policy ใช้เฉพาะฝ่าย IT ส่วน Procedure ใช้ทั้งองค์กร,B,"A Policy is a high-level document defining an organization's intent and mandatory requirements, while a Procedure provides detailed step-by-step instructions to achieve that Policy.",Policy คือเอกสารระดับสูงที่กำหนดเจตนารมณ์และข้อบังคับขององค์กร ส่วน Procedure คือคำแนะนำแบบเป็นขั้นตอนที่ละเอียดเพื่อให้บรรลุ Policy นั้น
394,1,Domain 1: Security Principles,What type of document provides 'should-do' recommendations but is not mandatory like a Policy?,เอกสารประเภทใดที่ให้คำแนะนำแบบ 'ควรทำ' แต่ไม่ได้บังคับเหมือน Policy?,A. Standard | B. Guideline | C. Procedure | D. Baseline,A. Standard | B. Guideline | C. Procedure | D. Baseline,B,"A Guideline is flexible, non-mandatory advice unlike a Standard or Policy, but provides good practice direction.",Guideline คือคำแนะนำที่ยืดหยุ่น ไม่บังคับเคร่งครัดเหมือน Standard หรือ Policy แต่ให้แนวทางปฏิบัติที่ดี
395,1,Domain 1: Security Principles,What characterizes a 'Standard' in the security document hierarchy?,'Standard' ในลำดับชั้นเอกสารด้านความปลอดภัยมีลักษณะอย่างไร?,A. A mandatory requirement specifying particular details to support a Policy | B. A broad executive-level concept | C. Optional advice one may or may not follow | D. A post-incident record,A. เป็นข้อกำหนดบังคับที่ระบุรายละเอียดเฉพาะเจาะจงเพื่อสนับสนุน Policy | B. เป็นแนวคิดกว้างระดับผู้บริหาร | C. เป็นคำแนะนำที่เลือกทำหรือไม่ทำก็ได้ | D. เป็นบันทึกเหตุการณ์หลังเกิดปัญหา,A,A Standard is a mandatory requirement that specifies particular details - such as requiring a minimum password length of 12 characters - to support compliance with a Policy.,Standard คือข้อกำหนดที่บังคับใช้และระบุรายละเอียดเฉพาะ เช่น ต้องใช้รหัสผ่านความยาวขั้นต่ำ 12 ตัวอักษร เพื่อให้สอดคล้องกับ Policy
396,1,Domain 1: Security Principles,What does the 'Least Privilege' principle mean?,หลักการ 'Least Privilege' หมายถึงอะไร?,A. Giving all users equal permissions | B. Giving only the permissions necessary to perform a job function | C. Giving maximum privileges to all administrators | D. Restricting permissions only during daytime hours,A. ให้สิทธิ์ผู้ใช้ทุกคนเท่ากันหมด | B. ให้สิทธิ์เท่าที่จำเป็นต่อการปฏิบัติหน้าที่เท่านั้น | C. ให้สิทธิ์สูงสุดแก่ผู้ดูแลระบบทุกคน | D. จำกัดสิทธิ์เฉพาะช่วงเวลากลางวัน,B,"Least Privilege means granting access only to the extent necessary for a person's job duties, reducing risk if an account is compromised or misused.",Least Privilege คือการให้สิทธิ์การเข้าถึงเท่าที่จำเป็นต่อการทำงานเท่านั้น เพื่อลดความเสี่ยงหากบัญชีถูกโจมตีหรือใช้งานผิดวัตถุประสงค์
397,1,Domain 1: Security Principles,What is the primary goal of the 'Separation of Duties' principle?,หลักการ 'Separation of Duties' มีเป้าหมายหลักเพื่ออะไร?,A. Reduce operational costs | B. Prevent fraud by dividing critical tasks among multiple people | C. Speed up work approvals | D. Allow employees to perform multiple duties simultaneously,A. ลดต้นทุนการดำเนินงาน | B. ป้องกันการทุจริตโดยแบ่งงานสำคัญให้หลายคนรับผิดชอบ | C. เพิ่มความเร็วในการอนุมัติงาน | D. ให้พนักงานทำงานได้หลายหน้าที่พร้อมกัน,B,"Separation of Duties splits high-risk or critical tasks among different people so no single individual has full control over a process, reducing the chance of fraud or error.",Separation of Duties แบ่งงานที่มีความเสี่ยงสูงหรือสำคัญออกเป็นหลายส่วนให้คนละคนรับผิดชอบ เพื่อไม่ให้บุคคลเดียวมีอำนาจควบคุมกระบวนการทั้งหมด ลดโอกาสทุจริตหรือความผิดพลาด
398,1,Domain 1: Security Principles,What concept does 'Defense in Depth' represent?,'Defense in Depth' คือแนวคิดใด?,A. Using a single strongest layer of security | B. Using multiple layered security measures for holistic protection | C. Encrypting all types of data | D. Outsourcing security to a third party,A. การใช้มาตรการรักษาความปลอดภัยเพียงชั้นเดียวที่แข็งแกร่งที่สุด | B. การใช้มาตรการรักษาความปลอดภัยหลายชั้นซ้อนกันเพื่อสร้างความปลอดภัยแบบองค์รวม | C. การเข้ารหัสข้อมูลทุกประเภท | D. การจ้างบุคคลภายนอกดูแลความปลอดภัย,B,"Defense in Depth involves layering multiple protective measures (physical, technical, and administrative) so the system doesn't fail entirely if one layer is breached.",Defense in Depth คือการวางมาตรการป้องกันหลายชั้น (เช่น กายภาพ เทคนิค และการบริหารจัดการ) เพื่อไม่ให้ระบบล้มเหลวทั้งหมดหากชั้นใดชั้นหนึ่งถูกทะลุผ่าน
399,1,Domain 1: Security Principles,What is the best definition of 'Risk' in an information security context?,'Risk' ในบริบทความปลอดภัยสารสนเทศ นิยามได้ดีที่สุดว่าอย่างไร?,A. An unresolved system weakness | B. A source of danger that may cause harm | C. The likelihood that a threat will exploit a vulnerability and cause harm | D. A measure used to reduce the impact of a threat,A. จุดอ่อนของระบบที่ยังไม่ได้แก้ไข | B. แหล่งที่มาของอันตรายที่อาจก่อความเสียหาย | C. ความน่าจะเป็นที่ภัยคุกคามจะใช้ประโยชน์จากช่องโหว่และก่อให้เกิดความเสียหาย | D. มาตรการที่ใช้ลดผลกระทบจากภัยคุกคาม,C,Risk is the combination of likelihood - that a Threat will exploit a Vulnerability - and the resulting Impact that could occur.,Risk คือการรวมกันของความน่าจะเป็น (Likelihood) ที่ Threat จะใช้ประโยชน์จาก Vulnerability และผลกระทบ (Impact) ที่อาจเกิดขึ้น
400,1,Domain 1: Security Principles,What does 'Vulnerability' mean?,'Vulnerability' หมายถึงอะไร?,A. A malicious attacker | B. A weakness or flaw in a system that could be exploited | C. Financial damage that has already occurred | D. A control used to prevent threats,A. ผู้โจมตีที่มีเจตนาร้าย | B. จุดอ่อนหรือช่องโหว่ในระบบที่อาจถูกใช้ประโยชน์ | C. ความเสียหายทางการเงินที่เกิดขึ้นแล้ว | D. มาตรการควบคุมที่ใช้ป้องกันภัยคุกคาม,B,"A Vulnerability is a weakness or gap in a system, process, or control that a Threat could exploit to cause harm.",Vulnerability คือจุดอ่อนหรือช่องโหว่ในระบบ กระบวนการ หรือการควบคุม ที่อาจถูก Threat ใช้ประโยชน์เพื่อก่อความเสียหาย
401,1,Domain 1: Security Principles,Which of these is NOT one of the four main risk treatment approaches?,แนวทางการจัดการความเสี่ยง (Risk Treatment) ข้อใด 'ไม่ใช่' หนึ่งในสี่แนวทางหลัก?,A. Risk Avoidance | B. Risk Transfer | C. Risk Acceptance | D. Risk Elimination,A. Risk Avoidance | B. Risk Transfer | C. Risk Acceptance | D. Risk Elimination,D,"The four main risk treatment approaches are Avoid, Transfer (e.g., via insurance), Mitigate (reduce risk), and Accept. 'Risk Elimination' isn't a standard term, since no risk can ever be reduced to 100% zero.","แนวทางหลักในการจัดการความเสี่ยงมี 4 อย่างคือ Avoid (หลีกเลี่ยง), Transfer (โอนย้าย เช่น ทำประกัน), Mitigate (ลดความเสี่ยง) และ Accept (ยอมรับ) ส่วน 'Risk Elimination' ไม่ใช่คำศัพท์มาตรฐานเพราะไม่มีความเสี่ยงใดถูกกำจัดได้ 100%"
402,1,Domain 1: Security Principles,How do 'Due Diligence' and 'Due Care' differ?,'Due Diligence' และ 'Due Care' แตกต่างกันอย่างไร?,"A. The two terms mean exactly the same thing | B. Due Diligence is researching and assessing risk before a decision, while Due Care is continuously acting on reasonable standards afterward | C. Due Diligence applies only to finance, Due Care only to IT | D. Due Care always happens before Due Diligence",A. ทั้งสองคำมีความหมายเหมือนกันทุกประการ | B. Due Diligence คือการค้นคว้าและประเมินความเสี่ยงก่อนตัดสินใจ ส่วน Due Care คือการลงมือปฏิบัติตามมาตรฐานที่เหมาะสมอย่างต่อเนื่อง | C. Due Diligence ใช้เฉพาะด้านการเงิน ส่วน Due Care ใช้เฉพาะด้าน IT | D. Due Care เกิดขึ้นก่อน Due Diligence เสมอ,B,"Due Diligence is the process of researching, analyzing, and assessing risk before making a decision, while Due Care is continuously following reasonable measures afterward to prevent harm.",Due Diligence คือขั้นตอนการค้นคว้า วิเคราะห์ และประเมินความเสี่ยงก่อนตัดสินใจ ส่วน Due Care คือการปฏิบัติตามมาตรการที่สมเหตุสมผลอย่างต่อเนื่องเพื่อป้องกันความเสียหาย
403,1,Domain 1: Security Principles,"According to the (ISC)² Code of Ethics, what is the very first canon that members must uphold?",ตามหลัก (ISC)² Code of Ethics ข้อบังคับข้อแรกสุดที่สมาชิกต้องยึดถือคืออะไร?,"A. Protect the employer's interests above all else | B. Protect society, the common good, necessary public trust and confidence, and the infrastructure | C. Continuously advance one's own technical knowledge | D. Strictly maintain organizational confidentiality",A. ปกป้องผลประโยชน์ของนายจ้างเป็นอันดับแรก | B. ปกป้องสังคม สาธารณประโยชน์ ความไว้วางใจของสาธารณะ และโครงสร้างพื้นฐาน | C. เพิ่มพูนความรู้ทางเทคนิคของตนเองอย่างต่อเนื่อง | D. รักษาความลับขององค์กรอย่างเคร่งครัด,B,"The first canon of the (ISC)² Code of Ethics is 'Protect society, the common good, necessary public trust and confidence, and the infrastructure' - considered the highest priority.","Canon แรกของ (ISC)² Code of Ethics คือ 'Protect society, the common good, necessary public trust and confidence, and the infrastructure' ซึ่งถือเป็นลำดับความสำคัญสูงสุด"
404,1,Domain 1: Security Principles,What is the fundamental concept behind the 'Zero Trust' principle?,หลักการ 'Zero Trust' มีแนวคิดพื้นฐานอย่างไร?,"A. Automatically trust users within the organization's network | B. Trust nothing implicitly - verify everything every time, inside or outside the network | C. Allow full access after the initial login | D. Applies only to devices connected via VPN",A. เชื่อถือผู้ใช้ภายในเครือข่ายองค์กรโดยอัตโนมัติ | B. ไม่เชื่อถือสิ่งใดโดยปริยาย ต้องตรวจสอบยืนยันทุกครั้งไม่ว่าจะอยู่ในหรือนอกเครือข่าย | C. อนุญาตการเข้าถึงทั้งหมดหลังผ่านการล็อกอินครั้งแรก | D. ใช้เฉพาะกับอุปกรณ์ที่เชื่อมต่อ VPN เท่านั้น,B,"Zero Trust follows the principle of 'Never trust, always verify' - no user or device is automatically trusted, and identity/authorization must be continuously verified for every resource request.","Zero Trust ยึดหลัก 'Never trust, always verify' คือไม่ไว้วางใจผู้ใช้หรืออุปกรณ์ใดโดยอัตโนมัติ ต้องมีการยืนยันตัวตนและตรวจสอบสิทธิ์อย่างต่อเนื่องทุกครั้งที่มีการร้องขอเข้าถึงทรัพยากร"
405,1,Domain 1: Security Principles,What is the primary purpose of Data Classification?,การจัดประเภทข้อมูล (Data Classification) มีวัตถุประสงค์หลักเพื่ออะไร?,A. Increase data processing speed | B. Set an appropriate protection level based on data's importance and sensitivity | C. Reduce file size | D. Make data accessible from anywhere,A. เพิ่มความเร็วในการประมวลผลข้อมูล | B. กำหนดระดับการป้องกันที่เหมาะสมตามความสำคัญและความอ่อนไหวของข้อมูล | C. ลดขนาดไฟล์ข้อมูล | D. ทำให้ข้อมูลสามารถเข้าถึงได้จากทุกที่,B,"Data classification helps an organization set appropriate controls - such as encryption or access restriction - based on data sensitivity levels like Public, Internal, Confidential, or Restricted.","การจัดประเภทข้อมูลช่วยให้องค์กรกำหนดมาตรการควบคุมที่เหมาะสม เช่น การเข้ารหัสหรือการจำกัดสิทธิ์ ตามระดับความอ่อนไหวของข้อมูล เช่น Public, Internal, Confidential, Restricted"
406,1,Domain 1: Security Principles,Which is the best description of 'Insider Threat'?,ข้อใดอธิบาย 'Insider Threat' ได้ถูกต้องที่สุด?,"A. An external attacker using malware | B. A person within the organization, such as an employee, who may cause harm intentionally or unintentionally | C. Software installed without authorization | D. An unpatched vulnerability",A. ผู้โจมตีจากภายนอกที่ใช้มัลแวร์ | B. บุคคลภายในองค์กร เช่น พนักงาน ที่อาจก่อความเสียหายโดยตั้งใจหรือไม่ตั้งใจ | C. ซอฟต์แวร์ที่ติดตั้งโดยไม่ได้รับอนุญาต | D. ช่องโหว่ที่ยังไม่มีแพตช์แก้ไข,B,"An Insider Threat comes from someone within the organization who already has legitimate access, whether from negligence, dissatisfaction, or malicious intent.",Insider Threat คือภัยคุกคามที่มาจากบุคคลภายในองค์กรซึ่งมีสิทธิ์การเข้าถึงอยู่แล้ว อาจเกิดจากความประมาท ความไม่พอใจ หรือเจตนาร้าย
407,1,Domain 1: Security Principles,What does 'Governance' mean in the context of information security?,'Governance' ในบริบทความปลอดภัยสารสนเทศหมายถึงอะไร?,"A. Encrypting all data across the organization | B. An oversight framework that sets direction, policy, and accountability to achieve the organization's security goals | C. Installing antivirus software | D. A daily data backup process",A. การเข้ารหัสข้อมูลทั้งหมดในองค์กร | B. กรอบการกำกับดูแล กำหนดทิศทาง นโยบาย และความรับผิดชอบเพื่อให้บรรลุเป้าหมายด้านความปลอดภัยขององค์กร | C. การติดตั้งซอฟต์แวร์ป้องกันไวรัส | D. กระบวนการสำรองข้อมูลรายวัน,B,"Governance is the high-level oversight structure that defines policy, direction, and responsibility to ensure the organization operates in line with security goals and requirements.",Governance คือโครงสร้างการกำกับดูแลระดับสูงที่กำหนดนโยบาย ทิศทาง และความรับผิดชอบ เพื่อให้มั่นใจว่าองค์กรดำเนินงานสอดคล้องกับเป้าหมายและข้อกำหนดด้านความปลอดภัย
408,1,Domain 1: Security Principles,Which of the following is an example of an 'Administrative Control'?,ข้อใดคือตัวอย่างของ 'Administrative Control'?,A. Firewalls | B. CCTV cameras | C. Security policies and procedures | D. Perimeter fencing,A. ไฟร์วอลล์ | B. กล้องวงจรปิด | C. นโยบายและขั้นตอนปฏิบัติงานด้านความปลอดภัย | D. รั้วรอบอาคาร,C,"Administrative (or Managerial) controls relate to policies, procedures, guidelines, and training - distinct from Technical controls (e.g., firewalls) and Physical controls (e.g., fences, cameras).",Administrative control (หรือ Managerial control) คือมาตรการที่เกี่ยวข้องกับนโยบาย ขั้นตอน แนวทางปฏิบัติ และการฝึกอบรม ต่างจาก Technical control (เช่นไฟร์วอลล์) และ Physical control (เช่นรั้ว กล้อง)
409,1,Domain 1: Security Principles,In what situation is a 'Compensating Control' used?,'Compensating Control' ถูกนำมาใช้ในสถานการณ์ใด?,"A. When the appropriate primary control cannot be implemented, so an alternative measure is used to reduce risk to an acceptable level | B. When an organization wants to cut all security costs | C. When there is no risk at all in a system | D. When wanting to eliminate all existing controls",A. เมื่อไม่สามารถใช้มาตรการควบคุมหลักที่เหมาะสมได้ จึงใช้มาตรการทดแทนเพื่อลดความเสี่ยงในระดับที่ยอมรับได้ | B. เมื่อองค์กรต้องการลดต้นทุนความปลอดภัยทั้งหมด | C. เมื่อไม่มีความเสี่ยงใดๆ ในระบบ | D. เมื่อต้องการยกเลิกมาตรการควบคุมเดิมทั้งหมด,A,"A Compensating Control is an alternative measure used in place of a standard control when that standard control cannot practically be implemented, in order to still achieve an acceptable level of security.",Compensating control คือมาตรการทางเลือกที่ใช้แทนมาตรการควบคุมมาตรฐานเมื่อไม่สามารถนำมาตรการนั้นมาใช้ได้จริง เพื่อให้ยังคงบรรลุวัตถุประสงค์ด้านความปลอดภัยในระดับที่ยอมรับได้
410,2,"Domain 2: Business Continuity, Disaster Recovery, and Incident Response",What does RTO (Recovery Time Objective) mean?,'RTO (Recovery Time Objective)' หมายถึงอะไร?,A. The maximum amount of data acceptable to lose | B. The maximum acceptable time after an incident to restore the system to operation | C. The total time used for backing up all data | D. The number of employees needed to recover the system,A. ปริมาณข้อมูลสูงสุดที่ยอมรับได้ว่าจะสูญหาย | B. ระยะเวลาสูงสุดที่ยอมรับได้ในการกู้คืนระบบให้กลับมาใช้งานได้หลังเกิดเหตุขัดข้อง | C. ระยะเวลาที่ใช้ในการสำรองข้อมูลทั้งหมด | D. จำนวนพนักงานที่ต้องใช้ในการกู้คืนระบบ,B,RTO is the maximum time an organization can tolerate before a system or process must be back in service after an outage.,RTO คือระยะเวลาสูงสุดที่องค์กรยอมรับได้ในการนำระบบหรือกระบวนการกลับมาให้บริการได้อีกครั้งหลังจากเกิดเหตุการณ์ขัดข้อง
411,2,"Domain 2: Business Continuity, Disaster Recovery, and Incident Response",What does RPO (Recovery Point Objective) mean?,'RPO (Recovery Point Objective)' หมายถึงอะไร?,"A. The maximum time to recover the system | B. The furthest point back in time to which data loss is acceptable, which determines backup frequency | C. The number of backup servers required | D. The budget for the recovery plan",A. ระยะเวลาสูงสุดในการกู้คืนระบบ | B. จุดเวลาย้อนหลังสูงสุดที่ยอมรับได้สำหรับข้อมูลที่อาจสูญหาย ซึ่งกำหนดความถี่ในการสำรองข้อมูล | C. จำนวนเซิร์ฟเวอร์สำรองที่ต้องมี | D. งบประมาณสำหรับแผนกู้คืนระบบ,B,"RPO is the maximum acceptable amount of data loss measured in time - e.g., an RPO of 4 hours means backups must run at least every 4 hours.",RPO คือระยะเวลาย้อนหลังสูงสุดของข้อมูลที่องค์กรยอมรับได้ว่าจะสูญหาย เช่น หาก RPO คือ 4 ชั่วโมง หมายความว่าต้องสำรองข้อมูลอย่างน้อยทุก 4 ชั่วโมง
412,2,"Domain 2: Business Continuity, Disaster Recovery, and Incident Response",How does a Business Continuity Plan (BCP) differ from a Disaster Recovery Plan (DRP)?,แผน Business Continuity Plan (BCP) แตกต่างจาก Disaster Recovery Plan (DRP) อย่างไร?,A. BCP focuses only on restoring IT systems while DRP focuses on overall business processes | B. BCP focuses on keeping overall business processes running while DRP focuses specifically on restoring IT systems and technical infrastructure | C. Both plans are fully interchangeable in every case | D. DRP applies only to natural disasters,A. BCP มุ่งเน้นการฟื้นฟูระบบ IT เท่านั้น ส่วน DRP มุ่งเน้นกระบวนการทางธุรกิจโดยรวม | B. BCP มุ่งเน้นให้กระบวนการทางธุรกิจดำเนินต่อไปได้ในภาพรวม ส่วน DRP มุ่งเน้นการกู้คืนระบบ IT และโครงสร้างพื้นฐานเทคนิคโดยเฉพาะ | C. ทั้งสองแผนใช้แทนกันได้ทุกกรณี | D. DRP ใช้เฉพาะภัยธรรมชาติเท่านั้น,B,"BCP is the overarching plan covering business continuity as a whole, while DRP is a subset of BCP focused specifically on restoring IT systems and infrastructure.",BCP เป็นแผนภาพรวมที่ครอบคลุมการดำเนินธุรกิจต่อเนื่องทุกด้าน ในขณะที่ DRP เป็นส่วนย่อยของ BCP ที่มุ่งเน้นเฉพาะการกู้คืนระบบเทคโนโลยีสารสนเทศและโครงสร้างพื้นฐาน
413,2,"Domain 2: Business Continuity, Disaster Recovery, and Incident Response",Which backup type captures only data changed since the last Full Backup (ignoring any prior Incremental backups)?,Backup แบบใดที่สำรองเฉพาะข้อมูลที่เปลี่ยนแปลงนับตั้งแต่การทำ Full Backup ครั้งล่าสุด (ไม่สนใจ Incremental ก่อนหน้า)?,A. Full Backup | B. Incremental Backup | C. Differential Backup | D. Mirror Backup,A. Full Backup | B. Incremental Backup | C. Differential Backup | D. Mirror Backup,C,"A Differential Backup captures all changes made since the last Full Backup, unlike Incremental, which only captures changes since the most recent backup of any type.",Differential Backup สำรองข้อมูลทั้งหมดที่เปลี่ยนแปลงนับจาก Full Backup ครั้งล่าสุด ต่างจาก Incremental ที่สำรองเฉพาะการเปลี่ยนแปลงตั้งแต่การสำรองครั้งก่อนหน้า (ไม่ว่าจะเป็น Full หรือ Incremental)
414,2,"Domain 2: Business Continuity, Disaster Recovery, and Incident Response",What is the first step in the standard Incident Response Lifecycle?,ขั้นตอนแรกในวงจรการตอบสนองต่อเหตุการณ์ (Incident Response Lifecycle) ตามมาตรฐานทั่วไปคืออะไร?,A. Eradication | B. Containment | C. Preparation | D. Recovery,A. Eradication | B. Containment | C. Preparation | D. Recovery,C,"The standard Incident Response lifecycle (e.g., NIST) consists of Preparation, Detection & Analysis, Containment, Eradication, Recovery, and Lessons Learned - Preparation is the first step.","วงจร Incident Response มาตรฐาน (เช่นของ NIST) ประกอบด้วย Preparation, Detection & Analysis, Containment, Eradication, Recovery และ Lessons Learned โดย Preparation คือขั้นตอนแรกที่ต้องเตรียมความพร้อมก่อนเกิดเหตุ"
415,2,"Domain 2: Business Continuity, Disaster Recovery, and Incident Response",What is the purpose of the 'Containment' step in incident response?,ขั้นตอน 'Containment' ในการตอบสนองเหตุการณ์มีวัตถุประสงค์เพื่ออะไร?,A. Permanently remove the cause of the incident from the system | B. Limit the scope of damage from spreading further | C. Analyze the true root cause of the incident | D. Document lessons learned after the incident,A. กำจัดสาเหตุของเหตุการณ์ออกจากระบบอย่างถาวร | B. จำกัดขอบเขตความเสียหายไม่ให้ลุกลามต่อไป | C. วิเคราะห์สาเหตุที่แท้จริงของเหตุการณ์ | D. บันทึกบทเรียนหลังเหตุการณ์,B,"Containment limits the scope of an incident to prevent it from spreading or causing further damage, such as disconnecting an infected machine from the network.",Containment คือการจำกัดขอบเขตของเหตุการณ์ไม่ให้ลุกลามหรือสร้างความเสียหายเพิ่มเติม เช่น การตัดการเชื่อมต่อเครื่องที่ติดมัลแวร์ออกจากเครือข่าย
416,2,"Domain 2: Business Continuity, Disaster Recovery, and Incident Response","Which type of backup site has equipment and systems ready almost instantly, requiring only a data sync to become operational quickly?",ไซต์สำรองประเภทใดที่มีอุปกรณ์และระบบพร้อมใช้งานเกือบทันที เพียงแค่ซิงค์ข้อมูลล่าสุดก็สามารถเปิดใช้งานได้ภายในเวลาอันสั้น?,A. Cold Site | B. Warm Site | C. Hot Site | D. Mobile Site,A. Cold Site | B. Warm Site | C. Hot Site | D. Mobile Site,C,"A Hot Site has hardware, software, and data ready in near real-time, allowing the fastest recovery compared to Warm and Cold sites.",Hot Site คือไซต์สำรองที่มีฮาร์ดแวร์ ซอฟต์แวร์ และข้อมูลพร้อมใช้งานเกือบเรียลไทม์ ทำให้สามารถกู้คืนระบบได้รวดเร็วที่สุดเมื่อเทียบกับ Warm Site และ Cold Site แต่มีค่าใช้จ่ายสูงที่สุด
417,2,"Domain 2: Business Continuity, Disaster Recovery, and Incident Response",What is a 'Tabletop Exercise' in BC/DR plan testing?,'Tabletop Exercise' ในการทดสอบแผน BC/DR คืออะไร?,"A. A full real-world simulation that halts actual operations | B. A discussion-based meeting simulating a scenario without disrupting live systems, to review plan steps | C. Testing full data restoration from actual backups | D. Sending staff to train at the actual backup site",A. การจำลองสถานการณ์จริงโดยหยุดระบบการทำงานจริง | B. การประชุมพูดคุยจำลองสถานการณ์บนโต๊ะโดยไม่ต้องหยุดระบบจริง เพื่อทบทวนขั้นตอนตามแผน | C. การทดสอบกู้คืนข้อมูลจากแบ็กอัพจริงทั้งหมด | D. การส่งพนักงานไปฝึกที่ไซต์สำรองจริง,B,"A Tabletop Exercise is a discussion-based test among team members that simulates a scenario without impacting live systems, used to review understanding of roles and plan steps.",Tabletop Exercise เป็นการทดสอบแผนแบบพูดคุยหารือระหว่างทีมงาน จำลองสถานการณ์สมมติโดยไม่กระทบระบบจริง ใช้เพื่อทบทวนความเข้าใจในบทบาทหน้าที่และขั้นตอนของแผน
418,2,"Domain 2: Business Continuity, Disaster Recovery, and Incident Response","After a security incident has ended, which step should be taken to prevent it from recurring in the future?",หลังจากเหตุการณ์ด้านความปลอดภัยสิ้นสุดลง ขั้นตอนใดที่ควรทำเพื่อป้องกันไม่ให้เกิดเหตุการณ์ซ้ำในอนาคต?,A. Identification | B. Lessons Learned / Post-Incident Review | C. Detection | D. Containment,A. Identification | B. Lessons Learned / Post-Incident Review | C. Detection | D. Containment,B,"Lessons Learned (or Post-Incident Review) is the final step where the team reviews the incident, analyzes gaps, and improves processes to prevent recurrence.",Lessons Learned (หรือ Post-Incident Review) เป็นขั้นตอนสุดท้ายที่ทีมงานทบทวนเหตุการณ์ที่เกิดขึ้น วิเคราะห์จุดบกพร่อง และปรับปรุงกระบวนการเพื่อป้องกันไม่ให้เกิดซ้ำ
419,2,"Domain 2: Business Continuity, Disaster Recovery, and Incident Response",What is the primary purpose of a 'Business Impact Analysis (BIA)'?,'Business Impact Analysis (BIA)' มีวัตถุประสงค์หลักเพื่ออะไร?,"A. Identify and assess potential business impact if critical processes are disrupted, to prioritize recovery | B. Write malware protection code | C. Install new firewalls | D. Train all new employees",A. ระบุและประเมินผลกระทบทางธุรกิจที่อาจเกิดขึ้นหากกระบวนการสำคัญหยุดชะงัก เพื่อกำหนดลำดับความสำคัญในการกู้คืน | B. เขียนโค้ดป้องกันมัลแวร์ | C. ติดตั้งไฟร์วอลล์ใหม่ | D. ฝึกอบรมพนักงานใหม่ทุกคน,A,"BIA is the analytical process of identifying critical business processes, assessing the impact of disruption, and using results to set RTO/RPO and BC/DR plan priorities.",BIA คือกระบวนการวิเคราะห์เพื่อระบุกระบวนการทางธุรกิจที่สำคัญ ประเมินผลกระทบหากหยุดชะงัก และใช้ผลลัพธ์นี้ในการกำหนด RTO/RPO และลำดับความสำคัญของแผน BC/DR
420,3,Domain 3: Access Controls Concepts,Which of the following is an example of the 'Something you know' authentication factor?,ปัจจัยการยืนยันตัวตน (Authentication Factor) แบบ 'สิ่งที่คุณรู้' (Something you know) คือตัวอย่างใด?,A. Fingerprint | B. Password | C. Employee ID card | D. Geographic location,A. ลายนิ้วมือ | B. รหัสผ่าน (Password) | C. บัตรประจำตัวพนักงาน | D. ตำแหน่งที่ตั้งทางภูมิศาสตร์,B,"'Something you know' is a knowledge factor, such as a password, PIN, or security question, distinct from 'Something you have' (card, token) and 'Something you are' (biometrics).",'Something you know' คือปัจจัยความรู้ เช่น รหัสผ่าน PIN หรือคำถามเพื่อความปลอดภัย ต่างจาก 'Something you have' (บัตร โทเค็น) และ 'Something you are' (ไบโอเมตริกซ์)
421,3,Domain 3: Access Controls Concepts,Using a password together with an OTP sent to a mobile phone is an example of which concept?,การใช้รหัสผ่านร่วมกับรหัส OTP ที่ส่งไปยังโทรศัพท์มือถือ เป็นตัวอย่างของแนวคิดใด?,A. Single Factor Authentication | B. Multi-Factor Authentication (MFA) | C. Single Sign-On (SSO) | D. Role-Based Access Control,A. Single Factor Authentication | B. Multi-Factor Authentication (MFA) | C. Single Sign-On (SSO) | D. Role-Based Access Control,B,MFA is authentication using more than one factor type together - in this case 'something you know' (password) and 'something you have' (phone receiving the OTP).,MFA คือการยืนยันตัวตนโดยใช้ปัจจัยมากกว่าหนึ่งประเภทร่วมกัน ในกรณีนี้คือ 'สิ่งที่คุณรู้' (รหัสผ่าน) และ 'สิ่งที่คุณมี' (โทรศัพท์ที่รับ OTP)
422,3,Domain 3: Access Controls Concepts,What characterizes the Mandatory Access Control (MAC) model?,โมเดลควบคุมการเข้าถึงแบบ Mandatory Access Control (MAC) มีลักษณะอย่างไร?,A. The resource owner sets their own access permissions | B. Access is determined centrally based on classification/clearance levels and cannot be changed by regular users | C. Access is determined by the user's job role | D. Access is determined by multiple dynamic attributes,A. เจ้าของทรัพยากรเป็นผู้กำหนดสิทธิ์การเข้าถึงเอง | B. การเข้าถึงถูกกำหนดโดยระบบส่วนกลางตามระดับชั้นความลับ (Classification/Clearance) ไม่สามารถเปลี่ยนแปลงได้โดยผู้ใช้ทั่วไป | C. การเข้าถึงถูกกำหนดตามบทบาทหน้าที่ของผู้ใช้ | D. การเข้าถึงถูกกำหนดตามคุณลักษณะหลายอย่างแบบไดนามิก,B,"MAC is a model where access is controlled by a central policy (e.g., government classification levels). Users cannot change permissions themselves - commonly used in high-security agencies like the military.",MAC เป็นโมเดลที่การเข้าถึงถูกควบคุมโดยนโยบายส่วนกลาง (เช่น ระดับชั้นความลับของรัฐบาล) ผู้ใช้ไม่สามารถเปลี่ยนแปลงสิทธิ์ได้เอง มักใช้ในหน่วยงานที่ต้องการความปลอดภัยสูง เช่น หน่วยงานทหาร
423,3,Domain 3: Access Controls Concepts,What is the defining feature of the Discretionary Access Control (DAC) model?,โมเดล Discretionary Access Control (DAC) มีลักษณะเด่นอย่างไร?,A. A central administrator sets all permissions | B. The data owner can define and grant access to others at their own discretion | C. Permissions are set only by job role | D. Confidentiality labels are used to control access,A. ผู้ดูแลระบบกลางเป็นผู้กำหนดสิทธิ์ทั้งหมด | B. เจ้าของข้อมูล (Data Owner) สามารถกำหนดและมอบสิทธิ์การเข้าถึงให้ผู้อื่นได้ตามดุลยพินิจของตนเอง | C. สิทธิ์ถูกกำหนดตามบทบาทงานเท่านั้น | D. ใช้ Label ความลับเพื่อควบคุมการเข้าถึง,B,"DAC gives resource owners the authority to decide who can access their resources - for example, sharing files in a typical operating system.",DAC ให้อำนาจเจ้าของทรัพยากรในการตัดสินใจว่าใครสามารถเข้าถึงทรัพยากรของตนได้บ้าง เช่น การแชร์ไฟล์ในระบบปฏิบัติการทั่วไป
424,3,Domain 3: Access Controls Concepts,What does the Role-Based Access Control (RBAC) model primarily base access permissions on?,โมเดล Role-Based Access Control (RBAC) กำหนดสิทธิ์การเข้าถึงตามอะไรเป็นหลัก?,"A. User attributes such as department, position, time | B. The user's role (Role) within the organization | C. The data owner's discretion | D. Government classification levels",A. คุณลักษณะของผู้ใช้ เช่น แผนก ตำแหน่ง เวลา | B. บทบาทหน้าที่ (Role) ของผู้ใช้ในองค์กร | C. ดุลยพินิจของเจ้าของข้อมูล | D. ระดับชั้นความลับของรัฐบาล,B,"RBAC assigns access based on the role a user is given - for example, an 'HR Manager' role has different system access than a 'Finance Officer' role, making it easier to manage permissions in large organizations.",RBAC กำหนดสิทธิ์การเข้าถึงตามบทบาทที่ผู้ใช้ได้รับมอบหมาย เช่น บทบาท 'HR Manager' จะมีสิทธิ์เข้าถึงระบบที่แตกต่างจากบทบาท 'Finance Officer' ช่วยให้บริหารจัดการสิทธิ์ได้ง่ายในองค์กรขนาดใหญ่
425,3,Domain 3: Access Controls Concepts,Why does the Attribute-Based Access Control (ABAC) model offer high flexibility?,โมเดล Attribute-Based Access Control (ABAC) มีความยืดหยุ่นสูงเพราะเหตุใด?,"A. It uses only passwords for decisions | B. It dynamically considers multiple combined attributes such as user, device, time, location, and context | C. It gives everyone equal access always | D. It uses only classification levels",A. ใช้เฉพาะรหัสผ่านในการตัดสินใจ | B. พิจารณาจากคุณลักษณะหลายด้านร่วมกัน เช่น ผู้ใช้ อุปกรณ์ เวลา สถานที่ และบริบทแบบไดนามิก | C. ให้สิทธิ์ทุกคนเท่ากันเสมอ | D. ใช้เฉพาะระดับชั้นความลับเท่านั้น,B,"ABAC makes access decisions by dynamically evaluating multiple attribute dimensions together - such as user role, device type, time, and location - making it more flexible and granular than other models.",ABAC ตัดสินใจให้สิทธิ์การเข้าถึงโดยประเมินจากคุณลักษณะ (Attributes) หลายมิติร่วมกันแบบไดนามิก เช่น บทบาทผู้ใช้ ประเภทอุปกรณ์ เวลา และตำแหน่งที่ตั้ง ทำให้มีความยืดหยุ่นและละเอียดกว่าโมเดลอื่น
426,3,Domain 3: Access Controls Concepts,What is the primary benefit that Single Sign-On (SSO) provides to users?,'Single Sign-On (SSO)' ให้ประโยชน์อะไรแก่ผู้ใช้เป็นหลัก?,A. Requiring separate logins on every system for maximum security | B. Logging in once to access multiple linked systems or applications without re-logging in | C. Encrypting all data in the system | D. Only preventing brute force attacks,A. ต้องล็อกอินแยกกันในทุกระบบเพื่อความปลอดภัยสูงสุด | B. ล็อกอินเพียงครั้งเดียวแล้วสามารถเข้าถึงหลายระบบหรือแอปพลิเคชันที่เชื่อมโยงกันได้โดยไม่ต้องล็อกอินซ้ำ | C. เข้ารหัสข้อมูลทั้งหมดในระบบ | D. ป้องกันการโจมตีแบบ Brute Force เท่านั้น,B,"SSO lets users authenticate once and immediately access other linked systems or applications, improving convenience and reducing the number of passwords they need to remember.",SSO ช่วยให้ผู้ใช้ยืนยันตัวตนเพียงครั้งเดียวแล้วสามารถเข้าถึงระบบหรือแอปพลิเคชันอื่นๆ ที่เชื่อมโยงกันได้ทันที ช่วยเพิ่มความสะดวกและลดจำนวนรหัสผ่านที่ต้องจำ
427,3,Domain 3: Access Controls Concepts,What is a potential drawback of using SSO?,ข้อเสียที่อาจเกิดขึ้นจากการใช้ SSO คืออะไร?,"A. Users must remember multiple sets of passwords | B. If the SSO account is successfully attacked, the attacker may gain access to all linked systems (Single Point of Failure) | C. It slows down login on every system | D. It cannot be used together with MFA",A. ผู้ใช้ต้องจำรหัสผ่านหลายชุด | B. หากบัญชี SSO ถูกโจมตีสำเร็จ ผู้โจมตีอาจเข้าถึงระบบที่เชื่อมโยงทั้งหมดได้ (Single Point of Failure) | C. ทำให้การล็อกอินช้าลงในทุกระบบ | D. ไม่สามารถใช้งานร่วมกับ MFA ได้,B,"SSO's main risk is that if the central account is compromised, an attacker gains immediate access to all linked systems - which is why it's often recommended to pair SSO with MFA for added security.",ความเสี่ยงหลักของ SSO คือหากบัญชีกลางถูกบุกรุก ผู้โจมตีจะสามารถเข้าถึงระบบที่เชื่อมโยงทั้งหมดได้ทันที จึงมักแนะนำให้ใช้ร่วมกับ MFA เพื่อเพิ่มความปลอดภัย
428,3,Domain 3: Access Controls Concepts,What does Federated Identity Management enable?,'Federated Identity Management' ช่วยให้เกิดอะไร?,A. Users can use the same identity to access systems across trusted organizations | B. Every organization must maintain completely separate user databases | C. Eliminates the use of passwords entirely | D. Restricts access only within a single organization,A. ผู้ใช้สามารถใช้ข้อมูลประจำตัว (Identity) เดียวกันเพื่อเข้าถึงระบบข้ามองค์กรที่เชื่อถือกัน | B. ทุกองค์กรต้องมีฐานข้อมูลผู้ใช้แยกกันโดยเด็ดขาด | C. ยกเลิกการใช้รหัสผ่านทั้งหมด | D. จำกัดการเข้าถึงเฉพาะภายในองค์กรเดียว,A,Federated Identity Management lets users use one set of credentials to access resources across organizations or domains that share a trust relationship - such as logging in with a Google account to access an external service.,Federated Identity Management ช่วยให้ผู้ใช้สามารถใช้ข้อมูลประจำตัวชุดเดียวเพื่อเข้าถึงทรัพยากรข้ามองค์กรหรือโดเมนที่มีความสัมพันธ์ไว้วางใจกัน (Trust Relationship) เช่น การล็อกอินด้วยบัญชี Google เพื่อเข้าใช้บริการภายนอก
429,3,Domain 3: Access Controls Concepts,What do the 'Provisioning' and 'Deprovisioning' processes for user accounts involve?,กระบวนการ 'Provisioning' และ 'Deprovisioning' บัญชีผู้ใช้เกี่ยวข้องกับอะไร?,"A. Creating and revoking user accounts according to the employment lifecycle, e.g. when hiring or when an employee leaves | B. Encrypting the user database | C. Daily backups of user account data | D. Detecting network intrusions",A. การสร้างและยกเลิกบัญชีผู้ใช้ตามวงจรชีวิตการจ้างงาน เช่น เมื่อรับพนักงานใหม่หรือพนักงานลาออก | B. การเข้ารหัสฐานข้อมูลผู้ใช้ | C. การสำรองข้อมูลบัญชีผู้ใช้รายวัน | D. การตรวจจับการบุกรุกเครือข่าย,A,"Provisioning is creating an account and granting access for a new user, while Deprovisioning is revoking or disabling an account when access is no longer needed - such as when an employee leaves - which is critical for preventing orphaned accounts.",Provisioning คือการสร้างบัญชีและกำหนดสิทธิ์การเข้าถึงให้ผู้ใช้ใหม่ ส่วน Deprovisioning คือการยกเลิกหรือปิดบัญชีเมื่อผู้ใช้ไม่ต้องการสิทธิ์นั้นอีกต่อไป เช่น เมื่อพนักงานลาออก ซึ่งสำคัญมากเพื่อป้องกันบัญชีค้าง (Orphaned Account)
430,3,Domain 3: Access Controls Concepts,What does 'Accountability' mean in the context of access control?,'Accountability' ในบริบทการควบคุมการเข้าถึงหมายถึงอะไร?,"A. Granting user permissions based on role | B. The ability to track and trace who did what and when, through logging and audit trails | C. Encrypting passwords | D. Biometric authentication",A. การให้สิทธิ์ผู้ใช้ตามบทบาท | B. ความสามารถในการติดตามและตรวจสอบย้อนกลับได้ว่าใครทำอะไร เมื่อใด ผ่านการบันทึก Log และ Audit Trail | C. การเข้ารหัสรหัสผ่าน | D. การยืนยันตัวตนด้วยไบโอเมตริกซ์,B,"Accountability is the ability to trace individual users' actions through logging and audit trails, which relies on accurate Identification and Authentication as its foundation.",Accountability คือความสามารถในการตรวจสอบย้อนกลับถึงการกระทำของผู้ใช้แต่ละคนผ่านการบันทึกเหตุการณ์ (Logging) และ Audit Trail ซึ่งต้องอาศัย Identification และ Authentication ที่ถูกต้องเป็นพื้นฐาน
431,3,Domain 3: Access Controls Concepts,Which of the following is an example of the 'Something you are' authentication factor?,'Something you are' ในปัจจัยการยืนยันตัวตนหมายถึงตัวอย่างใด?,A. A PIN code | B. Iris or fingerprint scan | C. An office key | D. An employee badge,A. รหัส PIN | B. สแกนม่านตาหรือลายนิ้วมือ | C. กุญแจสำนักงาน | D. บัตรพนักงาน,B,"'Something you are' is a biometric factor - such as a fingerprint, iris, or face - that represents a person's unique physical characteristic.",'Something you are' คือปัจจัยทางชีวมิติ (Biometric) เช่น ลายนิ้วมือ ม่านตา หรือใบหน้า ซึ่งเป็นลักษณะเฉพาะตัวของบุคคล
432,3,Domain 3: Access Controls Concepts,Which of the following is a correct example of Physical Access Control?,การควบคุมการเข้าถึงทางกายภาพ (Physical Access Control) ข้อใดเป็นตัวอย่างที่ถูกต้อง?,A. An Access Control List (ACL) on a firewall | B. A mantrap system and electronic door badge readers | C. Data encryption | D. A password policy,A. Access Control List (ACL) บนไฟร์วอลล์ | B. ระบบ Mantrap และบัตรผ่านประตูอิเล็กทรอนิกส์ | C. การเข้ารหัสข้อมูล (Encryption) | D. นโยบายรหัสผ่าน,B,"A mantrap (double-door containment room) and electronic badge systems are examples of Physical Access Control that regulate access to actual physical spaces - distinct from Logical Access Control, which governs access to digital systems.",Mantrap (ห้องกักตัวสองประตู) และระบบบัตรผ่านประตูเป็นตัวอย่างของ Physical Access Control ที่ควบคุมการเข้าออกพื้นที่จริง แตกต่างจาก Logical Access Control ที่ควบคุมการเข้าถึงระบบดิจิทัล
433,3,Domain 3: Access Controls Concepts,What does 'Logical Access Control' mean?,'Logical Access Control' หมายถึงอะไร?,"A. Controlling building entry with a security guard | B. Controlling access to systems, data, or digital resources through software mechanisms such as passwords and ACLs | C. Installing CCTV cameras | D. Locking a door with a key",A. การควบคุมการเข้าออกอาคารด้วยยาม | B. การควบคุมการเข้าถึงระบบ ข้อมูล หรือทรัพยากรดิจิทัลผ่านกลไกทางซอฟต์แวร์ เช่น รหัสผ่านและ ACL | C. การติดตั้งกล้องวงจรปิด | D. การล็อกประตูด้วยกุญแจ,B,"Logical Access Control (or Technical Access Control) governs access to digital resources through software mechanisms - such as passwords, file permissions, and ACLs - distinct from Physical Access Control, which governs physical spaces.",Logical Access Control (หรือ Technical Access Control) ควบคุมการเข้าถึงทรัพยากรดิจิทัลผ่านกลไกซอฟต์แวร์ เช่น รหัสผ่าน สิทธิ์ไฟล์ และ Access Control List ต่างจาก Physical Access Control ที่ควบคุมพื้นที่จริง
434,3,Domain 3: Access Controls Concepts,Why is setting a 'Password Complexity Policy' important?,เหตุใดการกำหนด 'Password Complexity Policy' จึงมีความสำคัญ?,A. It makes passwords easier for users to remember | B. It reduces the chance of a password being successfully guessed or cracked via Brute Force / Dictionary attacks | C. It makes the system run faster | D. It has no effect on system security,A. ทำให้ผู้ใช้จำรหัสผ่านได้ง่ายขึ้น | B. ลดโอกาสที่รหัสผ่านจะถูกคาดเดาหรือถูกโจมตีแบบ Brute Force / Dictionary Attack สำเร็จ | C. ทำให้ระบบทำงานเร็วขึ้น | D. ไม่มีผลต่อความปลอดภัยของระบบ,B,Password complexity policies (such as minimum length and mixed characters) reduce the likelihood that an attacker can successfully guess or crack a password via Brute Force or Dictionary attacks.,นโยบายความซับซ้อนของรหัสผ่าน (เช่น ความยาวขั้นต่ำ ตัวอักษรผสม) ช่วยลดโอกาสที่ผู้โจมตีจะคาดเดาหรือเดารหัสผ่านได้สำเร็จผ่านการโจมตีแบบ Brute Force หรือ Dictionary Attack
435,3,Domain 3: Access Controls Concepts,What is the primary purpose of Privileged Access Management (PAM)?,'Privileged Access Management (PAM)' มีวัตถุประสงค์หลักเพื่ออะไร?,"A. Strictly manage and control high-privilege accounts, such as Administrator accounts, in an auditable way | B. Grant Administrator privileges to all users | C. Delete all user accounts in the system | D. Only manage regular users' passwords",A. จัดการและควบคุมบัญชีที่มีสิทธิ์สูง เช่น บัญชี Administrator อย่างเข้มงวดและตรวจสอบได้ | B. ให้สิทธิ์ Administrator แก่ผู้ใช้ทุกคน | C. ลบบัญชีผู้ใช้ทั้งหมดในระบบ | D. จัดการเฉพาะรหัสผ่านของผู้ใช้ทั่วไป,A,"PAM is a set of practices and tools for controlling, monitoring, and restricting the use of privileged accounts, to reduce the risk of misuse or compromise of high-privilege access.",PAM คือแนวทางและเครื่องมือในการควบคุม ตรวจสอบ และจำกัดการใช้งานบัญชีที่มีสิทธิ์สูง (Privileged Account) เพื่อลดความเสี่ยงจากการใช้สิทธิ์ในทางที่ผิดหรือถูกโจมตี
436,3,Domain 3: Access Controls Concepts,What is the goal of periodic Access Review/Recertification?,ในการตรวจสอบสิทธิ์การเข้าถึงเป็นระยะ (Access Review/Recertification) มีเป้าหมายเพื่ออะไร?,"A. Automatically increase everyone's access rights | B. Review and confirm that users' access rights remain appropriate and necessary for their current duties, reducing Privilege Creep | C. Delete unnecessary old log data | D. Reset all users' passwords",A. เพิ่มสิทธิ์ให้ผู้ใช้ทุกคนโดยอัตโนมัติ | B. ทบทวนและยืนยันว่าสิทธิ์การเข้าถึงของผู้ใช้ยังคงเหมาะสมและจำเป็นต่อหน้าที่ปัจจุบัน ลด Privilege Creep | C. ลบข้อมูล Log เก่าที่ไม่จำเป็น | D. เปลี่ยนรหัสผ่านผู้ใช้ทั้งหมด,B,"Periodic access review helps detect and correct 'Privilege Creep' - where a user accumulates unnecessary access rights over time as their role or duties change, without prior access being revoked.",การทบทวนสิทธิ์เป็นระยะช่วยตรวจจับและแก้ไข 'Privilege Creep' ซึ่งเกิดจากผู้ใช้สะสมสิทธิ์เกินความจำเป็นเมื่อเปลี่ยนตำแหน่งหรือหน้าที่งาน โดยไม่มีการเพิกถอนสิทธิ์เดิม
437,3,Domain 3: Access Controls Concepts,What is the primary purpose of the 'Kerberos' protocol?,'Kerberos' เป็นโปรโตคอลที่ใช้เพื่อวัตถุประสงค์ใดเป็นหลัก?,A. File encryption | B. Centralized authentication using tickets via a Key Distribution Center | C. Network routing | D. Vulnerability scanning,A. การเข้ารหัสไฟล์ | B. การยืนยันตัวตนแบบรวมศูนย์โดยใช้ตั๋ว (Ticket) ผ่าน Key Distribution Center | C. การกำหนดเส้นทางเครือข่าย | D. การสแกนหาช่องโหว่,B,"Kerberos is an authentication protocol that uses a ticket-based system via a Key Distribution Center (KDC), allowing users to securely access network services without repeatedly transmitting their password.",Kerberos เป็นโปรโตคอลยืนยันตัวตนที่ใช้ระบบ Ticket ผ่าน Key Distribution Center (KDC) เพื่อให้ผู้ใช้สามารถเข้าถึงบริการต่างๆ ในเครือข่ายได้อย่างปลอดภัยโดยไม่ต้องส่งรหัสผ่านซ้ำๆ
438,3,Domain 3: Access Controls Concepts,"Why should a user account be disabled immediately when an employee leaves, rather than waiting to delete it later?",เหตุใดจึงควรปิดใช้งาน (Disable) บัญชีผู้ใช้ทันทีเมื่อพนักงานลาออก แทนที่จะรอลบภายหลัง?,A. To save storage space | B. To prevent an orphaned account from being misused or compromised | C. Because the law requires immediate deletion | D. To make the system run faster,A. เพื่อประหยัดพื้นที่จัดเก็บข้อมูล | B. เพื่อป้องกันไม่ให้บัญชีที่ไม่มีเจ้าของ (Orphaned Account) ถูกนำไปใช้ในทางที่ผิดหรือถูกโจมตี | C. เพราะกฎหมายบังคับให้ลบทันที | D. เพื่อให้ระบบทำงานเร็วขึ้น,B,"An account left active after an employee departs (an orphaned account) is a significant security risk, since it could be misused by the former employee or an attacker to gain unauthorized access.",บัญชีที่ยังเปิดใช้งานอยู่หลังพนักงานลาออก (Orphaned Account) เป็นความเสี่ยงด้านความปลอดภัยสูง เพราะอาจถูกอดีตพนักงานหรือผู้โจมตีนำไปใช้เข้าถึงระบบโดยไม่ได้รับอนุญาต
439,3,Domain 3: Access Controls Concepts,What is the difference between 'Authentication' and 'Authorization'?,ข้อใดคือความแตกต่างระหว่าง 'Authentication' และ 'Authorization'?,"A. Both terms mean the same thing | B. Authentication verifies who a user is, while Authorization determines what that user is allowed to do | C. Authorization always occurs before Authentication | D. Authentication applies only to cloud systems",A. ทั้งสองคำมีความหมายเหมือนกัน | B. Authentication คือการยืนยันว่าผู้ใช้เป็นใคร ส่วน Authorization คือการกำหนดว่าผู้ใช้มีสิทธิ์ทำอะไรได้บ้าง | C. Authorization เกิดขึ้นก่อน Authentication เสมอ | D. Authentication ใช้เฉพาะกับระบบ Cloud เท่านั้น,B,"Authentication is the process of verifying a user's claimed identity, while Authorization is the subsequent step that determines what actions or resources the authenticated user is permitted to access.",Authentication คือกระบวนการยืนยันตัวตนของผู้ใช้ว่าเป็นบุคคลที่อ้างสิทธิ์จริงหรือไม่ ส่วน Authorization คือขั้นตอนถัดมาที่กำหนดว่าผู้ใช้ที่ยืนยันตัวตนแล้วมีสิทธิ์เข้าถึงหรือกระทำการใดได้บ้าง
440,3,Domain 3: Access Controls Concepts,Why does 'Biometric Authentication' carry a unique risk compared to passwords?,เหตุใด 'Biometric Authentication' จึงมีความเสี่ยงเฉพาะตัวที่แตกต่างจากรหัสผ่าน?,"A. Biometrics can be easily changed like passwords when leaked | B. If biometric data is leaked, the user cannot 'change' their fingerprint or iris the way they can change a password | C. Biometrics cannot be used together with MFA | D. Biometrics always cost less than passwords",A. ไบโอเมตริกซ์เปลี่ยนแปลงได้ง่ายเหมือนรหัสผ่านเมื่อรั่วไหล | B. หากข้อมูลไบโอเมตริกซ์รั่วไหล ผู้ใช้ไม่สามารถ 'เปลี่ยน' ลายนิ้วมือหรือม่านตาของตนได้เหมือนการเปลี่ยนรหัสผ่าน | C. ไบโอเมตริกซ์ไม่สามารถใช้ร่วมกับ MFA ได้ | D. ไบโอเมตริกซ์มีต้นทุนต่ำกว่ารหัสผ่านเสมอ,B,"Biometric data is a permanent, unique physical characteristic. If it leaks, it cannot be 'reset' or changed like a password, so biometric data requires special protective measures.",ข้อมูลไบโอเมตริกซ์เป็นลักษณะเฉพาะตัวถาวรของบุคคล หากรั่วไหลจะไม่สามารถ 'รีเซ็ต' หรือเปลี่ยนใหม่ได้เหมือนรหัสผ่าน จึงต้องมีมาตรการปกป้องข้อมูลไบโอเมตริกซ์เป็นพิเศษ
441,3,Domain 3: Access Controls Concepts,What is an 'Access Control List (ACL)'?,'Access Control List (ACL)' คืออะไร?,A. A list specifying which users or groups have permission to access which resources and at what level | B. A list of all employees in the organization | C. A record of all security events | D. The organization's network diagram,A. รายการที่ระบุว่าผู้ใช้หรือกลุ่มใดมีสิทธิ์เข้าถึงทรัพยากรใดได้บ้างและในระดับใด | B. รายชื่อพนักงานทั้งหมดในองค์กร | C. บันทึกเหตุการณ์ความปลอดภัยทั้งหมด | D. แผนผังเครือข่ายขององค์กร,A,"An ACL is a list that defines access permissions to resources - such as files, folders, or network devices - specifying which users or groups can read, write, or perform other operations.",ACL คือรายการที่กำหนดสิทธิ์การเข้าถึงทรัพยากร เช่น ไฟล์ โฟลเดอร์ หรืออุปกรณ์เครือข่าย โดยระบุว่าผู้ใช้หรือกลุ่มใดสามารถอ่าน เขียน หรือดำเนินการใดได้บ้าง
442,4,Domain 4: Network Security,How many layers does the OSI model have in total?,โมเดล OSI มีทั้งหมดกี่เลเยอร์?,A. 5 | B. 6 | C. 7 | D. 8,A. 5 | B. 6 | C. 7 | D. 8,C,"The OSI (Open Systems Interconnection) model has 7 layers: Physical, Data Link, Network, Transport, Session, Presentation, and Application.","โมเดล OSI (Open Systems Interconnection) มี 7 เลเยอร์ ได้แก่ Physical, Data Link, Network, Transport, Session, Presentation และ Application"
443,4,Domain 4: Network Security,At which layer of the OSI Model does a Packet Filtering firewall primarily operate?,เลเยอร์ใดใน OSI Model ที่ไฟร์วอลล์แบบ Packet Filtering ทำงานอยู่เป็นหลัก?,A. Application Layer | B. Network Layer | C. Session Layer | D. Physical Layer,A. Application Layer | B. Network Layer | C. Session Layer | D. Physical Layer,B,"A Packet Filtering Firewall operates at the Network Layer (Layer 3), inspecting header data such as IP address and port to decide whether to allow or deny traffic.",Packet Filtering Firewall ทำงานที่ Network Layer (Layer 3) โดยตรวจสอบข้อมูลใน Header เช่น IP Address และ Port เพื่อตัดสินใจอนุญาตหรือปฏิเสธการรับส่งข้อมูล
444,4,Domain 4: Network Security,At which layer of the OSI Model does a 'Switch' primarily operate?,อุปกรณ์ 'Switch' ทำงานหลักอยู่ที่เลเยอร์ใดของ OSI Model?,A. Physical Layer (Layer 1) | B. Data Link Layer (Layer 2) | C. Network Layer (Layer 3) | D. Transport Layer (Layer 4),A. Physical Layer (Layer 1) | B. Data Link Layer (Layer 2) | C. Network Layer (Layer 3) | D. Transport Layer (Layer 4),B,"A Switch operates at the Data Link Layer (Layer 2), using MAC addresses to forward data to the correct port (some Layer 3 switches can also operate at the Network Layer, but a basic switch works at Layer 2).",Switch ทำงานที่ Data Link Layer (Layer 2) โดยใช้ MAC Address ในการส่งข้อมูลไปยังพอร์ตที่ถูกต้อง (บาง Layer 3 Switch สามารถทำงานที่ Network Layer ได้เช่นกัน แต่ Switch พื้นฐานทำงานที่ Layer 2)
445,4,Domain 4: Network Security,What is the primary function of a 'Router'?,'Router' มีหน้าที่หลักคืออะไร?,A. Encrypting data during transmission | B. Routing data between different networks using IP addresses | C. Creating new MAC addresses | D. Scanning for network vulnerabilities,A. เข้ารหัสข้อมูลระหว่างการส่ง | B. กำหนดเส้นทาง (Route) การส่งข้อมูลระหว่างเครือข่ายที่แตกต่างกันโดยใช้ IP Address | C. สร้างที่อยู่ MAC Address ใหม่ | D. สแกนหาช่องโหว่ในเครือข่าย,B,A Router operates at the Network Layer (Layer 3) and is responsible for routing data between different networks using IP addresses.,Router ทำงานที่ Network Layer (Layer 3) มีหน้าที่กำหนดเส้นทางการส่งข้อมูลระหว่างเครือข่ายต่างๆ โดยใช้ IP Address
446,4,Domain 4: Network Security,How does a 'Stateful Inspection' firewall differ from 'Packet Filtering'?,ไฟร์วอลล์ประเภท 'Stateful Inspection' แตกต่างจาก 'Packet Filtering' อย่างไร?,"A. Stateful only inspects the source IP | B. Stateful tracks connection state to decide whether to allow traffic belonging to a valid session, not just inspecting isolated packets | C. Stateful only operates at the Physical Layer | D. Both work exactly the same way",A. Stateful ตรวจสอบเฉพาะ Source IP เท่านั้น | B. Stateful ติดตามสถานะของการเชื่อมต่อ (Connection State) เพื่อตัดสินใจอนุญาตทราฟฟิกที่เกี่ยวข้องกับ Session ที่ถูกต้อง ไม่ใช่แค่ตรวจสอบแพ็กเก็ตแบบแยกส่วน | C. Stateful ทำงานที่ Physical Layer เท่านั้น | D. ทั้งสองแบบทำงานเหมือนกันทุกประการ,B,"A Stateful Inspection Firewall tracks connection state (e.g., a TCP handshake) and decides whether to allow traffic by considering the full session context - unlike Packet Filtering, which inspects each packet in isolation without context.",Stateful Inspection Firewall จะติดตามสถานะของการเชื่อมต่อ (เช่น TCP handshake) และตัดสินใจอนุญาตทราฟฟิกโดยพิจารณาบริบทของ Session ทั้งหมด ต่างจาก Packet Filtering ที่ตรวจสอบแต่ละแพ็กเก็ตแยกกันโดยไม่มีบริบท
447,4,Domain 4: Network Security,How do 'IDS (Intrusion Detection System)' and 'IPS (Intrusion Prevention System)' differ?,'IDS (Intrusion Detection System)' และ 'IPS (Intrusion Prevention System)' แตกต่างกันอย่างไร?,"A. IDS only detects and alerts on abnormal events, while IPS can detect and block attacks in real time | B. IDS and IPS are exactly the same system | C. IDS is used only on wireless networks | D. IPS only operates at the Physical Layer",A. IDS ตรวจจับและแจ้งเตือนเหตุการณ์ผิดปกติเท่านั้น ส่วน IPS สามารถตรวจจับและบล็อกการโจมตีได้แบบเรียลไทม์ | B. IDS และ IPS เป็นระบบเดียวกันทุกประการ | C. IDS ใช้เฉพาะในเครือข่ายไร้สาย | D. IPS ทำงานที่ Physical Layer เท่านั้น,A,"IDS is a detective system that alerts when it finds abnormal behavior but doesn't block it, while IPS is a preventive system that can immediately block or stop malicious traffic.",IDS เป็นระบบตรวจจับ (Detective) ที่แจ้งเตือนเมื่อพบพฤติกรรมผิดปกติแต่ไม่บล็อก ส่วน IPS เป็นระบบป้องกัน (Preventive) ที่สามารถบล็อกหรือหยุดยั้งทราฟฟิกที่เป็นอันตรายได้ทันที
448,4,Domain 4: Network Security,What is the primary purpose of a VPN (Virtual Private Network)?,VPN (Virtual Private Network) มีวัตถุประสงค์หลักเพื่ออะไร?,"A. Increase internet speed | B. Create an encrypted, secure communication channel over a public network | C. Distribute IP addresses to network devices | D. Translate domain names into IP addresses",A. เพิ่มความเร็วอินเทอร์เน็ต | B. สร้างช่องทางสื่อสารที่เข้ารหัสและปลอดภัยผ่านเครือข่ายสาธารณะ | C. แจกจ่าย IP Address ให้อุปกรณ์ในเครือข่าย | D. แปลงชื่อโดเมนเป็น IP Address,B,"A VPN creates an encrypted tunnel so communication between two points over a public network, such as the internet, is secure and private as if on a private network.",VPN สร้างอุโมงค์ (Tunnel) ที่เข้ารหัสข้อมูลเพื่อให้การสื่อสารระหว่างจุดสองจุดผ่านเครือข่ายสาธารณะ เช่น อินเทอร์เน็ต มีความปลอดภัยและเป็นส่วนตัวเสมือนอยู่ในเครือข่ายส่วนตัว
449,4,Domain 4: Network Security,How does 'Network Segmentation' help improve security?,'Network Segmentation' ช่วยเพิ่มความปลอดภัยได้อย่างไร?,"A. It puts all devices on the same network for convenience | B. It divides the network into smaller sections to limit the scope of damage if one section is attacked, preventing it from spreading to the whole network | C. It only increases data transmission speed | D. It reduces the number of network devices needed",A. ทำให้ทุกอุปกรณ์อยู่ในเครือข่ายเดียวกันเพื่อความสะดวก | B. แบ่งเครือข่ายออกเป็นส่วนย่อยเพื่อจำกัดขอบเขตความเสียหายหากส่วนใดถูกโจมตี ไม่ให้ลุกลามไปทั้งเครือข่าย | C. เพิ่มความเร็วในการส่งข้อมูลเท่านั้น | D. ลดจำนวนอุปกรณ์เครือข่ายที่ต้องใช้,B,"Network Segmentation divides a network into smaller zones (e.g., VLANs) to limit an attacker's lateral movement. If one segment is compromised, the damage doesn't spread to the entire network.",Network Segmentation แบ่งเครือข่ายออกเป็นโซนย่อยๆ (เช่น VLAN) เพื่อจำกัดการเคลื่อนที่ของผู้โจมตี (Lateral Movement) หากส่วนใดส่วนหนึ่งถูกบุกรุก ความเสียหายจะไม่ลุกลามไปยังทั้งเครือข่าย
450,4,Domain 4: Network Security,What is the purpose of a 'DMZ (Demilitarized Zone)' in network architecture?,'DMZ (Demilitarized Zone)' ในสถาปัตยกรรมเครือข่ายมีวัตถุประสงค์อะไร?,"A. The most important area for storing backup data | B. A buffer network that hosts servers requiring access from the external internet, separated from the more critical internal network | C. A wireless network for guests | D. The primary data encryption system",A. เป็นพื้นที่เก็บข้อมูลสำรองสำคัญที่สุด | B. เป็นเครือข่ายกันชนที่วางเซิร์ฟเวอร์ที่ต้องเข้าถึงได้จากอินเทอร์เน็ตภายนอก แยกออกจากเครือข่ายภายในที่สำคัญกว่า | C. เป็นเครือข่ายไร้สายสำหรับแขก | D. เป็นระบบเข้ารหัสข้อมูลหลัก,B,"A DMZ is a buffer network that hosts systems needing external access, such as a web server or mail server, to reduce risk if attacked - preventing attackers from directly reaching the more critical internal network.",DMZ คือเครือข่ายกันชนที่วางระบบซึ่งจำเป็นต้องเปิดให้เข้าถึงจากภายนอก เช่น Web Server หรือ Mail Server เพื่อลดความเสี่ยงหากถูกโจมตี ไม่ให้ผู้โจมตีสามารถเข้าถึงเครือข่ายภายในที่สำคัญกว่าได้โดยตรง
451,4,Domain 4: Network Security,Which protocol encrypts website communication instead of using unencrypted HTTP?,โปรโตคอลใดที่ใช้เข้ารหัสการสื่อสารเว็บไซต์แทน HTTP แบบไม่เข้ารหัส?,A. FTP | B. HTTPS | C. Telnet | D. SNMP v1,A. FTP | B. HTTPS | C. Telnet | D. SNMP v1,B,"HTTPS (HTTP Secure) uses TLS/SSL to encrypt data between a web browser and server, unlike HTTP, which sends data unencrypted.",HTTPS (HTTP Secure) ใช้ TLS/SSL ในการเข้ารหัสข้อมูลระหว่างเว็บเบราว์เซอร์กับเซิร์ฟเวอร์ ต่างจาก HTTP ที่ส่งข้อมูลแบบไม่เข้ารหัส
452,4,Domain 4: Network Security,"Which of the following protocols is considered 'insecure' because it transmits data, including passwords, in plaintext?",โปรโตคอลใดต่อไปนี้ถือว่า 'ไม่ปลอดภัย' เนื่องจากส่งข้อมูล รวมถึงรหัสผ่าน แบบไม่เข้ารหัส (Plaintext)?,A. SSH | B. Telnet | C. HTTPS | D. SFTP,A. SSH | B. Telnet | C. HTTPS | D. SFTP,B,"Telnet transmits all data, including usernames and passwords, in plaintext, making it vulnerable to sniffing - SSH should be used instead for secure remote access.",Telnet ส่งข้อมูลทั้งหมดรวมถึงชื่อผู้ใช้และรหัสผ่านแบบ Plaintext ทำให้เสี่ยงต่อการดักฟัง (Sniffing) จึงควรใช้ SSH แทนสำหรับการเข้าถึงระยะไกลที่ปลอดภัย
453,4,Domain 4: Network Security,What characterizes a 'Man-in-the-Middle (MITM)' attack?,การโจมตีแบบ 'Man-in-the-Middle (MITM)' มีลักษณะอย่างไร?,A. The attacker sends mass fraudulent emails | B. The attacker inserts themselves between two communicating parties to eavesdrop or alter data without either party knowing | C. The attacker sends massive traffic to crash a system | D. The attacker repeatedly guesses passwords,A. ผู้โจมตีส่งอีเมลหลอกลวงจำนวนมาก | B. ผู้โจมตีแทรกตัวอยู่ระหว่างการสื่อสารของสองฝ่ายเพื่อดักฟังหรือแก้ไขข้อมูลโดยที่ทั้งสองฝ่ายไม่รู้ตัว | C. ผู้โจมตีส่งทราฟฟิกจำนวนมากเพื่อทำให้ระบบล่ม | D. ผู้โจมตีเดารหัสผ่านซ้ำๆ,B,"MITM is an attack where the attacker positions themselves between two communicating parties, able to eavesdrop, alter, or steal data without the victim knowing they're being attacked.",MITM คือการโจมตีที่ผู้โจมตีแทรกตัวอยู่ระหว่างการสื่อสารของสองฝ่าย สามารถดักฟัง แก้ไข หรือขโมยข้อมูลได้โดยที่เหยื่อไม่รู้ตัวว่ากำลังถูกโจมตี
454,4,Domain 4: Network Security,What is the primary goal of a DoS (Denial of Service) attack?,การโจมตีแบบ DoS (Denial of Service) มีเป้าหมายหลักเพื่ออะไร?,A. Steal confidential data | B. Make a system or service unable to function normally by exhausting or overwhelming system resources | C. Modify data in a database | D. Escalate user privileges,A. ขโมยข้อมูลความลับ | B. ทำให้ระบบหรือบริการไม่สามารถให้บริการได้ตามปกติโดยการทำให้ทรัพยากรระบบหมดหรือล้น | C. แก้ไขข้อมูลในฐานข้อมูล | D. ยกระดับสิทธิ์ผู้ใช้,B,"DoS aims to compromise Availability by sending more requests than the system can handle, preventing legitimate users from accessing the service.",DoS มีเป้าหมายเพื่อทำให้ระบบ Availability ล้มเหลว โดยการส่งคำขอจำนวนมากเกินกว่าที่ระบบจะรองรับได้ ทำให้ผู้ใช้ที่ถูกต้องไม่สามารถเข้าใช้บริการได้
455,4,Domain 4: Network Security,How does 'DDoS' differ from 'DoS'?,'DDoS' แตกต่างจาก 'DoS' อย่างไร?,"A. DDoS uses a single attacking machine, while DoS uses multiple | B. DDoS comes from multiple sources simultaneously (Distributed), often via a botnet, while DoS comes from a single source | C. Both are exactly the same | D. DDoS applies only to websites",A. DDoS ใช้เครื่องโจมตีเพียงเครื่องเดียว ส่วน DoS ใช้หลายเครื่อง | B. DDoS มาจากหลายแหล่งพร้อมกัน (Distributed) มักผ่านเครือข่าย Botnet ส่วน DoS มาจากแหล่งเดียว | C. ทั้งสองแบบเหมือนกันทุกประการ | D. DDoS ใช้เฉพาะกับเว็บไซต์เท่านั้น,B,"DDoS (Distributed Denial of Service) is an attack that comes from multiple sources simultaneously, often through a botnet network, making it much harder to defend against than a standard single-source DoS attack.",DDoS (Distributed Denial of Service) คือการโจมตีที่มาจากหลายแหล่งพร้อมกัน มักผ่านเครือข่าย Botnet ทำให้ยากต่อการป้องกันมากกว่า DoS ทั่วไปที่มาจากแหล่งเดียว
456,4,Domain 4: Network Security,Which Wi-Fi encryption protocol is currently the most secure and should be used for wireless networks?,เครือข่ายไร้สาย (Wi-Fi) ควรใช้โปรโตคอลการเข้ารหัสใดที่ปลอดภัยที่สุดในปัจจุบัน?,A. WEP | B. WPA | C. WPA2 | D. WPA3,A. WEP | B. WPA | C. WPA2 | D. WPA3,D,"WPA3 is the latest and most secure Wi-Fi encryption standard currently available. WEP is obsolete and highly insecure, while WPA and WPA2 have known vulnerabilities discovered later.",WPA3 เป็นมาตรฐานการเข้ารหัส Wi-Fi ล่าสุดที่ปลอดภัยที่สุดในปัจจุบัน ส่วน WEP ล้าสมัยและไม่ปลอดภัยอย่างมาก ในขณะที่ WPA และ WPA2 มีช่องโหว่ที่ถูกค้นพบในภายหลัง
457,4,Domain 4: Network Security,Why is 'WEP (Wired Equivalent Privacy)' considered insecure and unsuitable for use today?,เหตุใด 'WEP (Wired Equivalent Privacy)' จึงถือว่าไม่ปลอดภัยและไม่ควรใช้งานในปัจจุบัน?,A. WEP is too slow | B. WEP has weaknesses in its encryption algorithm that make it easy to crack with common tools | C. WEP only works on wired networks | D. WEP doesn't support mobile devices,A. WEP มีความเร็วช้าเกินไป | B. WEP มีช่องโหว่ในอัลกอริทึมการเข้ารหัสที่ทำให้สามารถถูกถอดรหัสได้ง่ายด้วยเครื่องมือทั่วไป | C. WEP ใช้ได้เฉพาะเครือข่ายแบบมีสายเท่านั้น | D. WEP ไม่รองรับอุปกรณ์มือถือ,B,"WEP has design weaknesses in its encryption algorithm (RC4 with too-short IVs), allowing attackers to crack the key quickly with widely available tools, which is why it was replaced by WPA and WPA2/3.",WEP มีจุดอ่อนในการออกแบบอัลกอริทึมเข้ารหัส (RC4 กับ IV ที่สั้นเกินไป) ทำให้ผู้โจมตีสามารถถอดรหัสคีย์ได้ภายในเวลาอันสั้นด้วยเครื่องมือที่หาได้ทั่วไป จึงถูกแทนที่ด้วย WPA และ WPA2/3
458,4,Domain 4: Network Security,What is the primary security benefit of 'Network Address Translation (NAT)'?,'Network Address Translation (NAT)' มีประโยชน์หลักอย่างไรต่อความปลอดภัย?,"A. Encrypts all data sent across the network | B. Hides internal IP addresses from external networks, making it harder to attack directly from the internet | C. Increases internet speed | D. Prevents email viruses",A. เข้ารหัสข้อมูลทั้งหมดที่ส่งผ่านเครือข่าย | B. ซ่อน IP Address ภายในจากเครือข่ายภายนอก ทำให้ยากต่อการโจมตีโดยตรงจากอินเทอร์เน็ต | C. เพิ่มความเร็วอินเทอร์เน็ต | D. ป้องกันไวรัสในอีเมล,B,"NAT translates internal organizational IP addresses into a public IP address when communicating with the internet, hiding the internal network structure from outside and making direct attacks more difficult.",NAT แปลง IP Address ภายในองค์กรให้เป็น IP Address สาธารณะเมื่อสื่อสารกับอินเทอร์เน็ต ทำให้โครงสร้างเครือข่ายภายในถูกซ่อนจากภายนอก เพิ่มความยากในการโจมตีโดยตรง
459,4,Domain 4: Network Security,How does 'VLAN (Virtual LAN)' help improve network security?,'VLAN (Virtual LAN)' ช่วยเพิ่มความปลอดภัยของเครือข่ายอย่างไร?,"A. It logically separates device groups even if connected to the same switch, limiting communication and broadcast traffic between unrelated groups | B. It only increases network speed | C. It encrypts all data on the network | D. It automatically removes malware",A. แยกกลุ่มอุปกรณ์ทางตรรกะออกจากกันแม้จะเชื่อมต่อกับสวิตช์เดียวกัน ทำให้จำกัดการสื่อสารและ Broadcast Traffic ระหว่างกลุ่มที่ไม่เกี่ยวข้อง | B. เพิ่มความเร็วเครือข่ายเท่านั้น | C. เข้ารหัสข้อมูลทั้งหมดในเครือข่าย | D. ลบมัลแวร์อัตโนมัติ,A,"A VLAN logically divides a network into subgroups even though devices are connected to the same physical switch, limiting the scope of communication and reducing the broadcast domain, improving both security and manageability.",VLAN แบ่งเครือข่ายทางตรรกะ (Logical) ออกเป็นกลุ่มย่อย แม้อุปกรณ์จะเชื่อมต่อกับสวิตช์ทางกายภาพเดียวกัน ช่วยจำกัดขอบเขตการสื่อสารและลด Broadcast Domain ทำให้เพิ่มความปลอดภัยและง่ายต่อการบริหารจัดการ
460,4,Domain 4: Network Security,"In which Cloud Computing model does the provider manage only the underlying Infrastructure, while the user must manage the operating system and applications themselves?",'Cloud Computing' รูปแบบใดที่ผู้ให้บริการดูแลเฉพาะโครงสร้างพื้นฐาน (Infrastructure) ส่วนผู้ใช้ต้องจัดการระบบปฏิบัติการและแอปพลิเคชันเอง?,A. SaaS (Software as a Service) | B. PaaS (Platform as a Service) | C. IaaS (Infrastructure as a Service) | D. DaaS (Desktop as a Service),A. SaaS (Software as a Service) | B. PaaS (Platform as a Service) | C. IaaS (Infrastructure as a Service) | D. DaaS (Desktop as a Service),C,"IaaS provides only infrastructure, such as servers, storage, and networking, while the customer must install and manage the operating system, middleware, and applications themselves - unlike PaaS, which provides a ready-to-use platform, or SaaS, which provides fully ready-to-use software.",IaaS ให้บริการเฉพาะโครงสร้างพื้นฐาน เช่น เซิร์ฟเวอร์ สตอเรจ และเครือข่าย ส่วนผู้ใช้ต้องติดตั้งและจัดการระบบปฏิบัติการ มิดเดิลแวร์ และแอปพลิเคชันเอง ต่างจาก PaaS ที่มีแพลตฟอร์มพร้อมใช้ และ SaaS ที่มีซอฟต์แวร์พร้อมใช้งานครบถ้วน
461,4,Domain 4: Network Security,What does 'Virtualization' mean in the context of network security?,'Virtualization' ในบริบทความปลอดภัยเครือข่ายหมายถึงอะไร?,"A. Creating virtual computer systems (Virtual Machines) that run separately on the same hardware, helping isolate environments and limit impact if one machine is attacked | B. Encrypting data in the cloud | C. Automatic data backup | D. Real-time malware detection",A. การสร้างระบบคอมพิวเตอร์เสมือน (Virtual Machine) ที่ทำงานแยกจากกันบนฮาร์ดแวร์เดียวกัน ช่วยแยกสภาพแวดล้อมและจำกัดผลกระทบหากเครื่องใดถูกโจมตี | B. การเข้ารหัสข้อมูลบนคลาวด์ | C. การสำรองข้อมูลอัตโนมัติ | D. การตรวจจับมัลแวร์แบบเรียลไทม์,A,"Virtualization allows multiple Virtual Machines to run separately on a single physical hardware, which helps isolate environments and limit the impact if one VM is attacked, preventing it from spreading to others.",Virtualization ช่วยให้สามารถรัน Virtual Machine หลายเครื่องแยกกันบนฮาร์ดแวร์กายภาพเดียว ซึ่งช่วยแยกสภาพแวดล้อม (Isolation) และจำกัดผลกระทบหาก VM ใดเครื่องหนึ่งถูกโจมตีไม่ให้ลามไปยังเครื่องอื่น
462,4,Domain 4: Network Security,What is the purpose of 'Port Security' on a switch?,'Port Security' บนสวิตช์มีจุดประสงค์อะไร?,"A. Increase network port speed | B. Restrict or control which devices can connect to a given port, based on MAC address, to prevent unauthorized devices | C. Encrypt data transmitted through the port | D. Automatically close all ports",A. เพิ่มความเร็วของพอร์ตเครือข่าย | B. จำกัดหรือควบคุมอุปกรณ์ที่สามารถเชื่อมต่อกับพอร์ตนั้นๆ โดยอิงจาก MAC Address เพื่อป้องกันอุปกรณ์ที่ไม่ได้รับอนุญาต | C. เข้ารหัสข้อมูลที่ส่งผ่านพอร์ต | D. ปิดพอร์ตทั้งหมดโดยอัตโนมัติ,B,"Port Security limits the number or identifies the specific MAC addresses of devices allowed to connect to each switch port, preventing rogue devices from connecting to the network without authorization.",Port Security ช่วยจำกัดจำนวนหรือระบุ MAC Address ของอุปกรณ์ที่ได้รับอนุญาตให้เชื่อมต่อกับพอร์ตสวิตช์แต่ละพอร์ต เพื่อป้องกันอุปกรณ์แปลกปลอมเชื่อมต่อเข้าเครือข่ายโดยไม่ได้รับอนุญาต
463,4,Domain 4: Network Security,What role does a 'Proxy Server' play in a network?,'Proxy Server' ทำหน้าที่อะไรในเครือข่าย?,"A. Only encrypts data between two parties | B. Acts as an intermediary relaying requests between clients and destination servers, and can filter content, hide IP addresses, and cache data | C. Distributes IP addresses to devices | D. Automatically creates VLANs",A. เข้ารหัสข้อมูลระหว่างสองฝ่ายเท่านั้น | B. ทำหน้าที่เป็นตัวกลางรับส่งคำขอระหว่างไคลเอนต์กับเซิร์ฟเวอร์ปลายทาง สามารถกรองเนื้อหา ซ่อน IP และแคชข้อมูลได้ | C. แจกจ่าย IP Address ให้อุปกรณ์ | D. สร้าง VLAN อัตโนมัติ,B,"A Proxy Server acts as an intermediary between users and destination servers, and can be used to filter content, log activity, hide the real user's IP address, and improve speed through caching.",Proxy Server ทำหน้าที่เป็นตัวกลาง (Intermediary) ระหว่างผู้ใช้และเซิร์ฟเวอร์ปลายทาง สามารถใช้กรองเนื้อหา บันทึก Log ซ่อน IP Address ของผู้ใช้จริง และช่วยเพิ่มความเร็วผ่านการแคช
464,4,Domain 4: Network Security,What impact does an 'ARP Spoofing' attack have on a network?,การโจมตีแบบ 'ARP Spoofing' มีผลกระทบอย่างไรต่อเครือข่าย?,"A. Crashes a website with massive traffic | B. The attacker forges MAC addresses to intercept or redirect traffic on a local network, often leading to a MITM attack | C. Encrypts all files on a machine | D. Steals passwords via fraudulent emails",A. ทำให้เว็บไซต์ล่มจากทราฟฟิกมหาศาล | B. ผู้โจมตีปลอมแปลง MAC Address เพื่อดักจับหรือเปลี่ยนเส้นทางทราฟฟิกในเครือข่ายท้องถิ่น ซึ่งมักนำไปสู่การโจมตีแบบ MITM | C. เข้ารหัสไฟล์ทั้งหมดในเครื่อง | D. ขโมยรหัสผ่านผ่านอีเมลหลอกลวง,B,"ARP Spoofing forges ARP messages to associate the attacker's MAC address with the target's IP address, causing traffic to route through the attacker's machine - commonly used as a step in a Man-in-the-Middle attack on a local network.",ARP Spoofing คือการปลอมแปลงข้อความ ARP เพื่อเชื่อมโยง MAC Address ของผู้โจมตีเข้ากับ IP Address ของเป้าหมาย ทำให้ทราฟฟิกถูกส่งผ่านเครื่องผู้โจมตี ซึ่งมักถูกใช้เป็นขั้นตอนหนึ่งในการโจมตีแบบ Man-in-the-Middle บนเครือข่ายท้องถิ่น
465,4,Domain 4: Network Security,Why is 'Segmentation' between IT (Information Technology) and OT (Operational Technology) networks important in industrial systems?,'Segmentation' ระหว่างเครือข่าย IT (Information Technology) และ OT (Operational Technology) ในระบบอุตสาหกรรมมีความสำคัญอย่างไร?,A. It's unnecessary since both systems are the same | B. It prevents attacks spreading from the IT network from reaching production control systems or critical infrastructure that could cause physical damage | C. It increases the factory's internet speed | D. It reduces electricity costs,A. ไม่มีความจำเป็นเพราะทั้งสองระบบเหมือนกัน | B. ป้องกันไม่ให้การโจมตีจากเครือข่าย IT ลุกลามไปยังระบบควบคุมการผลิตหรือโครงสร้างพื้นฐานสำคัญที่อาจก่อความเสียหายทางกายภาพ | C. เพิ่มความเร็วอินเทอร์เน็ตของโรงงาน | D. ลดต้นทุนไฟฟ้า,B,"Separating IT and OT networks prevents threats that spread within the IT network (such as malware) from reaching industrial control systems (ICS/SCADA), which could cause far more severe physical damage.",การแยกเครือข่าย IT และ OT ช่วยป้องกันไม่ให้ภัยคุกคามที่แพร่กระจายในเครือข่าย IT (เช่น มัลแวร์) ลุกลามไปยังระบบควบคุมอุตสาหกรรม (ICS/SCADA) ซึ่งอาจก่อให้เกิดความเสียหายทางกายภาพที่ร้ายแรงกว่า
466,5,Domain 5: Security Operations,What is the primary function of a SIEM (Security Information and Event Management)?,'SIEM (Security Information and Event Management)' มีหน้าที่หลักคืออะไร?,"A. Encrypt data in a database | B. Collect, analyze, and correlate logs from multiple sources across the organization to centrally detect anomalous events | C. Automatically back up data | D. Manage user accounts",A. เข้ารหัสข้อมูลในฐานข้อมูล | B. รวบรวม วิเคราะห์ และเชื่อมโยง Log จากหลายแหล่งในองค์กรเพื่อตรวจจับเหตุการณ์ผิดปกติแบบรวมศูนย์ | C. สำรองข้อมูลอัตโนมัติ | D. จัดการบัญชีผู้ใช้,B,"A SIEM centralizes the collection and analysis of log data from devices and systems across an organization, helping security teams detect, correlate, and respond to anomalous events more effectively than checking each source individually.",SIEM รวบรวมและวิเคราะห์ข้อมูล Log จากอุปกรณ์และระบบต่างๆ ทั่วองค์กรแบบรวมศูนย์ ช่วยให้ทีมความปลอดภัยตรวจจับ เชื่อมโยง และตอบสนองต่อเหตุการณ์ผิดปกติได้อย่างมีประสิทธิภาพ
467,5,Domain 5: Security Operations,Why is keeping logs important for security operations?,เหตุใดการเก็บบันทึก Log (Logging) จึงมีความสำคัญต่อการดำเนินงานด้านความปลอดภัย?,"A. It makes systems run faster | B. It supports traceability, event analysis, and serves as evidence for investigating anomalous events | C. It reduces storage usage | D. It's unnecessary if a firewall is already in place",A. ทำให้ระบบทำงานเร็วขึ้น | B. ช่วยในการตรวจสอบย้อนกลับ วิเคราะห์เหตุการณ์ และเป็นหลักฐานสำหรับการสืบสวนเมื่อเกิดเหตุการณ์ผิดปกติ | C. ลดการใช้พื้นที่จัดเก็บข้อมูล | D. ไม่มีความจำเป็นหากมีไฟร์วอลล์แล้ว,B,"Logs provide accountability (tracing who did what and when), support post-incident analysis, and serve as digital forensic evidence when investigating a security event - none of which a firewall alone can provide.",การบันทึก Log ช่วยให้สามารถตรวจสอบย้อนกลับ (Accountability) วิเคราะห์เหตุการณ์ที่เกิดขึ้น และใช้เป็นหลักฐานทางนิติวิทยาศาสตร์ดิจิทัล (Digital Forensics) เมื่อเกิดเหตุการณ์ด้านความปลอดภัย
468,5,Domain 5: Security Operations,What is Patch Management?,'Patch Management' คือกระบวนการใด?,A. Routine data backups | B. The systematic process of managing and installing software updates to fix vulnerabilities and security issues | C. Creating new user accounts | D. Encrypting hard disks,A. การสำรองข้อมูลเป็นประจำ | B. กระบวนการจัดการติดตั้งการอัปเดตซอฟต์แวร์เพื่อแก้ไขช่องโหว่และปัญหาด้านความปลอดภัยอย่างเป็นระบบ | C. การสร้างบัญชีผู้ใช้ใหม่ | D. การเข้ารหัสฮาร์ดดิสก์,B,"Patch Management is the systematic process of tracking, testing, and installing patches or software updates to close known security vulnerabilities and maintain system stability.",Patch Management คือกระบวนการติดตาม ทดสอบ และติดตั้งแพตช์หรืออัปเดตซอฟต์แวร์อย่างเป็นระบบ เพื่อปิดช่องโหว่ด้านความปลอดภัยและรักษาเสถียรภาพของระบบ
469,5,Domain 5: Security Operations,How does Vulnerability Management differ from Patch Management?,'Vulnerability Management' แตกต่างจาก 'Patch Management' อย่างไร?,"A. The two terms mean exactly the same thing | B. Vulnerability Management is the broader process covering discovery, assessment, and prioritization of all vulnerabilities, while Patch Management is one remediation measure used to address them | C. Patch Management applies only to hardware | D. Vulnerability Management has nothing to do with software",A. ทั้งสองคำมีความหมายเหมือนกันทุกประการ | B. Vulnerability Management เป็นกระบวนการที่กว้างกว่า ครอบคลุมการค้นหา ประเมิน และจัดลำดับความสำคัญของช่องโหว่ทั้งหมด ส่วน Patch Management เป็นหนึ่งในมาตรการแก้ไขที่ใช้จัดการช่องโหว่นั้น | C. Patch Management ใช้เฉพาะฮาร์ดแวร์เท่านั้น | D. Vulnerability Management ไม่เกี่ยวข้องกับซอฟต์แวร์,B,"Vulnerability Management is the full lifecycle - scanning, assessing risk, and prioritizing vulnerabilities - while Patch Management is specifically one remediation method (applying vendor fixes) used within that broader process.",Vulnerability Management เป็นวงจรกว้างที่รวมการสแกนหา ประเมินความเสี่ยง จัดลำดับความสำคัญ และแก้ไขช่องโหว่ ในขณะที่ Patch Management เป็นหนึ่งในวิธีการแก้ไข (Remediation) ที่ใช้ปิดช่องโหว่ที่พบ
470,5,Domain 5: Security Operations,What is the primary purpose of Change Management?,'Change Management' มีวัตถุประสงค์หลักเพื่ออะไร?,"A. To prevent any changes to a system entirely | B. To systematically control and track changes to IT systems through an approval process, reducing risk from unplanned changes | C. To delete old log data | D. To perform daily data backups",A. ป้องกันการเปลี่ยนแปลงใดๆ ในระบบโดยเด็ดขาด | B. ควบคุมและติดตามการเปลี่ยนแปลงในระบบ IT อย่างเป็นระบบผ่านกระบวนการอนุมัติ เพื่อลดความเสี่ยงจากการเปลี่ยนแปลงที่ไม่ได้วางแผน | C. ลบข้อมูล Log เก่า | D. สำรองข้อมูลรายวัน,B,"Change Management is a structured process for planning, testing, approving, and documenting changes to IT systems, reducing the risk of unauthorized or unplanned changes causing problems.",Change Management คือกระบวนการที่มีโครงสร้างในการวางแผน ทดสอบ อนุมัติ และบันทึกการเปลี่ยนแปลงในระบบ IT เพื่อลดความเสี่ยงจากการเปลี่ยนแปลงที่ไม่ได้รับอนุญาตหรือไม่ได้วางแผนซึ่งอาจก่อให้เกิดปัญหา
471,5,Domain 5: Security Operations,How do Configuration Management and 'Baselines' help security?,'Configuration Management' และการใช้ 'Baseline' ช่วยด้านความปลอดภัยอย่างไร?,"A. They establish a secure standard configuration as a reference point, helping detect unauthorized or abnormal changes | B. They only increase system speed | C. They automatically remove malware | D. They have no effect on security",A. กำหนดค่ามาตรฐานที่ปลอดภัยของระบบไว้เป็นข้อมูลอ้างอิง ช่วยตรวจจับการเปลี่ยนแปลงที่ผิดปกติหรือไม่ได้รับอนุญาต | B. เพิ่มความเร็วของระบบเท่านั้น | C. ลบมัลแวร์อัตโนมัติ | D. ไม่มีผลต่อความปลอดภัย,A,"A baseline defines the approved secure configuration of a system as a reference point - when the system deviates from that baseline, it signals a potentially unauthorized or abnormal change that needs investigation.",Baseline คือค่ากำหนดมาตรฐานที่ปลอดภัยของระบบ (Secure Configuration) ที่ใช้เป็นข้อมูลอ้างอิง เมื่อระบบเบี่ยงเบนจาก Baseline จะสามารถตรวจจับการเปลี่ยนแปลงที่ผิดปกติหรือไม่ได้รับอนุญาตได้ทันที
472,5,Domain 5: Security Operations,Which of the following best describes 'Encryption at Rest'?,ข้อใดคือคำอธิบายที่ถูกต้องของ 'Encryption at Rest'?,"A. Encrypting data while it travels across a network | B. Encrypting data stored on storage media, such as a hard disk or database | C. Encrypting only passwords | D. Encrypting outgoing email",A. การเข้ารหัสข้อมูลขณะส่งผ่านเครือข่าย | B. การเข้ารหัสข้อมูลที่จัดเก็บอยู่บนอุปกรณ์จัดเก็บข้อมูล เช่น ฮาร์ดดิสก์หรือฐานข้อมูล | C. การเข้ารหัสรหัสผ่านเท่านั้น | D. การเข้ารหัสอีเมลขาออก,B,Encryption at Rest protects data that is stored (not moving) - such as on a hard disk or in a database - from unauthorized access if the storage device is stolen or improperly accessed.,Encryption at Rest คือการเข้ารหัสข้อมูลที่ถูกจัดเก็บไว้ (ไม่ได้เคลื่อนที่) เช่น บนฮาร์ดดิสก์หรือในฐานข้อมูล เพื่อป้องกันการเข้าถึงข้อมูลหากอุปกรณ์จัดเก็บถูกขโมยหรือเข้าถึงโดยไม่ได้รับอนุญาต
473,5,Domain 5: Security Operations,What does 'Encryption in Transit' mean?,'Encryption in Transit' หมายถึงอะไร?,"A. Encrypting data stored on a disk | B. Encrypting data while it is being transmitted across a network from one point to another, e.g. via TLS/SSL | C. Encrypting backup data | D. Encrypting passwords in a database",A. การเข้ารหัสข้อมูลที่จัดเก็บบนดิสก์ | B. การเข้ารหัสข้อมูลขณะกำลังถูกส่งผ่านเครือข่ายจากจุดหนึ่งไปยังอีกจุดหนึ่ง เช่น ผ่าน TLS/SSL | C. การเข้ารหัสข้อมูลสำรอง | D. การเข้ารหัสรหัสผ่านในฐานข้อมูล,B,Encryption in Transit protects data while it travels across a network - for example using HTTPS/TLS - to prevent eavesdropping or tampering during transmission.,Encryption in Transit คือการเข้ารหัสข้อมูลขณะกำลังเดินทางผ่านเครือข่าย เช่น การใช้ HTTPS/TLS เพื่อป้องกันการดักฟังหรือแก้ไขข้อมูลระหว่างการส่ง
474,5,Domain 5: Security Operations,What is the difference between 'Symmetric Encryption' and 'Asymmetric Encryption'?,ความแตกต่างระหว่าง 'Symmetric Encryption' และ 'Asymmetric Encryption' คืออะไร?,"A. Symmetric uses the same key for both encryption and decryption, while Asymmetric uses a key pair (public/private) | B. Symmetric uses a key pair while Asymmetric uses a single key | C. There is no difference between the two | D. Asymmetric is always faster than Symmetric",A. Symmetric ใช้กุญแจเดียวกันทั้งเข้ารหัสและถอดรหัส ส่วน Asymmetric ใช้กุญแจคู่ (Public/Private Key) | B. Symmetric ใช้กุญแจคู่ ส่วน Asymmetric ใช้กุญแจเดียว | C. ทั้งสองแบบไม่มีความแตกต่างกัน | D. Asymmetric เร็วกว่า Symmetric เสมอ,A,Symmetric Encryption uses one shared secret key for both encrypting and decrypting (e.g. AES) - faster but requires securely sharing the key. Asymmetric Encryption uses a public/private key pair (e.g. RSA) - slower but avoids the need to share a secret key.,Symmetric Encryption ใช้กุญแจลับเดียวกันทั้งการเข้ารหัสและถอดรหัส (เช่น AES) ซึ่งเร็วกว่าแต่ต้องแชร์กุญแจอย่างปลอดภัย ส่วน Asymmetric Encryption ใช้กุญแจคู่ Public Key และ Private Key (เช่น RSA) ซึ่งช้ากว่าแต่ไม่ต้องแชร์กุญแจลับ
475,5,Domain 5: Security Operations,How does 'Hashing' differ from 'Encryption'?,'Hashing' แตกต่างจาก 'Encryption' อย่างไร?,"A. Hashing is a one-way process that cannot be reversed to the original data and is used to verify integrity, while Encryption can be decrypted back to the original with the correct key | B. The two are identical and always interchangeable | C. Hashing only works on images | D. Encryption can never be reversed at all",A. Hashing เป็นกระบวนการทางเดียว (One-way) ที่ไม่สามารถถอดกลับเป็นข้อมูลเดิมได้ ใช้เพื่อตรวจสอบความถูกต้อง ส่วน Encryption สามารถถอดรหัสกลับเป็นข้อมูลเดิมได้หากมีกุญแจที่ถูกต้อง | B. ทั้งสองแบบเหมือนกันทุกประการและใช้แทนกันได้เสมอ | C. Hashing ใช้เฉพาะกับรูปภาพเท่านั้น | D. Encryption ไม่สามารถถอดรหัสกลับได้เลย,A,"Hashing is a one-way function that converts data into a fixed-length value used to verify data integrity - it cannot be reversed to recover the original data, unlike Encryption which is designed to be decrypted back with the correct key.",Hashing เป็นฟังก์ชันทางเดียวที่แปลงข้อมูลเป็นค่าความยาวคงที่ (Hash Value) เพื่อตรวจสอบความถูกต้องครบถ้วนของข้อมูล ไม่สามารถย้อนกลับเป็นข้อมูลต้นฉบับได้ ต่างจาก Encryption ที่ออกแบบมาให้ถอดรหัสกลับได้เมื่อมีกุญแจที่ถูกต้อง
476,5,Domain 5: Security Operations,What key topic should 'Security Awareness Training' cover to reduce the risk of Social Engineering?,'Security Awareness Training' ควรครอบคลุมหัวข้อใดเป็นสำคัญเพื่อลดความเสี่ยงจาก Social Engineering?,A. Advanced programming | B. Recognizing and being cautious of phishing and various social engineering tactics | C. Computer hardware repair | D. Project management,A. การเขียนโปรแกรมขั้นสูง | B. การรู้จักและระวังภัยฟิชชิ่ง (Phishing) และกลลวงทางวิศวกรรมสังคมรูปแบบต่างๆ | C. การซ่อมแซมฮาร์ดแวร์คอมพิวเตอร์ | D. การบริหารจัดการโครงการ,B,"Since phishing and social engineering are among the most common attack vectors, training should focus on helping employees recognize the warning signs of deceptive emails or messages to reduce the risk of being tricked into revealing sensitive information.",เนื่องจากฟิชชิ่งและ Social Engineering เป็นช่องทางโจมตีที่พบบ่อยที่สุด การฝึกอบรมจึงควรเน้นให้พนักงานรู้จักสังเกตสัญญาณของอีเมลหรือข้อความหลอกลวง เพื่อลดความเสี่ยงจากการถูกหลอกให้เปิดเผยข้อมูลสำคัญ
477,5,Domain 5: Security Operations,Why is a 'Data Retention Policy' important to security operations?,'Data Retention Policy' มีความสำคัญอย่างไรต่อการดำเนินงานด้านความปลอดภัย?,"A. It defines how long different types of data must be kept and how to destroy it when no longer needed, ensuring legal compliance and reducing risk | B. It provides unlimited storage space | C. It makes data access faster | D. It has no impact on legal compliance",A. กำหนดระยะเวลาที่ต้องเก็บรักษาข้อมูลประเภทต่างๆ และวิธีการทำลายข้อมูลเมื่อหมดความจำเป็น เพื่อให้สอดคล้องกับกฎหมายและลดความเสี่ยง | B. เพิ่มพื้นที่จัดเก็บข้อมูลไม่จำกัด | C. ทำให้ข้อมูลเข้าถึงได้เร็วขึ้น | D. ไม่มีผลต่อการปฏิบัติตามกฎหมาย,A,"A Data Retention Policy defines how long each category of data must be kept and how to securely destroy it once no longer needed, ensuring compliance with legal requirements and reducing the risk of holding unnecessary data.",Data Retention Policy กำหนดระยะเวลาที่องค์กรต้องเก็บรักษาข้อมูลแต่ละประเภท และวิธีการทำลายข้อมูลอย่างปลอดภัยเมื่อหมดความจำเป็น เพื่อให้สอดคล้องกับข้อกำหนดทางกฎหมายและลดความเสี่ยงจากการเก็บข้อมูลเกินความจำเป็น
478,5,Domain 5: Security Operations,What is the purpose of 'Media Sanitization' (secure destruction of storage media)?,'Media Sanitization' หรือการทำลายสื่อบันทึกข้อมูลอย่างปลอดภัย มีวัตถุประสงค์เพื่ออะไร?,A. To increase hard disk capacity | B. To ensure data stored on media cannot be recovered before the media is disposed of or reused | C. To increase data read speed | D. To back up data before destruction,A. เพิ่มความจุของฮาร์ดดิสก์ | B. ทำให้ข้อมูลที่จัดเก็บไว้ในสื่อไม่สามารถกู้คืนได้ ก่อนนำสื่อไปกำจัดทิ้งหรือนำกลับมาใช้ใหม่ | C. เพิ่มความเร็วในการอ่านข้อมูล | D. สำรองข้อมูลก่อนทำลาย,B,"Media Sanitization is the process of erasing or destroying data on storage media (e.g., via degaussing or physical destruction) to ensure sensitive data cannot be recovered when the media is disposed of or repurposed.",Media Sanitization คือกระบวนการลบหรือทำลายข้อมูลบนสื่อบันทึกข้อมูล (เช่น การ Degauss หรือ Physical Destruction) เพื่อป้องกันไม่ให้ข้อมูลที่อ่อนไหวถูกกู้คืนได้เมื่อสื่อนั้นถูกนำไปทิ้งหรือนำกลับมาใช้ใหม่
479,5,Domain 5: Security Operations,What is the benefit of 'Monitoring' and Continuous Log Monitoring?,'Monitoring' และการตรวจสอบ Log อย่างต่อเนื่อง (Continuous Monitoring) มีประโยชน์อย่างไร?,"A. It helps detect abnormal behavior or attack signals quickly, reducing the time between an incident occurring and being detected | B. It increases network speed | C. It reduces the total number of employees needed | D. It has no direct effect on security",A. ช่วยตรวจจับพฤติกรรมผิดปกติหรือสัญญาณการโจมตีได้อย่างรวดเร็ว ลดระยะเวลาระหว่างการเกิดเหตุการณ์กับการตรวจพบ | B. เพิ่มความเร็วของเครือข่าย | C. ลดจำนวนพนักงานที่ต้องใช้ทั้งหมด | D. ไม่มีผลต่อความปลอดภัยโดยตรง,A,"Continuous monitoring helps security teams quickly detect abnormal behavior or attack indicators, reducing 'dwell time' - the period an attacker remains undetected in a system.",การตรวจสอบอย่างต่อเนื่องช่วยให้ทีมความปลอดภัยตรวจพบพฤติกรรมผิดปกติหรือสัญญาณบ่งชี้การโจมตีได้อย่างรวดเร็ว ลดเวลาที่เรียกว่า 'Dwell Time' หรือช่วงเวลาที่ผู้โจมตีอยู่ในระบบโดยไม่ถูกตรวจพบ
480,5,Domain 5: Security Operations,How does 'Job Rotation' help as a security measure?,'Job Rotation' เป็นมาตรการด้านความปลอดภัยที่ช่วยอะไร?,"A. It increases employee salaries | B. It reduces the risk of hidden fraud or wrongdoing, since rotating duties gives others the opportunity to notice irregularities | C. It reduces the number of employees needed | D. It speeds up data processing",A. เพิ่มเงินเดือนพนักงาน | B. ลดความเสี่ยงจากการทุจริตหรือการกระทำผิดที่ซ่อนเร้น โดยการหมุนเวียนหน้าที่ทำให้ผู้อื่นมีโอกาสตรวจพบความผิดปกติ | C. ลดจำนวนพนักงานที่ต้องจ้าง | D. เพิ่มความเร็วในการประมวลผลข้อมูล,B,"Job Rotation periodically moves employees between duties, reducing the risk that any one person retains sole control over a critical process for too long, and increasing the chance that fraud or errors get noticed by someone else.",Job Rotation คือการหมุนเวียนพนักงานให้ทำหน้าที่ต่างๆ เป็นระยะ ซึ่งช่วยลดความเสี่ยงที่บุคคลใดบุคคลหนึ่งจะควบคุมกระบวนการสำคัญไว้คนเดียวเป็นเวลานาน และเพิ่มโอกาสตรวจพบการทุจริตหรือข้อผิดพลาดที่ซ่อนเร้น
481,5,Domain 5: Security Operations,What type of control is 'Mandatory Vacation' and what benefit does it provide?,'Mandatory Vacation' เป็นมาตรการควบคุมประเภทใดและมีประโยชน์อย่างไร?,"A. Purely a benefits perk, unrelated to security | B. A control that requires employees to take continuous leave, giving others the opportunity to detect fraud or irregularities the employee may have concealed | C. Used only to reduce labor costs | D. A substitute for background checks",A. เป็นมาตรการด้านสวัสดิการเท่านั้น ไม่เกี่ยวข้องกับความปลอดภัย | B. เป็นมาตรการควบคุมที่บังคับให้พนักงานลาพักร้อนต่อเนื่อง เพื่อเปิดโอกาสให้ผู้อื่นตรวจพบการทุจริตหรือความผิดปกติที่พนักงานอาจปกปิดไว้ | C. ใช้เพื่อลดต้นทุนแรงงานเท่านั้น | D. ใช้แทนการทำ Background Check,B,"Mandatory Vacation forces employees to take continuous time off, during which someone else covers their duties - creating an opportunity to detect fraud or irregularities the original employee may have been concealing.",Mandatory Vacation บังคับให้พนักงานลาพักร้อนต่อเนื่องเป็นระยะเวลาหนึ่ง ในช่วงนั้นบุคคลอื่นจะเข้ามาทำหน้าที่แทน ซึ่งเปิดโอกาสให้ตรวจพบการทุจริตหรือความผิดปกติที่พนักงานคนเดิมอาจปกปิดไว้ระหว่างปฏิบัติงาน
482,5,Domain 5: Security Operations,How does 'Vulnerability Scanning' differ from 'Penetration Testing'?,'Vulnerability Scanning' แตกต่างจาก 'Penetration Testing' อย่างไร?,"A. Vulnerability Scanning automatically scans for known vulnerabilities, while Penetration Testing simulates a real attack to prove whether a vulnerability can actually be exploited | B. The two are identical in every way | C. Vulnerability Scanning can only be performed by senior experts | D. Penetration Testing uses only automated tools",A. Vulnerability Scanning เป็นการสแกนหาช่องโหว่ที่ทราบอยู่แล้วโดยอัตโนมัติ ส่วน Penetration Testing เป็นการจำลองการโจมตีจริงเพื่อพิสูจน์ว่าช่องโหว่นั้นสามารถถูกใช้ประโยชน์ได้จริงหรือไม่ | B. ทั้งสองแบบเหมือนกันทุกประการ | C. Vulnerability Scanning ทำได้เฉพาะผู้เชี่ยวชาญระดับสูงเท่านั้น | D. Penetration Testing ใช้เครื่องมืออัตโนมัติเพียงอย่างเดียว,A,"Vulnerability Scanning uses automated tools to find known weaknesses in a system, while Penetration Testing is a deeper, expert-led test that actively attempts to exploit those weaknesses to prove real-world impact.",Vulnerability Scanning ใช้เครื่องมืออัตโนมัติสแกนหาช่องโหว่ที่ทราบอยู่แล้วในระบบ ในขณะที่ Penetration Testing เป็นการทดสอบเชิงลึกที่จำลองการโจมตีจริงโดยผู้เชี่ยวชาญ เพื่อพิสูจน์ว่าช่องโหว่ที่พบสามารถถูกใช้ประโยชน์ (Exploit) ได้จริงหรือไม่ และประเมินผลกระทบที่แท้จริง
483,5,Domain 5: Security Operations,Why is periodically testing a backup plan important?,เหตุใดการทดสอบ (Testing) แผนสำรองข้อมูล (Backup) เป็นระยะจึงมีความสำคัญ?,A. To ensure backup files can actually be restored and the data is not corrupted - not just that backup files exist | B. To reduce backup file size | C. To increase backup speed | D. It's unnecessary if backups run regularly,A. เพื่อให้แน่ใจว่าไฟล์แบ็กอัพสามารถกู้คืนได้จริงและข้อมูลไม่เสียหาย ไม่ใช่แค่มีไฟล์แบ็กอัพอยู่เท่านั้น | B. เพื่อลดขนาดไฟล์แบ็กอัพ | C. เพื่อเพิ่มความเร็วในการสำรองข้อมูล | D. ไม่มีความจำเป็นหากมีการสำรองข้อมูลเป็นประจำ,A,"Simply having backup files doesn't guarantee successful data recovery. Periodic restore testing confirms the backup process actually works and the data is intact, before you're forced to rely on it during a real incident.",การมีไฟล์แบ็กอัพไม่ได้รับประกันว่าจะสามารถกู้คืนข้อมูลได้สำเร็จ การทดสอบกู้คืน (Restore Testing) เป็นระยะช่วยยืนยันว่ากระบวนการสำรองข้อมูลทำงานถูกต้องและข้อมูลไม่เสียหาย ก่อนที่จะเกิดเหตุการณ์จริงที่ต้องพึ่งพาแบ็กอัพนั้น
484,1,Domain 1: Security Principles,A company encrypts customer records so that only authorized staff can read them. Which principle of the CIA Triad does this MOST directly protect?,บริษัทเข้ารหัสข้อมูลลูกค้าเพื่อให้เฉพาะพนักงานที่ได้รับอนุญาตเท่านั้นที่สามารถอ่านได้ การกระทำนี้ปกป้องหลักการใดของ CIA Triad โดยตรงที่สุด?,A. Availability | B. Integrity | C. Non-repudiation | D. Confidentiality,A. Availability | B. Integrity | C. Non-repudiation | D. Confidentiality,D,"Encrypting data so unauthorized parties cannot read it directly protects Confidentiality, one of the three pillars of the CIA Triad. Integrity relates to data accuracy, and Availability relates to timely access.",การเข้ารหัสข้อมูลเพื่อไม่ให้ผู้ที่ไม่ได้รับอนุญาตอ่านได้ เป็นการปกป้อง Confidentiality (การรักษาความลับ) ซึ่งเป็นหนึ่งในสามเสาหลักของ CIA Triad โดยตรง ส่วน Integrity เกี่ยวกับความถูกต้องครบถ้วนของข้อมูล และ Availability เกี่ยวกับความพร้อมใช้งาน
485,1,Domain 1: Security Principles,"A hospital's patient record system must remain accessible to doctors during an emergency, even during a power outage. Which CIA Triad principle is the hospital primarily addressing by installing backup generators?",ระบบเวชระเบียนของโรงพยาบาลต้องพร้อมให้แพทย์เข้าถึงได้ในกรณีฉุกเฉิน แม้ในระหว่างไฟฟ้าดับ การติดตั้งเครื่องปั่นไฟสำรองของโรงพยาบาลเป็นการมุ่งเน้นหลักการใดของ CIA Triad เป็นหลัก?,A. Accountability | B. Integrity | C. Availability | D. Confidentiality,A. Accountability | B. Integrity | C. Availability | D. Confidentiality,C,"The system's ability to continue providing service despite a disruption, such as a power outage, addresses Availability. Backup generators are a measure specifically designed to maintain system availability.",ความสามารถของระบบในการให้บริการได้อย่างต่อเนื่องแม้เกิดเหตุขัดข้อง เช่น ไฟฟ้าดับ คือหลัก Availability (ความพร้อมใช้งาน) เครื่องปั่นไฟสำรองเป็นมาตรการที่ออกแบบมาเพื่อรักษาความพร้อมใช้งานของระบบโดยเฉพาะ
486,1,Domain 1: Security Principles,A file's hash value is checked before and after transmission to ensure it was not altered in transit. This process supports which security principle?,ค่าแฮชของไฟล์ถูกตรวจสอบก่อนและหลังการส่งข้อมูล เพื่อรับประกันว่าไม่ถูกแก้ไขระหว่างทาง กระบวนการนี้สนับสนุนหลักการความปลอดภัยใด?,A. Confidentiality | B. Authorization | C. Availability | D. Integrity,A. Confidentiality | B. Authorization | C. Availability | D. Integrity,D,Checking a hash value before and after transmission to confirm data wasn't altered protects Integrity. A changed hash value indicates the data was tampered with.,การตรวจสอบค่าแฮชก่อนและหลังการส่งข้อมูลเพื่อยืนยันว่าข้อมูลไม่ถูกแก้ไขระหว่างทาง เป็นการปกป้อง Integrity (ความถูกต้องครบถ้วนของข้อมูล) ค่าแฮชที่เปลี่ยนไปจะบ่งชี้ว่าข้อมูลถูกดัดแปลง
487,1,Domain 1: Security Principles,Which term BEST describes a weakness in a system that could be exploited by a threat actor?,คำใดอธิบายจุดอ่อนในระบบที่อาจถูกผู้ไม่หวังดีใช้ประโยชน์ได้ดีที่สุด?,A. Risk | B. Threat | C. Vulnerability | D. Exposure,A. Risk | B. Threat | C. Vulnerability | D. Exposure,C,"A Vulnerability is a weakness in a system that could be exploited by a bad actor. A Threat is the potential source of harm (e.g., a hacker), and Risk is the likelihood a Threat will exploit a Vulnerability and cause damage.",Vulnerability (ช่องโหว่) คือจุดอ่อนในระบบที่อาจถูกผู้ไม่หวังดีใช้ประโยชน์ ส่วน Threat คือสิ่งที่อาจก่อให้เกิดอันตราย (เช่น แฮกเกอร์) และ Risk คือความเป็นไปได้ที่ Threat จะใช้ประโยชน์จาก Vulnerability จนเกิดความเสียหาย
488,1,Domain 1: Security Principles,"An organization decides that the cost of protecting a low-value asset exceeds the potential loss, and therefore takes no further action against a minor risk. Which risk treatment strategy is this?",องค์กรตัดสินใจว่าค่าใช้จ่ายในการปกป้องทรัพย์สินที่มีมูลค่าต่ำสูงกว่าความเสียหายที่อาจเกิดขึ้น จึงไม่ดำเนินการเพิ่มเติมกับความเสี่ยงเล็กน้อยนี้ นี่คือกลยุทธ์การจัดการความเสี่ยงแบบใด?,A. Risk avoidance | B. Risk transference | C. Risk mitigation | D. Risk acceptance,A. Risk avoidance | B. Risk transference | C. Risk mitigation | D. Risk acceptance,D,"Taking no further action because the cost of protection exceeds the potential loss is Risk Acceptance, distinct from Mitigation (reducing risk) or Transference (shifting risk to a third party, e.g. via insurance).",การยอมรับความเสี่ยงโดยไม่ดำเนินการเพิ่มเติม เพราะต้นทุนในการป้องกันสูงกว่ามูลค่าความเสียหายที่อาจเกิดขึ้น คือ Risk Acceptance (การยอมรับความเสี่ยง) ต่างจาก Mitigation ที่ลดความเสี่ยง หรือ Transference ที่โอนความเสี่ยงไปยังบุคคลที่สาม เช่น การซื้อประกันภัย
489,1,Domain 1: Security Principles,A company purchases cybersecurity insurance to help cover the cost of a potential data breach. Which risk treatment strategy does this represent?,บริษัทซื้อประกันภัยไซเบอร์เพื่อช่วยครอบคลุมค่าใช้จ่ายจากการรั่วไหลของข้อมูลที่อาจเกิดขึ้น นี่คือกลยุทธ์การจัดการความเสี่ยงแบบใด?,A. Risk avoidance | B. Risk mitigation | C. Risk acceptance | D. Risk transference,A. Risk avoidance | B. Risk mitigation | C. Risk acceptance | D. Risk transference,D,"Purchasing insurance transfers the financial burden of a risk to a third party (the insurer), making this Risk Transference. The organization still bears the risk, but some of the financial impact is shifted away.",การซื้อประกันภัยเป็นการโอนภาระทางการเงินของความเสี่ยงไปให้บุคคลที่สาม (บริษัทประกัน) จึงเป็น Risk Transference (การโอนความเสี่ยง) องค์กรยังคงมีความเสี่ยงอยู่ แต่ผลกระทบทางการเงินบางส่วนถูกโอนออกไป
490,1,Domain 1: Security Principles,Which type of security control is a security awareness training program considered?,โปรแกรมฝึกอบรมสร้างความตระหนักด้านความปลอดภัยถือเป็นการควบคุมความปลอดภัยประเภทใด?,A. Physical control | B. Technical control | C. Administrative control | D. Corrective control,A. Physical control | B. Technical control | C. Administrative control | D. Corrective control,C,"Security awareness training is a policy/process an organization establishes to guide employee behavior, making it an Administrative Control - distinct from Technical Controls (e.g., firewalls) or Physical Controls (e.g., cameras).",การฝึกอบรมสร้างความตระหนักด้านความปลอดภัยเป็นนโยบายและกระบวนการที่องค์กรกำหนดขึ้นเพื่อกำกับพฤติกรรมของพนักงาน จึงจัดเป็น Administrative Control (การควบคุมเชิงบริหาร) ต่างจาก Technical Control ซึ่งเป็นเทคโนโลยี เช่น ไฟร์วอลล์ หรือ Physical Control เช่น กล้องวงจรปิด
491,1,Domain 1: Security Principles,A security guard checking ID badges at a building entrance is an example of which type of control?,เจ้าหน้าที่รักษาความปลอดภัยที่ตรวจบัตรพนักงานที่ทางเข้าอาคารเป็นตัวอย่างของการควบคุมประเภทใด?,A. Technical control | B. Detective control | C. Physical control | D. Administrative control,A. Technical control | B. Detective control | C. Physical control | D. Administrative control,C,"A security guard physically checking ID badges at a building entrance is a tangible physical measure, making it a Physical Control used to prevent unauthorized entry.",การ์ดรักษาความปลอดภัยที่ตรวจบัตรพนักงานที่ทางเข้าอาคารเป็นมาตรการที่จับต้องได้ทางกายภาพ จึงจัดเป็น Physical Control (การควบคุมทางกายภาพ) ซึ่งใช้ป้องกันการเข้าถึงสถานที่โดยไม่ได้รับอนุญาต
492,1,Domain 1: Security Principles,"Which document provides high-level, mandatory statements of management intent regarding security, without specifying technical detail?",เอกสารประเภทใดที่ให้คำแถลงระดับสูงและมีข้อบังคับเกี่ยวกับเจตนารมณ์ของฝ่ายบริหารด้านความปลอดภัย โดยไม่ระบุรายละเอียดทางเทคนิค?,A. Policy | B. Procedure | C. Standard | D. Guideline,A. Policy | B. Procedure | C. Standard | D. Guideline,A,"A Policy is a high-level document expressing management's intent and is mandatory, but does not specify technical detail. A Standard sets specific practical rules, a Procedure gives step-by-step instructions, and a Guideline is non-mandatory advice.",Policy (นโยบาย) คือเอกสารระดับสูงที่ระบุเจตนารมณ์ของฝ่ายบริหารและเป็นข้อบังคับ แต่ไม่ได้ลงรายละเอียดทางเทคนิค ส่วน Standard กำหนดกฎเกณฑ์เชิงปฏิบัติที่ชัดเจน และ Procedure ให้ขั้นตอนทำทีละขั้น ในขณะที่ Guideline เป็นเพียงคำแนะนำที่ไม่บังคับ
493,1,Domain 1: Security Principles,An organization takes reasonable steps to investigate and understand risks before making a business decision. This concept is known as:,องค์กรดำเนินการตามขั้นตอนที่สมเหตุสมผลเพื่อตรวจสอบและทำความเข้าใจความเสี่ยงก่อนตัดสินใจทางธุรกิจ แนวคิดนี้เรียกว่าอะไร?,A. Risk acceptance | B. Negligence | C. Due diligence | D. Due care,A. Risk acceptance | B. Negligence | C. Due diligence | D. Due care,C,"Due Diligence is the careful investigation and study of risks before making a decision, such as assessing risk before an investment or contract. Due Care is the continuous action taken to maintain appropriate security standards after risks are known.",Due Diligence คือการตรวจสอบและศึกษาความเสี่ยงอย่างรอบคอบก่อนตัดสินใจ เช่น การประเมินความเสี่ยงก่อนลงทุนหรือทำสัญญา ส่วน Due Care คือการดำเนินการอย่างต่อเนื่องเพื่อรักษามาตรฐานความปลอดภัยที่เหมาะสมหลังจากรู้ถึงความเสี่ยงแล้ว
494,1,Domain 1: Security Principles,"According to the (ISC)² Code of Ethics, which canon takes the HIGHEST priority when in conflict with other canons?",ตามหลัก (ISC)² Code of Ethics ข้อบังคับใดมีความสำคัญสูงสุดเมื่อเกิดความขัดแย้งกับข้อบังคับอื่น?,"A. Provide diligent and competent service to principals | B. Act honorably, honestly, justly, responsibly, and legally | C. Advance and protect the profession | D. Protect society, the common good, necessary public trust and confidence, and the infrastructure","A. Provide diligent and competent service to principals | B. Act honorably, honestly, justly, responsibly, and legally | C. Advance and protect the profession | D. Protect society, the common good, necessary public trust and confidence, and the infrastructure",D,"The (ISC)² Code of Ethics has four canons ranked in priority order. The first - 'Protect society, the common good, necessary public trust and confidence, and the infrastructure' - always takes highest priority when in conflict with the others, since societal impact outweighs any individual or organizational interest.",จรรยาบรรณของ (ISC)² มี 4 ข้อ (Canon) โดยเรียงลำดับความสำคัญจากบนลงล่าง ข้อแรก 'ปกป้องสังคม ผลประโยชน์ส่วนรวม ความไว้วางใจสาธารณะ และโครงสร้างพื้นฐาน' มีความสำคัญสูงสุดเสมอเมื่อเกิดความขัดแย้งกับข้ออื่น เนื่องจากผลกระทบต่อสังคมโดยรวมสำคัญกว่าผลประโยชน์ของบุคคลหรือองค์กรใดองค์กรหนึ่ง
495,1,Domain 1: Security Principles,Which of the following is an example of a deterrent control?,ข้อใดเป็นตัวอย่างของ deterrent control?,A. A backup restoring lost data after an incident | B. A firewall that blocks unauthorized traffic | C. An intrusion detection system that logs an attack | D. A visible warning sign stating the area is under video surveillance,A. การกู้คืนข้อมูลที่สูญหายจากแบ็กอัพหลังเกิดเหตุการณ์ | B. ไฟร์วอลล์ที่บล็อกทราฟฟิกที่ไม่ได้รับอนุญาต | C. ระบบตรวจจับการบุกรุกที่บันทึกการโจมตี | D. ป้ายเตือนที่มองเห็นได้ชัดเจนระบุว่าพื้นที่นี้อยู่ภายใต้การเฝ้าระวังด้วยกล้องวงจรปิด,D,"A Deterrent Control aims to discourage a bad actor from acting in the first place. A visible CCTV warning sign is a clear example - it doesn't directly prevent access technically but makes a would-be wrongdoer hesitant, unlike a firewall which is a Preventive Control.",Deterrent Control (การควบคุมเชิงยับยั้ง) มีจุดประสงค์เพื่อทำให้ผู้ไม่หวังดีเปลี่ยนใจไม่ก่อเหตุตั้งแต่แรก ป้ายเตือนว่ามีกล้องวงจรปิดเป็นตัวอย่างที่ชัดเจน เพราะไม่ได้ป้องกันทางเทคนิคโดยตรงแต่ทำให้ผู้ประสงค์ร้ายลังเลที่จะกระทำผิด ต่างจากไฟร์วอลล์ซึ่งเป็น Preventive Control
496,2,"Domain 2: Business Continuity, Disaster Recovery, and Incident Response",Which document identifies an organization's critical business functions and the impact of their disruption over time?,เอกสารใดระบุฟังก์ชันทางธุรกิจที่สำคัญขององค์กรและผลกระทบจากการหยุดชะงักตามช่วงเวลา?,A. Incident Response Plan (IRP) | B. Business Continuity Plan (BCP) | C. Business Impact Analysis (BIA) | D. Disaster Recovery Plan (DRP),A. Incident Response Plan (IRP) | B. Business Continuity Plan (BCP) | C. Business Impact Analysis (BIA) | D. Disaster Recovery Plan (DRP),C,A Business Impact Analysis (BIA) identifies an organization's critical business functions and assesses the impact of their disruption over time.,Business Impact Analysis (BIA) คือกระบวนการวิเคราะห์เพื่อระบุฟังก์ชันทางธุรกิจที่สำคัญ และประเมินผลกระทบที่จะเกิดขึ้นหากฟังก์ชันเหล่านั้นหยุดชะงักไปตามช่วงเวลา
497,2,"Domain 2: Business Continuity, Disaster Recovery, and Incident Response",What does Recovery Time Objective (RTO) measure?,Recovery Time Objective (RTO) วัดอะไร?,A. The total cost of a disaster recovery solution | B. The time needed to train staff on the recovery plan | C. The maximum acceptable amount of data loss measured in time | D. The maximum acceptable time a system or process can be down before causing unacceptable harm,A. ต้นทุนรวมของโซลูชัน disaster recovery | B. ระยะเวลาที่ใช้ฝึกอบรมพนักงานเกี่ยวกับแผนกู้คืน | C. ปริมาณข้อมูลสูญเสียสูงสุดที่ยอมรับได้ วัดเป็นเวลา | D. ระยะเวลาสูงสุดที่ยอมรับได้ที่ระบบหรือกระบวนการหยุดทำงานก่อนก่อให้เกิดความเสียหายที่ยอมรับไม่ได้,D,RTO measures the maximum acceptable time a system or process can be down before causing unacceptable harm to the organization.,RTO (Recovery Time Objective) คือระยะเวลาสูงสุดที่ระบบหรือกระบวนการสามารถหยุดทำงานได้ก่อนที่จะสร้างความเสียหายที่ยอมรับไม่ได้ต่อองค์กร
498,2,"Domain 2: Business Continuity, Disaster Recovery, and Incident Response",A company's RPO is 1 hour. What does this mean for the organization's backup strategy?,RPO ของบริษัทคือ 1 ชั่วโมง สิ่งนี้หมายความว่าอย่างไรต่อกลยุทธ์การสำรองข้อมูลขององค์กร?,A. Backups must run at least every hour so that no more than 1 hour of data is lost | B. The system must be restored within 1 hour of an outage | C. Staff must be trained on recovery procedures within 1 hour | D. The company can tolerate up to 1 hour of downtime per year,A. ต้องสำรองข้อมูลอย่างน้อยทุกชั่วโมง เพื่อไม่ให้สูญเสียข้อมูลเกิน 1 ชั่วโมง | B. ต้องกู้คืนระบบภายใน 1 ชั่วโมงหลังเกิดเหตุขัดข้อง | C. ต้องฝึกอบรมพนักงานเกี่ยวกับขั้นตอนการกู้คืนภายใน 1 ชั่วโมง | D. บริษัทสามารถทนต่อการหยุดทำงานได้สูงสุด 1 ชั่วโมงต่อปี,A,"An RPO of 1 hour means backups must run at least every hour, so that no more than 1 hour of data would be lost in the event of an outage.",RPO 1 ชั่วโมง หมายความว่าองค์กรยอมรับการสูญเสียข้อมูลได้ไม่เกิน 1 ชั่วโมง ดังนั้นต้องมีการสำรองข้อมูล (backup) อย่างน้อยทุก 1 ชั่วโมง
499,2,"Domain 2: Business Continuity, Disaster Recovery, and Incident Response",Which disaster recovery site option has hardware and network connectivity pre-installed but requires data to be restored and systems configured before becoming operational?,ตัวเลือกไซต์ Disaster Recovery ใดที่มีฮาร์ดแวร์และการเชื่อมต่อเครือข่ายติดตั้งไว้ล่วงหน้า แต่ยังต้องกู้คืนข้อมูลและตั้งค่าระบบก่อนจึงจะใช้งานได้?,A. Mobile site | B. Warm site | C. Cold site | D. Hot site,A. Mobile site | B. Warm site | C. Cold site | D. Hot site,B,"A Warm site has hardware and network connectivity pre-installed, but data must still be restored and systems configured before it becomes fully operational.",Warm Site คือศูนย์สำรองที่มีการติดตั้งฮาร์ดแวร์และการเชื่อมต่อเครือข่ายไว้ล่วงหน้าแล้ว แต่ยังต้องกู้คืนข้อมูลและตั้งค่าระบบก่อนจึงจะใช้งานได้จริง
500,2,"Domain 2: Business Continuity, Disaster Recovery, and Incident Response","During an active security incident, which phase of the incident response process focuses on limiting the scope and impact of the incident?",ในระหว่างเหตุการณ์ความปลอดภัยที่กำลังเกิดขึ้น ขั้นตอนใดของกระบวนการตอบสนองต่อเหตุการณ์ที่เน้นการจำกัดขอบเขตและผลกระทบของเหตุการณ์?,A. Preparation | B. Lessons Learned | C. Identification | D. Containment (Mitigation),A. Preparation | B. Lessons Learned | C. Identification | D. Containment (Mitigation),D,"The Containment (Mitigation) phase focuses on limiting the scope and impact of an active incident, such as disconnecting an infected machine from the network.",ขั้นตอน Containment หรือ Mitigation คือการจำกัดขอบเขตและผลกระทบของเหตุการณ์ไม่ให้ลุกลามต่อไป เช่น การตัดการเชื่อมต่อเครื่องที่ติดมัลแวร์ออกจากเครือข่าย
501,2,"Domain 2: Business Continuity, Disaster Recovery, and Incident Response","After an incident has been fully resolved and systems restored, which activity helps the organization improve its future response capability?",หลังจากเหตุการณ์ได้รับการแก้ไขอย่างสมบูรณ์และระบบถูกกู้คืนแล้ว กิจกรรมใดช่วยให้องค์กรพัฒนาความสามารถในการตอบสนองในอนาคต?,A. Immediately deleting all incident-related logs | B. Disabling the incident response team | C. Conducting a lessons-learned (post-incident) review | D. Notifying only senior executives,A. ลบบันทึกที่เกี่ยวข้องกับเหตุการณ์ทั้งหมดทันที | B. ยุบทีมตอบสนองต่อเหตุการณ์ | C. ทำการทบทวนบทเรียนที่ได้ (post-incident review) | D. แจ้งเฉพาะผู้บริหารระดับสูงเท่านั้น,C,"Conducting a lessons-learned (post-incident) review is the final step of incident response, where the team analyzes what happened and how to improve future response.",การทบทวนบทเรียนหลังเหตุการณ์ (Lessons Learned / Post-Incident Review) เป็นขั้นตอนสุดท้ายของกระบวนการตอบสนองเหตุการณ์ โดยทีมงานจะวิเคราะห์ว่าเกิดอะไรขึ้นและจะปรับปรุงการตอบสนองในอนาคตอย่างไร
502,3,Domain 3: Access Controls Concepts,Which of the following BEST describes 'Identification' in the context of the IAAA model?,ข้อใดอธิบาย 'Identification' ในบริบทของโมเดล IAAA ได้ดีที่สุด?,"A. A system records what a user did after logging in | B. A system determines what resources a user can access | C. A user proves their identity using a password | D. A user claims an identity, such as by entering a username",A. ระบบบันทึกสิ่งที่ผู้ใช้ทำหลังจากล็อกอิน | B. ระบบกำหนดว่าผู้ใช้สามารถเข้าถึงทรัพยากรใดได้บ้าง | C. ผู้ใช้พิสูจน์ตัวตนของตนโดยใช้รหัสผ่าน | D. ผู้ใช้อ้างสิทธิ์ตัวตน เช่น การพิมพ์ชื่อผู้ใช้,D,Identification is the step where a user 'claims' an identity - such as typing in a username - which is not yet proof of identity. Actual proof (such as entering a password) is the Authentication step that follows.,Identification คือขั้นตอนที่ผู้ใช้ 'อ้าง' ตัวตนของตนเอง เช่น การพิมพ์ชื่อผู้ใช้ (username) ยังไม่ใช่การพิสูจน์ตัวตน ส่วนการพิสูจน์ตัวตนจริง (เช่น การใส่รหัสผ่าน) คือขั้นตอน Authentication ซึ่งเกิดขึ้นถัดไป
503,3,Domain 3: Access Controls Concepts,Which authentication factor category does a fingerprint scan belong to?,การสแกนลายนิ้วมือจัดอยู่ในหมวดปัจจัยการยืนยันตัวตนใด?,A. Something you are | B. Something you know | C. Something you have | D. Somewhere you are,A. Something you are | B. Something you know | C. Something you have | D. Somewhere you are,A,"A fingerprint is a unique biological characteristic of an individual, placing it in the 'Something you are' category (biometric factor) - distinct from a password ('something you know') or a token/card ('something you have').",ลายนิ้วมือเป็นลักษณะทางชีวภาพเฉพาะตัวของแต่ละบุคคล จึงจัดอยู่ในหมวด 'สิ่งที่คุณเป็น' (Something you are) หรือปัจจัยชีวมิติ (Biometric factor) ต่างจากรหัสผ่านซึ่งเป็น 'สิ่งที่คุณรู้' และโทเค็นหรือบัตรซึ่งเป็น 'สิ่งที่คุณมี'
504,3,Domain 3: Access Controls Concepts,A login process requires a password AND a one-time code generated by a mobile app. This is an example of:,กระบวนการล็อกอินต้องใช้รหัสผ่านและรหัสแบบใช้ครั้งเดียวที่สร้างจากแอปในมือถือ นี่เป็นตัวอย่างของ:,A. Multi-factor authentication (MFA) | B. Role-based access control | C. Federated identity management | D. Single sign-on (SSO),A. Multi-factor authentication (MFA) | B. Role-based access control | C. Federated identity management | D. Single sign-on (SSO),A,"Using a password ('something you know') together with a one-time code from a mobile app ('something you have') uses more than one authentication factor type, making this Multi-Factor Authentication (MFA), which is more secure than a single factor.",การใช้รหัสผ่าน (สิ่งที่คุณรู้) ร่วมกับรหัสแบบใช้ครั้งเดียวจากแอปในมือถือ (สิ่งที่คุณมี) เป็นการใช้ปัจจัยยืนยันตัวตนมากกว่าหนึ่งประเภท จึงเป็น Multi-Factor Authentication (MFA) ซึ่งเพิ่มความปลอดภัยมากกว่าการใช้ปัจจัยเดียว
505,3,Domain 3: Access Controls Concepts,Which access control model grants permissions based on labels such as 'Confidential' or 'Top Secret' that are enforced system-wide and cannot be overridden by users?,โมเดลควบคุมการเข้าถึงใดที่ให้สิทธิ์ตามป้ายกำกับ เช่น 'Confidential' หรือ 'Top Secret' ซึ่งบังคับใช้ทั่วทั้งระบบและไม่สามารถถูกแทนที่โดยผู้ใช้ได้?,A. Mandatory Access Control (MAC) | B. Attribute-Based Access Control (ABAC) | C. Role-Based Access Control (RBAC) | D. Discretionary Access Control (DAC),A. Mandatory Access Control (MAC) | B. Attribute-Based Access Control (ABAC) | C. Role-Based Access Control (RBAC) | D. Discretionary Access Control (DAC),A,"Mandatory Access Control (MAC) enforces a centralized security policy by comparing a user's clearance level (e.g., Confidential, Top Secret) against the data's classification, and users cannot alter these permissions themselves - commonly used in government or military settings requiring high security.","Mandatory Access Control (MAC) บังคับใช้นโยบายความปลอดภัยแบบรวมศูนย์โดยเปรียบเทียบระดับชั้นความลับ (เช่น Confidential, Top Secret) ของผู้ใช้กับของข้อมูล และผู้ใช้ไม่สามารถเปลี่ยนแปลงสิทธิ์เหล่านี้ได้เอง มักใช้ในหน่วยงานราชการหรือทหารที่ต้องการความปลอดภัยสูง"
506,3,Domain 3: Access Controls Concepts,In which access control model does the owner of a resource decide who else may access it?,ในโมเดลควบคุมการเข้าถึงใดที่เจ้าของทรัพยากรเป็นผู้ตัดสินใจว่าใครสามารถเข้าถึงได้บ้าง?,A. Mandatory Access Control (MAC) | B. Rule-Based Access Control | C. Role-Based Access Control (RBAC) | D. Discretionary Access Control (DAC),A. Mandatory Access Control (MAC) | B. Rule-Based Access Control | C. Role-Based Access Control (RBAC) | D. Discretionary Access Control (DAC),D,"Discretionary Access Control (DAC) gives the resource owner (Data Owner) the authority to decide who can access their own resources - such as sharing files in a typical operating system - unlike MAC, where the system enforces a fixed policy.",Discretionary Access Control (DAC) ให้อำนาจแก่เจ้าของทรัพยากร (Data Owner) เป็นผู้ตัดสินใจเองว่าใครสามารถเข้าถึงทรัพยากรของตนได้บ้าง เช่น การแชร์ไฟล์ในระบบปฏิบัติการทั่วไป ต่างจาก MAC ที่ระบบเป็นผู้บังคับใช้นโยบายแบบตายตัว
507,3,Domain 3: Access Controls Concepts,"An organization assigns access permissions to users based on their job function, such as 'HR Manager' or 'Accountant'. Which access control model is being used?",องค์กรกำหนดสิทธิ์การเข้าถึงให้ผู้ใช้ตามหน้าที่งาน เช่น 'HR Manager' หรือ 'Accountant' นี่เป็นการใช้โมเดลควบคุมการเข้าถึงใด?,A. Mandatory Access Control (MAC) | B. Content-dependent Access Control | C. Role-Based Access Control (RBAC) | D. Discretionary Access Control (DAC),A. Mandatory Access Control (MAC) | B. Content-dependent Access Control | C. Role-Based Access Control (RBAC) | D. Discretionary Access Control (DAC),C,"Role-Based Access Control (RBAC) assigns access based on job function (Role) rather than assigning permissions to each individual directly, making it easier to manage access when there are many employees - since assigning a role automatically grants the associated permissions.",Role-Based Access Control (RBAC) กำหนดสิทธิ์การเข้าถึงตามบทบาทหน้าที่งาน (Role) แทนที่จะกำหนดให้แต่ละบุคคลโดยตรง ทำให้บริหารจัดการสิทธิ์ได้ง่ายขึ้นเมื่อมีพนักงานจำนวนมาก เพราะเพียงกำหนดบทบาทให้ผู้ใช้ สิทธิ์ที่เกี่ยวข้องก็จะถูกกำหนดตามไปด้วย
508,3,Domain 3: Access Controls Concepts,Which principle states that users should be granted only the minimum access rights necessary to perform their job functions?,หลักการใดระบุว่าผู้ใช้ควรได้รับสิทธิ์การเข้าถึงเพียงขั้นต่ำที่จำเป็นสำหรับการปฏิบัติหน้าที่ของตนเท่านั้น?,A. Separation of duties | B. Least privilege | C. Need to know | D. Defense in depth,A. Separation of duties | B. Least privilege | C. Need to know | D. Defense in depth,B,"The Least Privilege principle states that users should be granted only the access necessary for their job, reducing potential damage if that account is compromised or misused.",หลักการ Least Privilege (การให้สิทธิ์น้อยที่สุด) กำหนดว่าผู้ใช้ควรได้รับสิทธิ์การเข้าถึงเพียงเท่าที่จำเป็นสำหรับการทำงานเท่านั้น เพื่อลดความเสียหายที่อาจเกิดขึ้นหากบัญชีนั้นถูกบุกรุกหรือถูกใช้ในทางที่ผิด
509,3,Domain 3: Access Controls Concepts,'Need to know' differs from 'least privilege' in that it primarily focuses on:,'Need to know' แตกต่างจาก 'least privilege' อย่างไร ตรงที่มุ่งเน้นเรื่องใดเป็นหลัก?,"A. Limiting the technical capabilities (e.g., read vs. write) granted to an account | B. Requiring two people to approve a sensitive transaction | C. Limiting access to specific information required for a task, regardless of general job permissions | D. Rotating job duties among employees periodically",A. การจำกัดความสามารถทางเทคนิค (เช่น อ่าน vs เขียน) ที่มอบให้กับบัญชี | B. การกำหนดให้ต้องมีคนสองคนอนุมัติธุรกรรมที่อ่อนไหว | C. การจำกัดการเข้าถึงข้อมูลเฉพาะที่จำเป็นสำหรับงาน โดยไม่คำนึงถึงสิทธิ์ทั่วไปของตำแหน่งงาน | D. การหมุนเวียนหน้าที่งานในหมู่พนักงานเป็นระยะ,C,"Need to Know focuses on restricting access to specific 'information' needed for a current task, even if the user has broader general system permissions - distinct from Least Privilege, which focuses on limiting an account's 'technical capabilities', such as read-only versus write/edit access.",Need to Know เน้นการจำกัดการเข้าถึง 'ข้อมูล' เฉพาะที่จำเป็นต่อการทำงานในขณะนั้น แม้ผู้ใช้จะมีสิทธิ์ในระบบโดยทั่วไปก็ตาม ต่างจาก Least Privilege ซึ่งเน้นจำกัด 'ความสามารถทางเทคนิค' ของบัญชี เช่น สิทธิ์อ่านอย่างเดียวเทียบกับสิทธิ์เขียนหรือแก้ไข
510,3,Domain 3: Access Controls Concepts,A company requires that the employee who creates a purchase order cannot be the same employee who approves it. This control is an example of:,บริษัทกำหนดว่าพนักงานที่สร้างใบสั่งซื้อจะต้องไม่ใช่คนเดียวกับที่อนุมัติใบสั่งซื้อนั้น การควบคุมนี้เป็นตัวอย่างของ:,A. Job rotation | B. Mandatory vacation | C. Least privilege | D. Separation of duties,A. Job rotation | B. Mandatory vacation | C. Least privilege | D. Separation of duties,D,"Separation of Duties requires that critical steps of a process be split among two or more people, preventing any single individual from being able to commit fraud alone - such as separating the person who creates a purchase order from the person who approves it.",Separation of Duties (การแบ่งแยกหน้าที่ความรับผิดชอบ (Separation of Duties)) กำหนดให้ขั้นตอนสำคัญของงานหนึ่งงานต้องถูกแบ่งความรับผิดชอบระหว่างบุคคลตั้งแต่สองคนขึ้นไป เพื่อป้องกันไม่ให้บุคคลใดบุคคลหนึ่งสามารถกระทำการทุจริตได้โดยลำพัง เช่น แยกผู้สร้างใบสั่งซื้อออกจากผู้อนุมัติ
511,3,Domain 3: Access Controls Concepts,"Employees are required to take at least one consecutive week of vacation per year, during which their duties are covered by others. What risk does this control MOST directly help detect?",พนักงานถูกกำหนดให้ต้องลาพักร้อนติดต่อกันอย่างน้อยหนึ่งสัปดาห์ต่อปี ในช่วงนั้นหน้าที่ของพวกเขาจะถูกดูแลโดยผู้อื่น การควบคุมนี้ช่วยตรวจจับความเสี่ยงใดมากที่สุดโดยตรง?,A. Weak password policies | B. Poor physical security at the office | C. Ongoing fraud or unauthorized activity that the employee may be concealing | D. Insufficient network bandwidth,A. นโยบายรหัสผ่านที่อ่อนแอ | B. ความปลอดภัยทางกายภาพของสำนักงานที่ไม่ดี | C. การทุจริตหรือกิจกรรมที่ไม่ได้รับอนุญาตที่พนักงานอาจกำลังปกปิดอยู่ | D. แบนด์วิดท์เครือข่ายที่ไม่เพียงพอ,C,"A Mandatory Vacation policy requires someone else to temporarily cover the employee's duties, which creates an opportunity for the organization to detect fraud or unauthorized activity that the employee may have been concealing during their normal work.",นโยบายบังคับลาพักร้อน (Mandatory Vacation) ทำให้ผู้อื่นต้องเข้ามาทำหน้าที่แทนชั่วคราว ซึ่งเปิดโอกาสให้องค์กรตรวจพบความผิดปกติ การทุจริต หรือกิจกรรมที่ไม่ได้รับอนุญาตที่พนักงานคนนั้นอาจปกปิดไว้ระหว่างการปฏิบัติงานตามปกติ
512,3,Domain 3: Access Controls Concepts,"Over time, an employee who has changed roles several times still retains access rights from all previous positions. This situation is known as:",เมื่อเวลาผ่านไป พนักงานที่เปลี่ยนตำแหน่งหลายครั้งยังคงมีสิทธิ์การเข้าถึงจากตำแหน่งก่อนหน้าทั้งหมด สถานการณ์นี้เรียกว่า:,A. Access provisioning | B. Least privilege | C. Privilege creep | D. Role explosion,A. Access provisioning | B. Least privilege | C. Privilege creep | D. Role explosion,C,"Privilege Creep is the situation where a user accumulates unnecessary access rights over time, often caused by multiple role changes without revoking previous permissions. Periodic access reviews help detect and correct this.",Privilege Creep คือสถานการณ์ที่ผู้ใช้สะสมสิทธิ์การเข้าถึงเกินความจำเป็นเมื่อเวลาผ่านไป มักเกิดจากการเปลี่ยนตำแหน่งงานหลายครั้งโดยไม่มีการเพิกถอนสิทธิ์เดิม การทบทวนสิทธิ์การเข้าถึงเป็นระยะช่วยตรวจจับและแก้ไขปัญหานี้
513,3,Domain 3: Access Controls Concepts,"Which process should occur promptly when an employee leaves the organization, to reduce security risk?",กระบวนการใดควรเกิดขึ้นทันทีเมื่อพนักงานลาออกจากองค์กร เพื่อลดความเสี่ยงด้านความปลอดภัย?,A. De-provisioning (revoking) the employee's accounts and access rights | B. Archiving the employee's email for one year only | C. Issuing the employee a new access badge | D. Assigning the employee's role to a temporary contractor immediately,A. De-provisioning (เพิกถอน) บัญชีและสิทธิ์การเข้าถึงของพนักงาน | B. จัดเก็บอีเมลของพนักงานไว้เพียงหนึ่งปีเท่านั้น | C. ออกบัตรผ่านใหม่ให้พนักงาน | D. มอบหมายบทบาทของพนักงานให้ผู้รับจ้างชั่วคราวทันที,A,"When an employee leaves the organization, De-provisioning - immediately revoking all user accounts and access rights - must be done promptly to prevent an unused account from becoming a vulnerability that could be exploited.",เมื่อพนักงานพ้นสภาพจากองค์กร ต้องรีบดำเนินการ De-provisioning คือการเพิกถอนบัญชีผู้ใช้และสิทธิ์การเข้าถึงทั้งหมดโดยทันที เพื่อป้องกันไม่ให้บัญชีที่ไม่มีการใช้งานแล้วกลายเป็นช่องโหว่ที่อาจถูกนำไปใช้ในทางที่ผิด
514,3,Domain 3: Access Controls Concepts,Which technology allows a user to log in once and gain access to multiple independent systems without re-entering credentials?,เทคโนโลยีใดที่ให้ผู้ใช้ล็อกอินเพียงครั้งเดียวและเข้าถึงระบบอิสระหลายระบบได้โดยไม่ต้องกรอกข้อมูลรับรองซ้ำ?,A. Federated Identity Management | B. Single Sign-On (SSO) | C. Role-Based Access Control (RBAC) | D. Multi-Factor Authentication (MFA),A. Federated Identity Management | B. Single Sign-On (SSO) | C. Role-Based Access Control (RBAC) | D. Multi-Factor Authentication (MFA),B,"Single Sign-On (SSO) allows a user to log in once and access other related systems without re-entering credentials, improving convenience and reducing the number of passwords a user must remember - though it also makes that single account a high-value target if compromised.",Single Sign-On (SSO) ช่วยให้ผู้ใช้ล็อกอินเพียงครั้งเดียวแล้วสามารถเข้าถึงระบบอื่น ๆ ที่เกี่ยวข้องได้โดยไม่ต้องกรอกข้อมูลรับรองซ้ำ ช่วยเพิ่มความสะดวกในการใช้งานและลดจำนวนรหัสผ่านที่ผู้ใช้ต้องจดจำ แต่ก็ทำให้บัญชีเดียวมีความสำคัญสูงมากหากถูกบุกรุก
515,3,Domain 3: Access Controls Concepts,"Which concept allows users from one organization to access resources of a different, trusted organization using their existing credentials?",แนวคิดใดที่ให้ผู้ใช้จากองค์กรหนึ่งสามารถเข้าถึงทรัพยากรของอีกองค์กรที่เชื่อถือกันได้ โดยใช้ข้อมูลรับรองที่มีอยู่แล้ว?,A. Federated identity management | B. Privilege escalation | C. Discretionary access control | D. Single sign-on,A. Federated identity management | B. Privilege escalation | C. Discretionary access control | D. Single sign-on,A,"Federated Identity Management allows users from one organization to access resources of another trusted organization using their existing credentials, without needing to create a new account in each system - such as logging into another website using a Google account.",Federated Identity Management ช่วยให้ผู้ใช้จากองค์กรหนึ่งสามารถเข้าถึงทรัพยากรของอีกองค์กรที่มีความสัมพันธ์ไว้วางใจกัน (trust relationship) โดยใช้ข้อมูลรับรองเดิมของตนเอง โดยไม่ต้องสร้างบัญชีใหม่ในแต่ละระบบ เช่น การล็อกอินด้วยบัญชี Google เข้าเว็บไซต์อื่น
516,3,Domain 3: Access Controls Concepts,A biometric system incorrectly denies access to an authorized user whose fingerprint was not clearly scanned. This error is known as a:,ระบบไบโอเมตริกซ์ปฏิเสธการเข้าถึงของผู้ใช้ที่ได้รับอนุญาตอย่างผิดพลาด เนื่องจากลายนิ้วมือถูกสแกนไม่ชัดเจน ข้อผิดพลาดนี้เรียกว่า:,A. False rejection (Type I error) | B. False acceptance (Type II error) | C. Crossover error rate | D. False positive alert,A. False rejection (Type I error) | B. False acceptance (Type II error) | C. Crossover error rate | D. False positive alert,A,"False Rejection (Type I Error) occurs when a biometric system incorrectly denies an authorized user due to an unclear scan or other error - distinct from False Acceptance (Type II Error), where the system incorrectly allows an unauthorized person through.",False Rejection หรือ Type I Error คือกรณีที่ระบบไบโอเมตริกซ์ปฏิเสธผู้ใช้ที่ได้รับอนุญาตอย่างถูกต้อง เนื่องจากการสแกนไม่ชัดเจนหรือข้อผิดพลาดอื่น ต่างจาก False Acceptance (Type II Error) ซึ่งเป็นกรณีที่ระบบยอมให้ผู้ที่ไม่ได้รับอนุญาตผ่านเข้ามาได้
517,3,Domain 3: Access Controls Concepts,"Which term describes the point at which the false rejection rate and false acceptance rate of a biometric system are equal, used to measure overall system accuracy?",คำใดอธิบายจุดที่อัตราการปฏิเสธผิดพลาดและอัตราการยอมรับผิดพลาดของระบบไบโอเมตริกซ์มีค่าเท่ากัน ซึ่งใช้วัดความแม่นยำโดยรวมของระบบ?,A. False Acceptance Rate (FAR) | B. Throughput rate | C. Crossover Error Rate (CER) | D. False Rejection Rate (FRR),A. False Acceptance Rate (FAR) | B. Throughput rate | C. Crossover Error Rate (CER) | D. False Rejection Rate (FRR),C,"The Crossover Error Rate (CER) is the point where the False Rejection Rate (FRR) and False Acceptance Rate (FAR) are equal. A lower CER indicates a more accurate biometric system, making it a common metric for comparing different biometric systems.",Crossover Error Rate (CER) คือจุดที่อัตราการปฏิเสธผิดพลาด (FRR) และอัตราการยอมรับผิดพลาด (FAR) มีค่าเท่ากัน ยิ่งค่า CER ต่ำเท่าไร ระบบไบโอเมตริกซ์นั้นก็ยิ่งมีความแม่นยำสูงเท่านั้น จึงมักใช้เป็นตัวชี้วัดเปรียบเทียบประสิทธิภาพของระบบไบโอเมตริกซ์ต่าง ๆ
518,3,Domain 3: Access Controls Concepts,"Which access control concept requires two individuals to be present simultaneously to access a highly sensitive area, such as a data center vault?",แนวคิดการควบคุมการเข้าถึงใดที่กำหนดให้ต้องมีบุคคลสองคนอยู่พร้อมกันเพื่อเข้าถึงพื้นที่ที่มีความอ่อนไหวสูง เช่น ห้องนิรภัยศูนย์ข้อมูล?,A. Separation of duties | B. Mandatory vacation | C. Two-person integrity | D. Job rotation,A. Separation of duties | B. Mandatory vacation | C. Two-person integrity | D. Job rotation,C,"Two-Person Integrity requires two individuals to be present simultaneously any time a highly sensitive area or asset - such as a data center vault - is accessed, preventing any one person from acting alone without a witness.",Two-Person Integrity กำหนดให้ต้องมีบุคคลสองคนอยู่พร้อมกัน ณ จุดนั้นทุกครั้งที่มีการเข้าถึงพื้นที่หรือทรัพย์สินที่มีความอ่อนไหวสูงมาก เช่น ห้องนิรภัยศูนย์ข้อมูล เพื่อป้องกันไม่ให้บุคคลใดบุคคลหนึ่งกระทำการโดยลำพังโดยไม่มีพยาน
519,3,Domain 3: Access Controls Concepts,Which of the following is the STRONGEST example of a good passphrase from a security standpoint?,ข้อใดเป็นตัวอย่างที่แข็งแรงที่สุดของ passphrase ที่ดีจากมุมมองความปลอดภัย?,"A. The word 'Password123' | B. The user's own name followed by their birth year | C. A 4-digit PIN such as '1234' | D. A long, random sequence of unrelated words such as 'CorrectHorseBattery42!'",A. คำว่า 'Password123' | B. ชื่อของผู้ใช้เองตามด้วยปีเกิด | C. PIN 4 หลัก เช่น '1234' | D. ลำดับคำที่ไม่เกี่ยวข้องกันแบบสุ่มและยาว เช่น 'CorrectHorseBattery42!',D,"A strong passphrase should be long and made up of random, unrelated words, making it far harder to guess or brute-force - whereas familiar or personally identifiable passwords, like a name or birth year, are all easily guessed.",รหัสผ่านที่แข็งแรง (strong passphrase) ควรมีความยาวมาก ประกอบด้วยคำที่ไม่เกี่ยวข้องกันแบบสุ่ม ทำให้คาดเดาหรือโจมตีแบบ brute-force ได้ยากขึ้นมาก ในขณะที่รหัสผ่านที่คุ้นเคยหรือเกี่ยวข้องกับข้อมูลส่วนตัว เช่น ชื่อหรือปีเกิด ล้วนถูกคาดเดาได้ง่าย
520,3,Domain 3: Access Controls Concepts,"Which network access control mechanism restricts a device from connecting to the network until it meets specific security requirements, such as up-to-date antivirus signatures?",กลไกควบคุมการเข้าถึงเครือข่ายใดที่จำกัดไม่ให้อุปกรณ์เชื่อมต่อกับเครือข่ายจนกว่าจะผ่านข้อกำหนดด้านความปลอดภัยเฉพาะ เช่น ลายเซ็นแอนตี้ไวรัสที่อัปเดตล่าสุด?,A. Virtual Private Network (VPN) | B. Network Access Control (NAC) | C. Access Control List (ACL) | D. Intrusion Prevention System (IPS),A. Virtual Private Network (VPN) | B. Network Access Control (NAC) | C. Access Control List (ACL) | D. Intrusion Prevention System (IPS),B,Network Access Control (NAC) checks a device's security posture before allowing it to connect to the network - such as verifying up-to-date antivirus signatures. Devices that don't meet the criteria are quarantined in a separate network until remediated.,Network Access Control (NAC) ตรวจสอบสถานะความปลอดภัยของอุปกรณ์ก่อนอนุญาตให้เชื่อมต่อกับเครือข่าย เช่น ตรวจสอบว่ามีโปรแกรมป้องกันไวรัสที่อัปเดตล่าสุดหรือไม่ หากไม่ผ่านเกณฑ์ อุปกรณ์นั้นจะถูกกักไว้ในเครือข่ายแยกต่างหาก (quarantine) จนกว่าจะได้รับการแก้ไข
521,3,Domain 3: Access Controls Concepts,"A network device filters traffic based on a list of rules specifying source, destination, and port. This is an example of:",อุปกรณ์เครือข่ายกรองทราฟฟิกตามรายการกฎที่ระบุต้นทาง ปลายทาง และพอร์ต นี่เป็นตัวอย่างของ:,A. An Access Control List (ACL) | B. Federated identity management | C. Role-Based Access Control | D. Single sign-on,A. Access Control List (ACL) | B. Federated identity management | C. Role-Based Access Control | D. Single sign-on,A,"An Access Control List (ACL) is a list of rules that determines which traffic is allowed or denied based on conditions such as source, destination, and port - commonly used on routers or firewalls to control network access at the packet level.",Access Control List (ACL) คือรายการกฎที่กำหนดว่าทราฟฟิกใดได้รับอนุญาตหรือถูกปฏิเสธ โดยอ้างอิงจากเงื่อนไข เช่น ต้นทาง ปลายทาง และพอร์ต มักใช้กับเราเตอร์หรือไฟร์วอลล์เพื่อควบคุมการเข้าถึงเครือข่ายในระดับแพ็กเก็ต
522,3,Domain 3: Access Controls Concepts,An organization implements a policy requiring that no single employee can both initiate a wire transfer and approve it. What primary risk does this control address?,องค์กรนำนโยบายมาใช้ที่กำหนดให้พนักงานคนเดียวไม่สามารถทั้งริเริ่มและอนุมัติการโอนเงินได้ การควบคุมนี้จัดการกับความเสี่ยงหลักใด?,A. Network latency during transfers | B. Fraud committed by a single insider acting alone | C. Weak encryption of financial data | D. Data loss during a natural disaster,A. ความหน่วงของเครือข่ายระหว่างการโอนเงิน | B. การทุจริตที่กระทำโดยบุคคลภายในเพียงคนเดียว | C. การเข้ารหัสข้อมูลทางการเงินที่อ่อนแอ | D. การสูญเสียข้อมูลระหว่างภัยพิบัติทางธรรมชาติ,B,"A policy preventing a single employee from both initiating and approving a wire transfer aligns with the Separation of Duties principle, whose primary goal is to prevent fraud committed by a single insider acting alone, since another person must always review or approve as well.",นโยบายที่ห้ามพนักงานคนเดียวทำทั้งการริเริ่มและอนุมัติการโอนเงินสอดคล้องกับหลัก Separation of Duties ซึ่งมีเป้าหมายหลักเพื่อป้องกันการทุจริตที่กระทำโดยพนักงานภายในเพียงคนเดียวโดยลำพัง เนื่องจากต้องมีบุคคลอื่นเข้ามาตรวจสอบหรืออนุมัติร่วมด้วยเสมอ
523,3,Domain 3: Access Controls Concepts,Which of the following BEST describes 'Accounting' (or auditing) in the IAAA model?,ข้อใดอธิบาย 'Accounting' (หรือการตรวจสอบ) ในโมเดล IAAA ได้ดีที่สุด?,A. Issuing a username to a new employee | B. Verifying a user's claimed identity | C. Determining what resources a user is allowed to access | D. Tracking and logging user activities for later review,A. การออกชื่อผู้ใช้ให้พนักงานใหม่ | B. การยืนยันตัวตนที่ผู้ใช้อ้างสิทธิ์ | C. การกำหนดว่าผู้ใช้ได้รับอนุญาตให้เข้าถึงทรัพยากรใดได้บ้าง | D. การติดตามและบันทึกกิจกรรมของผู้ใช้เพื่อทบทวนในภายหลัง,D,"Accounting (or Auditing) in the IAAA model refers to recording and tracking user activities in a system, so it can later be reviewed to determine who did what and when - supporting accountability and security incident investigation.",Accounting (หรือ Auditing) ในโมเดล IAAA หมายถึงการบันทึกและติดตามกิจกรรมของผู้ใช้ในระบบ เพื่อให้สามารถตรวจสอบย้อนหลังได้ว่าใครทำอะไร เมื่อใด ซึ่งช่วยสนับสนุนการตรวจสอบความรับผิดชอบ (accountability) และการสืบสวนเหตุการณ์ด้านความปลอดภัย
524,4,Domain 4: Network Security,Which OSI layer is responsible for routing packets between different networks based on IP addresses?,OSI Layer ใดที่รับผิดชอบการจัดเส้นทาง (routing) แพ็กเก็ตระหว่างเครือข่ายต่าง ๆ โดยใช้ IP address?,A. Layer 7 - Application | B. Layer 2 - Data Link | C. Layer 3 - Network | D. Layer 4 - Transport,A. Layer 7 - Application | B. Layer 2 - Data Link | C. Layer 3 - Network | D. Layer 4 - Transport,C,"Layer 3 (Network Layer) is responsible for routing data between different networks using IP addresses - distinct from Layer 2, which operates via MAC address within the same network, and Layer 4, which handles end-to-end delivery like TCP/UDP.",Layer 3 (Network Layer) มีหน้าที่กำหนดเส้นทางการส่งข้อมูล (routing) ระหว่างเครือข่ายต่าง ๆ โดยใช้ IP address เป็นตัวระบุ ต่างจาก Layer 2 ซึ่งทำงานด้วย MAC address ภายในเครือข่ายเดียวกัน และ Layer 4 ซึ่งจัดการการส่งข้อมูลแบบ end-to-end เช่น TCP/UDP
525,4,Domain 4: Network Security,"A network device that filters traffic based on IP address, port number, and protocol, sitting at the network perimeter, is called a:",อุปกรณ์เครือข่ายที่กรองทราฟฟิกตาม IP address หมายเลขพอร์ต และโปรโตคอล ซึ่งวางอยู่ที่ขอบเขตเครือข่าย เรียกว่าอะไร?,A. Hub | B. Switch | C. Firewall | D. Repeater,A. Hub | B. Switch | C. Firewall | D. Repeater,C,"A Firewall is a device or software that filters network traffic based on defined rules - such as IP address, port, and protocol - typically installed at the network perimeter to control what traffic can enter or leave the network.",ไฟร์วอลล์ (Firewall) เป็นอุปกรณ์หรือซอฟต์แวร์ที่กรองทราฟฟิกเครือข่ายตามกฎที่กำหนด เช่น IP address พอร์ต และโปรโตคอล มักติดตั้งที่ขอบเขตเครือข่าย (perimeter) เพื่อควบคุมว่าทราฟฟิกใดสามารถเข้าหรือออกจากเครือข่ายได้
526,4,Domain 4: Network Security,Which network security device monitors traffic for suspicious activity and can automatically block or drop malicious packets in real time?,อุปกรณ์ความปลอดภัยเครือข่ายใดที่เฝ้าติดตามทราฟฟิกเพื่อหากิจกรรมที่น่าสงสัย และสามารถบล็อกหรือทิ้งแพ็กเก็ตที่เป็นอันตรายได้แบบเรียลไทม์โดยอัตโนมัติ?,A. Proxy cache server | B. Intrusion Detection System (IDS) | C. Network hub | D. Intrusion Prevention System (IPS),A. Proxy cache server | B. Intrusion Detection System (IDS) | C. Network hub | D. Intrusion Prevention System (IPS),D,"An Intrusion Prevention System (IPS) not only detects suspicious activity but can also automatically block or drop malicious packets in real time - unlike an Intrusion Detection System (IDS), which can only detect and alert, not stop an attack on its own.",Intrusion Prevention System (IPS) ไม่เพียงตรวจจับกิจกรรมที่น่าสงสัย แต่ยังสามารถบล็อกหรือทิ้งแพ็กเก็ตที่เป็นอันตรายได้แบบ real-time โดยอัตโนมัติ ต่างจาก Intrusion Detection System (IDS) ซึ่งทำได้เพียงตรวจจับและแจ้งเตือนเท่านั้น ไม่สามารถสกัดกั้นการโจมตีได้เอง
527,4,Domain 4: Network Security,"A network segment positioned between the internal network and the internet, used to host public-facing servers like a web server, is called a:",ส่วนของเครือข่ายที่วางอยู่ระหว่างเครือข่ายภายในและอินเทอร์เน็ต ใช้เพื่อโฮสต์เซิร์ฟเวอร์ที่ต้องเปิดให้สาธารณะเข้าถึง เช่น เว็บเซิร์ฟเวอร์ เรียกว่าอะไร?,A. Extranet | B. Demilitarized Zone (DMZ) | C. Intranet | D. Virtual Private Network (VPN),A. Extranet | B. Demilitarized Zone (DMZ) | C. Intranet | D. Virtual Private Network (VPN),B,"A Demilitarized Zone (DMZ) is a subnetwork positioned between an organization's internal network and the internet, used to host servers that must be accessible to outsiders, such as a web server, without directly exposing the more critical internal network.",Demilitarized Zone (DMZ) คือเครือข่ายย่อยที่แยกอยู่ระหว่างเครือข่ายภายในองค์กรกับอินเทอร์เน็ต ใช้วางเซิร์ฟเวอร์ที่ต้องเปิดให้บุคคลภายนอกเข้าถึงได้ เช่น เว็บเซิร์ฟเวอร์ โดยไม่ทำให้เครือข่ายภายในที่สำคัญกว่าถูกเปิดเผยโดยตรง
528,4,Domain 4: Network Security,Which technology allows multiple devices on a private network to share a single public IP address when accessing the internet?,เทคโนโลยีใดที่ช่วยให้อุปกรณ์หลายเครื่องในเครือข่ายส่วนตัวสามารถแชร์ public IP address เดียวกันเมื่อเข้าถึงอินเทอร์เน็ต?,A. Domain Name System (DNS) | B. Network Address Translation (NAT) | C. Virtual Local Area Network (VLAN) | D. Dynamic Host Configuration Protocol (DHCP),A. Domain Name System (DNS) | B. Network Address Translation (NAT) | C. Virtual Local Area Network (VLAN) | D. Dynamic Host Configuration Protocol (DHCP),B,"Network Address Translation (NAT) translates internal private IP addresses into a single shared public IP address when accessing the internet, conserving the number of public IPs needed and improving security by hiding internal IPs from outside.",Network Address Translation (NAT) ทำหน้าที่แปลง IP address ภายในเครือข่ายส่วนตัว (private) ให้กลายเป็น IP address สาธารณะ (public) เดียวกันเมื่อออกสู่อินเทอร์เน็ต ช่วยประหยัดจำนวน public IP ที่ต้องใช้ และเพิ่มความปลอดภัยด้วยการซ่อน IP ภายในจากภายนอก
529,4,Domain 4: Network Security,Which technology logically separates devices on the same physical network switch into distinct broadcast domains for security and traffic management?,เทคโนโลยีใดที่แยกอุปกรณ์บนสวิตช์เครือข่ายทางกายภาพเดียวกันออกเป็น broadcast domain ที่แยกจากกันทางตรรกะ เพื่อความปลอดภัยและการจัดการทราฟฟิก?,A. Domain Name System (DNS) | B. Virtual Local Area Network (VLAN) | C. Address Resolution Protocol (ARP) | D. Network Address Translation (NAT),A. Domain Name System (DNS) | B. Virtual Local Area Network (VLAN) | C. Address Resolution Protocol (ARP) | D. Network Address Translation (NAT),B,"A VLAN (Virtual Local Area Network) divides devices connected to the same physical switch into multiple logical subnetworks, separating them at the broadcast domain level - improving security and traffic management without needing separate physical cabling.",VLAN (Virtual Local Area Network) ช่วยแบ่งอุปกรณ์ที่เชื่อมต่อกับสวิตช์ทางกายภาพเดียวกันออกเป็นเครือข่ายย่อยแบบตรรกะ (logical) หลายเครือข่าย ทำให้แต่ละกลุ่มแยกขาดจากกันในระดับ broadcast domain ช่วยเพิ่มความปลอดภัยและจัดการทราฟฟิกได้ดีขึ้นโดยไม่ต้องเดินสายแยกทางกายภาพ
530,4,Domain 4: Network Security,"Which wireless security protocol is considered the CURRENT strongest standard, offering improved encryption over its predecessor?",โปรโตคอลความปลอดภัยเครือข่ายไร้สายใดที่ถือเป็นมาตรฐานที่แข็งแกร่งที่สุดในปัจจุบัน โดยให้การเข้ารหัสที่ดีกว่ารุ่นก่อนหน้า?,A. Open (no encryption) | B. WEP | C. WPA | D. WPA3,A. Open (ไม่เข้ารหัส) | B. WEP | C. WPA | D. WPA3,D,"WPA3 (Wi-Fi Protected Access 3) is currently the strongest wireless security standard, offering better encryption than the previous WPA2 and improved protection against brute-force password attacks, while WEP is an old, insecure standard that should no longer be used.",WPA3 (Wi-Fi Protected Access 3) เป็นมาตรฐานความปลอดภัยเครือข่ายไร้สายที่แข็งแกร่งที่สุดในปัจจุบัน ให้การเข้ารหัสที่ดีกว่า WPA2 รุ่นก่อนหน้า และป้องกันการโจมตีแบบเดารหัสผ่าน (brute-force) ได้ดีขึ้น ในขณะที่ WEP เป็นมาตรฐานเก่าที่ไม่ปลอดภัยและไม่ควรใช้งานแล้ว
531,4,Domain 4: Network Security,"Which protocol provides encrypted remote command-line access to a server, replacing the insecure Telnet protocol?",โปรโตคอลใดที่ให้การเข้าถึงบรรทัดคำสั่งของเซิร์ฟเวอร์ระยะไกลแบบเข้ารหัส เข้ามาแทนที่โปรโตคอล Telnet ที่ไม่ปลอดภัย?,A. FTP | B. HTTP | C. SSH (Secure Shell) | D. SNMP,A. FTP | B. HTTP | C. SSH (Secure Shell) | D. SNMP,C,"SSH (Secure Shell) provides encrypted command-line access to a remote server, protecting against eavesdropping - a key weakness of Telnet, which transmits data including passwords in plaintext.",SSH (Secure Shell) ให้การเข้าถึงเครื่องเซิร์ฟเวอร์ระยะไกลผ่านคำสั่ง (command-line) แบบเข้ารหัส ช่วยป้องกันการดักฟังข้อมูล (eavesdropping) ซึ่งเป็นจุดอ่อนสำคัญของ Telnet ที่ส่งข้อมูลรวมถึงรหัสผ่านแบบไม่เข้ารหัส (plaintext)
532,4,Domain 4: Network Security,Which port number is commonly associated with HTTPS traffic?,หมายเลขพอร์ตใดที่มักเกี่ยวข้องกับทราฟฟิก HTTPS?,A. 25 | B. 443 | C. 80 | D. 22,A. 25 | B. 443 | C. 80 | D. 22,B,"Port 443 is the standard port used for HTTPS (HTTP encrypted with TLS/SSL). Port 80 is used for unencrypted HTTP, port 22 is used for SSH, and port 25 is used for SMTP email transmission.",พอร์ต 443 เป็นพอร์ตมาตรฐานที่ใช้สำหรับ HTTPS (HTTP ที่เข้ารหัสด้วย TLS/SSL) ส่วนพอร์ต 80 ใช้สำหรับ HTTP แบบไม่เข้ารหัส พอร์ต 22 ใช้สำหรับ SSH และพอร์ต 25 ใช้สำหรับ SMTP ในการรับส่งอีเมล
533,4,Domain 4: Network Security,"Which technology creates an encrypted tunnel over a public network, allowing a remote user to securely access an organization's internal network?",เทคโนโลยีใดที่สร้างอุโมงค์เข้ารหัสผ่านเครือข่ายสาธารณะ ช่วยให้ผู้ใช้ระยะไกลเข้าถึงเครือข่ายภายในองค์กรได้อย่างปลอดภัย?,A. Domain Name System (DNS) | B. Network Address Translation (NAT) | C. Simple Network Management Protocol (SNMP) | D. Virtual Private Network (VPN),A. Domain Name System (DNS) | B. Network Address Translation (NAT) | C. Simple Network Management Protocol (SNMP) | D. Virtual Private Network (VPN),D,"A VPN (Virtual Private Network) creates an encrypted tunnel over a public network, such as the internet, allowing a remote user to securely access an organization's internal network as if they were physically connected in the office.",VPN (Virtual Private Network) สร้างอุโมงค์ (tunnel) ที่เข้ารหัสข้อมูลผ่านเครือข่ายสาธารณะ เช่น อินเทอร์เน็ต ทำให้ผู้ใช้งานระยะไกลสามารถเข้าถึงเครือข่ายภายในองค์กรได้อย่างปลอดภัยเสมือนเชื่อมต่ออยู่ในสำนักงานจริง โดยข้อมูลที่ส่งผ่านจะถูกป้องกันจากการดักฟังระหว่างทาง
534,4,Domain 4: Network Security,"In the cloud shared responsibility model, under Infrastructure as a Service (IaaS), who is TYPICALLY responsible for securing the guest operating system and installed applications?",ในโมเดลความรับผิดชอบร่วมกันของคลาวด์ (Shared Responsibility Model) ภายใต้ Infrastructure as a Service (IaaS) โดยทั่วไปใครเป็นผู้รับผิดชอบในการรักษาความปลอดภัยของระบบปฏิบัติการ (guest OS) และแอปพลิเคชันที่ติดตั้งไว้?,A. A third-party auditor | B. The cloud service provider (CSP) only | C. Neither party - it is unmanaged | D. The customer,A. ผู้ตรวจสอบบุคคลที่สาม | B. ผู้ให้บริการคลาวด์ (CSP) เท่านั้น | C. ไม่มีฝ่ายใดรับผิดชอบ - ไม่มีการจัดการ | D. ลูกค้า,D,"In the IaaS model, the cloud service provider (CSP) is responsible only for the physical infrastructure, network, and virtualization layer, while the customer is responsible for securing the operating system, applications, and data installed on their own virtual machines.",ในรูปแบบ IaaS ผู้ให้บริการคลาวด์ (CSP) รับผิดชอบโครงสร้างพื้นฐานทางกายภาพ เครือข่าย และ virtualization layer เท่านั้น ส่วนลูกค้าต้องรับผิดชอบการดูแลความปลอดภัยของระบบปฏิบัติการ (OS) แอปพลิเคชัน และข้อมูลที่ติดตั้งอยู่บนเครื่องเสมือนของตนเองทั้งหมด
535,4,Domain 4: Network Security,"Which cloud deployment model involves infrastructure shared exclusively among several organizations with common concerns, such as regulatory compliance requirements?",โมเดลการปรับใช้คลาวด์ใดที่โครงสร้างพื้นฐานถูกใช้ร่วมกันเฉพาะโดยหลายองค์กรที่มีข้อกังวลร่วมกัน เช่น ข้อกำหนดด้านการปฏิบัติตามกฎระเบียบ?,A. Public cloud | B. Hybrid cloud | C. Private cloud | D. Community cloud,A. Public cloud | B. Hybrid cloud | C. Private cloud | D. Community cloud,D,"A Community Cloud is a cloud model where infrastructure is shared among several organizations with common needs or requirements, such as government agencies subject to the same regulations - distinct from Public Cloud, which is open to the general public, and Private Cloud, used by a single organization only.",Community Cloud คือรูปแบบคลาวด์ที่โครงสร้างพื้นฐานถูกใช้งานร่วมกันโดยองค์กรหลายแห่งที่มีความต้องการหรือข้อกำหนดร่วมกัน เช่น หน่วยงานราชการที่ต้องปฏิบัติตามกฎระเบียบเดียวกัน ต่างจาก Public Cloud ที่เปิดให้บุคคลทั่วไปใช้งาน และ Private Cloud ที่ใช้เฉพาะองค์กรเดียว
536,4,Domain 4: Network Security,"Which security model operates on the principle of 'never trust, always verify', requiring continuous authentication and authorization for every access request regardless of network location?",โมเดลความปลอดภัยใดที่ทำงานตามหลักการ 'อย่าไว้ใจ ต้องตรวจสอบเสมอ' โดยกำหนดให้ต้องมีการยืนยันตัวตนและตรวจสอบสิทธิ์อย่างต่อเนื่องสำหรับทุกคำขอเข้าถึง ไม่ว่าจะอยู่ที่ตำแหน่งใดในเครือข่าย?,A. Zero Trust | B. Discretionary Access Control | C. Perimeter security | D. Defense in Depth,A. Zero Trust | B. Discretionary Access Control | C. Perimeter security | D. Defense in Depth,A,"Zero Trust is a security concept based on 'never trust, always verify' - no device or user is automatically trusted even within the organization's network. Every access request must go through continuous authentication and authorization, unlike traditional perimeter-focused security.",Zero Trust เป็นแนวคิดด้านความปลอดภัยที่ยึดหลัก 'อย่าไว้ใจ ต้องตรวจสอบเสมอ' โดยไม่มีการไว้วางใจอุปกรณ์หรือผู้ใช้โดยอัตโนมัติแม้จะอยู่ภายในเครือข่ายองค์กรก็ตาม ทุกคำขอเข้าถึงต้องผ่านการยืนยันตัวตนและตรวจสอบสิทธิ์อย่างต่อเนื่อง ต่างจากแนวคิดความปลอดภัยแบบเดิมที่เน้นป้องกันเฉพาะขอบเขตเครือข่าย (perimeter)
537,4,Domain 4: Network Security,"An attacker floods a web server with an overwhelming volume of traffic from thousands of compromised devices, making the service unavailable to legitimate users. This is an example of a:",ผู้โจมตีท่วมเว็บเซิร์ฟเวอร์ด้วยปริมาณทราฟฟิกมหาศาลจากอุปกรณ์ที่ถูกยึดครองนับพันเครื่อง ทำให้บริการไม่พร้อมใช้งานสำหรับผู้ใช้ที่ถูกต้องตามกฎหมาย นี่เป็นตัวอย่างของ:,A. Distributed Denial of Service (DDoS) attack | B. SQL injection attack | C. Phishing attack | D. Man-in-the-Middle (MITM) attack,A. การโจมตีแบบ Distributed Denial of Service (DDoS) | B. การโจมตีแบบ SQL injection | C. การโจมตีแบบ Phishing | D. การโจมตีแบบ Man-in-the-Middle (MITM),A,"A Distributed Denial of Service (DDoS) attack uses a large number of compromised devices (a botnet) to send massive traffic to a target simultaneously, overwhelming the system so legitimate users cannot access the service - impacting Availability.",การโจมตีแบบ Distributed Denial of Service (DDoS) ใช้อุปกรณ์จำนวนมากที่ถูกยึดครอง (บอตเน็ต) ส่งทราฟฟิกจำนวนมหาศาลไปยังเป้าหมายพร้อมกัน จนระบบไม่สามารถรองรับผู้ใช้งานที่ถูกต้องตามกฎหมายได้ ส่งผลให้บริการไม่พร้อมใช้งาน (Availability ถูกกระทบ)
538,4,Domain 4: Network Security,"An attacker intercepts communication between two parties who believe they are communicating directly with each other, potentially altering the data in transit. This is known as a:",ผู้โจมตีดักจับการสื่อสารระหว่างสองฝ่ายที่เชื่อว่ากำลังสื่อสารกันโดยตรง และอาจแก้ไขข้อมูลระหว่างทาง นี่เรียกว่า:,A. Rainbow table attack | B. Man-in-the-Middle (MITM) attack | C. Brute-force attack | D. Denial of Service (DoS) attack,A. การโจมตีแบบ Rainbow table | B. การโจมตีแบบ Man-in-the-Middle (MITM) | C. การโจมตีแบบ Brute-force | D. การโจมตีแบบ Denial of Service (DoS),B,"Man-in-the-Middle (MITM) is an attack where a bad actor inserts themselves between two communicating parties without either party knowing, allowing them to eavesdrop or even alter data in transit. Strong encryption, such as TLS, helps reduce this risk.",Man-in-the-Middle (MITM) คือการโจมตีที่ผู้ไม่หวังดีแทรกตัวอยู่ระหว่างการสื่อสารของสองฝ่ายโดยที่ทั้งสองฝ่ายไม่รู้ตัว ทำให้สามารถดักอ่านหรือแม้แต่แก้ไขข้อมูลระหว่างทางได้ การใช้การเข้ารหัสที่แข็งแรง เช่น TLS ช่วยลดความเสี่ยงจากการโจมตีประเภทนี้ได้
539,4,Domain 4: Network Security,"Which type of attack involves sending fraudulent emails that appear to come from a trusted source, in order to trick users into revealing sensitive information?",การโจมตีประเภทใดที่เกี่ยวข้องกับการส่งอีเมลหลอกลวงที่ดูเหมือนมาจากแหล่งที่น่าเชื่อถือ เพื่อหลอกให้ผู้ใช้เปิดเผยข้อมูลที่อ่อนไหว?,A. Phishing | B. ARP spoofing | C. DDoS | D. SQL injection,A. Phishing | B. ARP spoofing | C. DDoS | D. SQL injection,A,"Phishing is a social engineering attack that sends fraudulent emails or messages appearing to come from a trustworthy source, tricking victims into revealing sensitive information, such as passwords, or clicking a malicious link.",Phishing คือการโจมตีทางวิศวกรรมสังคม (social engineering) โดยการส่งอีเมลหรือข้อความหลอกลวงที่ดูเหมือนมาจากแหล่งที่น่าเชื่อถือ เพื่อหลอกให้เหยื่อเปิดเผยข้อมูลที่ละเอียดอ่อน เช่น รหัสผ่าน หรือคลิกลิงก์ที่เป็นอันตราย
540,4,Domain 4: Network Security,"Which server sits between clients and the internet, forwarding requests on behalf of clients and potentially caching content or filtering traffic?",เซิร์ฟเวอร์ใดที่วางอยู่ระหว่างไคลเอนต์กับอินเทอร์เน็ต ส่งต่อคำขอในนามของไคลเอนต์ และอาจแคชเนื้อหาหรือกรองทราฟฟิก?,A. Proxy server | B. DNS server | C. DHCP server | D. Domain controller,A. Proxy server | B. DNS server | C. DHCP server | D. Domain controller,A,"A Proxy Server acts as an intermediary between client machines and the internet, forwarding requests on the client's behalf. It may be used to cache content for faster loading, filter inappropriate traffic, or hide the organization's internal IP addresses from outside.",Proxy Server ทำหน้าที่เป็นตัวกลางระหว่างเครื่องไคลเอนต์กับอินเทอร์เน็ต โดยส่งต่อคำขอแทนไคลเอนต์ อาจใช้เพื่อแคชเนื้อหาให้โหลดเร็วขึ้น กรองทราฟฟิกที่ไม่เหมาะสม หรือซ่อน IP address ภายในองค์กรจากภายนอก ช่วยเพิ่มทั้งประสิทธิภาพและความปลอดภัย
541,4,Domain 4: Network Security,Which protocol translates human-readable domain names (like example.com) into IP addresses that computers use to locate each other on a network?,โปรโตคอลใดที่แปลงชื่อโดเมนที่มนุษย์อ่านเข้าใจง่าย (เช่น example.com) ให้เป็น IP address ที่คอมพิวเตอร์ใช้ค้นหากันบนเครือข่าย?,A. Dynamic Host Configuration Protocol (DHCP) | B. Simple Mail Transfer Protocol (SMTP) | C. Address Resolution Protocol (ARP) | D. Domain Name System (DNS),A. Dynamic Host Configuration Protocol (DHCP) | B. Simple Mail Transfer Protocol (SMTP) | C. Address Resolution Protocol (ARP) | D. Domain Name System (DNS),D,"DNS (Domain Name System) translates human-readable domain names, such as example.com, into the IP addresses computers use to locate and connect to each other on a network. Without DNS, users would need to memorize IP numbers instead of website names.",DNS (Domain Name System) ทำหน้าที่แปลงชื่อโดเมนที่มนุษย์อ่านเข้าใจง่าย เช่น example.com ให้กลายเป็นหมายเลข IP address ที่คอมพิวเตอร์ใช้ในการค้นหาและเชื่อมต่อกันบนเครือข่าย หากปราศจาก DNS ผู้ใช้จะต้องจดจำหมายเลข IP แทนชื่อเว็บไซต์
542,4,Domain 4: Network Security,"Which network design principle involves dividing a network into smaller, isolated subnetworks to limit the spread of an attack if one segment is compromised?",หลักการออกแบบเครือข่ายใดที่เกี่ยวข้องกับการแบ่งเครือข่ายออกเป็นเครือข่ายย่อยที่เล็กกว่าและแยกจากกัน เพื่อจำกัดการแพร่กระจายของการโจมตีหากส่วนใดถูกบุกรุก?,A. Load balancing | B. Port forwarding | C. Network Address Translation | D. Network segmentation,A. Load balancing | B. Port forwarding | C. Network Address Translation | D. Network segmentation,D,"Network Segmentation divides a large network into smaller, isolated subnetworks to limit the scope of damage if one segment is compromised. An attacker who breaches one segment cannot easily spread to others, limiting impact and containing threat propagation.",Network Segmentation คือการแบ่งเครือข่ายใหญ่ออกเป็นเครือข่ายย่อยที่แยกจากกัน เพื่อจำกัดขอบเขตความเสียหายหากส่วนใดส่วนหนึ่งถูกโจมตี ผู้โจมตีที่เจาะเข้าไปในเครือข่ายย่อยหนึ่งจะไม่สามารถแพร่กระจายไปยังส่วนอื่นได้โดยง่าย ช่วยจำกัดผลกระทบและควบคุมการแพร่ระบาดของภัยคุกคาม
543,4,Domain 4: Network Security,Which device distributes incoming network traffic across multiple servers to improve performance and ensure availability?,อุปกรณ์ใดที่กระจายทราฟฟิกเครือข่ายขาเข้าไปยังเซิร์ฟเวอร์หลายเครื่อง เพื่อปรับปรุงประสิทธิภาพและรับประกันความพร้อมใช้งาน?,A. Repeater | B. Load balancer | C. Switch | D. Firewall,A. Repeater | B. Load balancer | C. Switch | D. Firewall,B,"A Load Balancer distributes incoming traffic across multiple servers so no single server bears too much load, improving performance, reducing latency, and increasing overall system Availability. If one server fails, traffic is redirected to others.",Load Balancer ทำหน้าที่กระจายทราฟฟิกที่เข้ามายังเซิร์ฟเวอร์หลายเครื่อง เพื่อไม่ให้เซิร์ฟเวอร์เครื่องใดเครื่องหนึ่งรับภาระมากเกินไป ช่วยเพิ่มประสิทธิภาพการทำงาน ลดความหน่วง และเพิ่มความพร้อมใช้งาน (Availability) ของระบบโดยรวม หากเซิร์ฟเวอร์หนึ่งล้มเหลว ทราฟฟิกจะถูกส่งไปยังเซิร์ฟเวอร์อื่นแทน
544,4,Domain 4: Network Security,Which of the following describes 'Software as a Service' (SaaS) in cloud computing?,ข้อใดอธิบาย 'Software as a Service' (SaaS) ในระบบคลาวด์คอมพิวติ้ง?,"A. A platform providing tools for customers to develop and deploy their own applications | B. Raw computing infrastructure such as virtual machines and storage | C. A private data center owned entirely by the customer | D. A fully managed application accessed via a web browser, such as webmail or online office suites",A. แพลตฟอร์มที่ให้เครื่องมือสำหรับลูกค้าในการพัฒนาและปรับใช้แอปพลิเคชันของตนเอง | B. โครงสร้างพื้นฐานคอมพิวเตอร์ดิบ เช่น เครื่องเสมือนและพื้นที่จัดเก็บ | C. ศูนย์ข้อมูลส่วนตัวที่เป็นเจ้าของทั้งหมดโดยลูกค้า | D. แอปพลิเคชันที่ได้รับการจัดการอย่างสมบูรณ์ที่เข้าถึงผ่านเว็บเบราว์เซอร์ เช่น เว็บเมลหรือชุดโปรแกรมสำนักงานออนไลน์,D,"Software as a Service (SaaS) is a cloud model where the provider manages the entire application, and users simply access it through a web browser without installing or maintaining the system themselves - such as webmail or online office suites, unlike IaaS (infrastructure only) or PaaS (a platform for building applications).",Software as a Service (SaaS) คือรูปแบบคลาวด์ที่ผู้ให้บริการจัดการแอปพลิเคชันทั้งหมดให้ ผู้ใช้เพียงเข้าถึงผ่านเว็บเบราว์เซอร์โดยไม่ต้องติดตั้งหรือดูแลรักษาระบบเอง เช่น เว็บเมลหรือโปรแกรมสำนักงานออนไลน์ ต่างจาก IaaS ที่ให้เพียงโครงสร้างพื้นฐาน หรือ PaaS ที่ให้แพลตฟอร์มสำหรับพัฒนาแอปพลิเคชัน
545,4,Domain 4: Network Security,"An attacker sends forged ARP messages to associate their own MAC address with the IP address of a legitimate device on the local network, intercepting traffic intended for that device. This attack is known as:",ผู้โจมตีส่งข้อความ ARP ปลอมเพื่อเชื่อมโยง MAC address ของตนเองเข้ากับ IP address ของอุปกรณ์ที่ถูกต้องในเครือข่ายท้องถิ่น เพื่อดักจับทราฟฟิกที่มุ่งหมายไปยังอุปกรณ์นั้น การโจมตีนี้เรียกว่า:,A. Buffer overflow | B. SQL injection | C. ARP spoofing (ARP poisoning) | D. DNS spoofing,A. Buffer overflow | B. SQL injection | C. ARP spoofing (ARP poisoning) | D. DNS spoofing,C,"ARP Spoofing (or ARP Poisoning) forges ARP messages to associate the attacker's MAC address with the IP address of a legitimate device on the local network, causing traffic intended for that device to be routed to the attacker instead - commonly used as the first step of a Man-in-the-Middle attack.",ARP Spoofing (หรือ ARP Poisoning) คือการปลอมแปลงข้อความ ARP เพื่อเชื่อมโยง MAC address ของผู้โจมตีเข้ากับ IP address ของอุปกรณ์ที่ถูกต้องในเครือข่ายท้องถิ่น ทำให้ทราฟฟิกที่ควรจะส่งไปยังอุปกรณ์นั้นถูกส่งมาที่ผู้โจมตีแทน ซึ่งมักใช้เป็นขั้นตอนแรกของการโจมตีแบบ Man-in-the-Middle
546,4,Domain 4: Network Security,"Which security architecture principle involves implementing multiple, overlapping layers of security controls so that if one layer fails, others still provide protection?",หลักการสถาปัตยกรรมความปลอดภัยใดที่เกี่ยวข้องกับการนำมาตรการควบคุมความปลอดภัยหลายชั้นที่ซ้อนทับกันมาใช้ เพื่อให้หากชั้นหนึ่งล้มเหลว ชั้นอื่นยังคงให้การป้องกันอยู่?,A. Least Privilege | B. Zero Trust | C. Defense in Depth | D. Single point of failure,A. Least Privilege | B. Zero Trust | C. Defense in Depth | D. Single point of failure,C,"Defense in Depth involves layering multiple overlapping security measures - such as firewalls, intrusion detection, encryption, and access control - so that if one layer fails, others continue to provide protection, increasing the difficulty and cost for an attacker to succeed.",Defense in Depth คือแนวคิดการวางมาตรการความปลอดภัยหลายชั้นซ้อนกัน เช่น ไฟร์วอลล์ ระบบตรวจจับการบุกรุก การเข้ารหัส และการควบคุมการเข้าถึง เพื่อให้หากชั้นป้องกันหนึ่งล้มเหลว ยังมีชั้นอื่นคอยป้องกันอยู่ ช่วยเพิ่มความยากและต้นทุนที่ผู้โจมตีต้องใช้ในการเจาะระบบให้สำเร็จ
547,4,Domain 4: Network Security,"Which type of firewall makes filtering decisions based on the state and context of active connections, rather than examining each packet in isolation?",ไฟร์วอลล์ประเภทใดที่ตัดสินใจกรองทราฟฟิกตามสถานะและบริบทของการเชื่อมต่อที่กำลังดำเนินอยู่ แทนที่จะตรวจสอบแต่ละแพ็กเก็ตแยกจากกัน?,A. Stateful inspection firewall | B. Packet-filtering firewall | C. Circuit-level gateway only | D. Proxy-only firewall,A. Stateful inspection firewall | B. Packet-filtering firewall | C. Circuit-level gateway เท่านั้น | D. Proxy-only firewall,A,"A Stateful Inspection Firewall tracks the state of active connections (such as a TCP handshake) and uses that context to make filtering decisions, making it more accurate and secure than a basic packet-filtering firewall, which examines each packet in isolation without context.",Stateful Inspection Firewall ติดตามสถานะของการเชื่อมต่อที่กำลังดำเนินอยู่ (เช่น การจับมือ TCP) และใช้บริบทนั้นในการตัดสินใจกรองทราฟฟิก ทำให้แม่นยำและปลอดภัยกว่าไฟร์วอลล์แบบกรองแพ็กเก็ตพื้นฐาน (packet-filtering) ที่พิจารณาแต่ละแพ็กเก็ตแยกจากกันโดยไม่มีบริบท
548,5,Domain 5: Security Operations,Which type of malware secretly encrypts a victim's files and demands payment for the decryption key?,มัลแวร์ประเภทใดที่เข้ารหัสไฟล์ของเหยื่ออย่างลับ ๆ แล้วเรียกร้องค่าไถ่เพื่อแลกกับกุญแจถอดรหัส?,A. Rootkit | B. Ransomware | C. Adware | D. Spyware,A. Rootkit | B. Ransomware | C. Adware | D. Spyware,B,"Ransomware secretly encrypts a victim's files and demands payment for the decryption key. Without prior backups, victims may permanently lose their data or feel pressured to pay, with no guarantee the data will actually be recovered.",Ransomware คือมัลแวร์ที่เข้ารหัสไฟล์ของเหยื่ออย่างลับ ๆ แล้วเรียกร้องค่าไถ่เพื่อแลกกับกุญแจถอดรหัส หากไม่มีการสำรองข้อมูลไว้ล่วงหน้า เหยื่ออาจสูญเสียข้อมูลถาวรหรือถูกบังคับให้จ่ายเงินให้ผู้โจมตี ซึ่งไม่มีการรับประกันว่าจะได้ข้อมูลคืนจริง
549,5,Domain 5: Security Operations,"Which type of malware disguises itself as legitimate software to trick users into installing it, without self-replicating like a virus?",มัลแวร์ประเภทใดที่ปลอมตัวเป็นซอฟต์แวร์ถูกกฎหมายเพื่อหลอกให้ผู้ใช้ติดตั้ง โดยไม่แพร่กระจายตัวเองเหมือนไวรัส?,A. Logic bomb | B. Worm | C. Trojan horse | D. Botnet,A. Logic bomb | B. Worm | C. Trojan horse | D. Botnet,C,"A Trojan horse disguises itself as legitimate or useful software to trick users into installing it themselves. Unlike a virus or worm, it does not self-replicate or spread to other systems on its own.",Trojan Horse (โทรจัน (Trojan Horse)) คือมัลแวร์ที่ปลอมตัวเป็นซอฟต์แวร์ที่ดูปกติหรือมีประโยชน์ เพื่อหลอกล่อให้ผู้ใช้ติดตั้งเอง โดยตัวมันเองไม่มีความสามารถในการแพร่กระจายตัวเองไปยังระบบอื่นเหมือนไวรัสหรือเวิร์ม (worm) ต่างจาก Worm ที่สามารถแพร่กระจายผ่านเครือข่ายได้ด้วยตัวเอง
550,5,Domain 5: Security Operations,Which type of malware can self-replicate and spread across a network WITHOUT requiring a host file or user interaction?,มัลแวร์ประเภทใดที่สามารถแพร่กระจายตัวเองผ่านเครือข่ายได้โดยไม่ต้องอาศัยไฟล์โฮสต์หรือการกระทำของผู้ใช้?,A. Trojan horse | B. Adware | C. Worm | D. Keylogger,A. Trojan horse | B. Adware | C. Worm | D. Keylogger,C,"A Worm can self-replicate and spread across a network automatically, without needing a host file or any user interaction, unlike a typical virus which requires a host program to spread.",Worm (เวิร์ม) เป็นมัลแวร์ที่สามารถแพร่กระจายตัวเองผ่านเครือข่ายไปยังเครื่องอื่นได้โดยอัตโนมัติ โดยไม่จำเป็นต้องอาศัยไฟล์โฮสต์หรือการกระทำของผู้ใช้เหมือนไวรัสทั่วไป ทำให้สามารถแพร่ระบาดได้อย่างรวดเร็วในวงกว้าง
551,5,Domain 5: Security Operations,Which social engineering technique involves an attacker following an authorized employee through a secured door without using their own credentials?,เทคนิควิศวกรรมสังคมใดที่ผู้โจมตีเดินตามพนักงานที่ได้รับอนุญาตผ่านประตูที่มีการรักษาความปลอดภัย โดยไม่ใช้ข้อมูลรับรองของตนเอง?,A. Baiting | B. Phishing | C. Pretexting | D. Tailgating (piggybacking),A. Baiting | B. Phishing | C. Pretexting | D. Tailgating (piggybacking),D,"Tailgating (or piggybacking) is when an attacker follows an authorized employee through a secured door without using their own credentials, often exploiting social courtesy like someone holding the door open.",Tailgating หรือ Piggybacking คือเทคนิควิศวกรรมสังคมที่ผู้โจมตีเดินตามพนักงานที่ได้รับอนุญาตเข้าประตูที่มีการรักษาความปลอดภัย โดยไม่ต้องใช้บัตรผ่านหรือข้อมูลรับรองของตนเอง มักอาศัยมารยาททางสังคม เช่น การถือประตูให้ผู้อื่น เพื่อเข้าถึงพื้นที่หวงห้ามได้
552,5,Domain 5: Security Operations,"An attacker creates a fabricated scenario, such as pretending to be IT support, to trick an employee into revealing their password over the phone. This technique is called:",ผู้โจมตีสร้างสถานการณ์สมมติขึ้น เช่น แสร้งเป็นเจ้าหน้าที่ฝ่าย IT เพื่อหลอกให้พนักงานเปิดเผยรหัสผ่านทางโทรศัพท์ เทคนิคนี้เรียกว่าอะไร?,A. Pretexting | B. Dumpster diving | C. Tailgating | D. Baiting,A. Pretexting | B. Dumpster diving | C. Tailgating | D. Baiting,A,Pretexting is creating a fabricated scenario or false identity - such as posing as IT support - to manipulate a victim into revealing sensitive information like a password.,Pretexting คือการสร้างสถานการณ์หรือเรื่องราวสมมติขึ้นมา เช่น การอ้างตัวเป็นเจ้าหน้าที่ฝ่าย IT เพื่อหลอกล่อให้เหยื่อเปิดเผยข้อมูลที่ละเอียดอ่อน เช่น รหัสผ่าน โดยอาศัยความน่าเชื่อถือของบทบาทปลอมนั้นในการโน้มน้าวเหยื่อ
553,5,Domain 5: Security Operations,Which social engineering attack involves leaving an infected USB drive in a location where an employee is likely to find and plug it into their computer?,การโจมตีทางวิศวกรรมสังคมใดที่วางอุปกรณ์ USB ที่ติดมัลแวร์ไว้ในจุดที่คาดว่าพนักงานจะพบและนำไปเสียบเข้ากับคอมพิวเตอร์?,A. Phishing | B. Baiting | C. Tailgating | D. Vishing,A. Phishing | B. Baiting | C. Tailgating | D. Vishing,B,Baiting uses a tempting lure - such as an infected USB drive left where a curious employee might find and plug it in - to trigger malware execution once connected.,Baiting คือเทคนิควิศวกรรมสังคมที่ใช้สิ่งล่อใจ เช่น อุปกรณ์ USB ที่ติดมัลแวร์ วางไว้ในจุดที่คาดว่าเหยื่อจะพบและนำไปเสียบเข้ากับคอมพิวเตอร์ด้วยความอยากรู้อยากเห็น เมื่อเสียบแล้วมัลแวร์จะทำงานทันทีและอาจแพร่กระจายเข้าสู่ระบบขององค์กร
554,5,Domain 5: Security Operations,"Which data classification level is typically reserved for information that, if disclosed, would cause exceptionally grave damage to national security or the organization?",ระดับการจัดประเภทข้อมูลใดที่ปกติสงวนไว้สำหรับข้อมูลที่หากรั่วไหลจะสร้างความเสียหายร้ายแรงอย่างยิ่งต่อความมั่นคงของชาติหรือองค์กร?,A. Internal Use Only | B. Public | C. Unclassified | D. Top Secret (or Highly Confidential),A. Internal Use Only | B. Public | C. Unclassified | D. Top Secret (or Highly Confidential),D,"The highest classification level, such as Top Secret or Highly Confidential, is reserved for information whose disclosure would cause exceptionally grave damage to national security or the organization, requiring the strictest access controls.",ระดับชั้นความลับสูงสุด เช่น Top Secret หรือ Highly Confidential สงวนไว้สำหรับข้อมูลที่หากรั่วไหลจะสร้างความเสียหายร้ายแรงอย่างยิ่งต่อความมั่นคงของชาติหรือองค์กร จึงต้องมีมาตรการควบคุมการเข้าถึงที่เข้มงวดที่สุดเมื่อเทียบกับข้อมูลระดับอื่น
555,5,Domain 5: Security Operations,Which of the following BEST describes data classified as 'Public'?,ข้อใดอธิบายข้อมูลที่จัดประเภทเป็น 'Public' ได้ดีที่สุด?,A. Information that requires the highest level of protection | B. Information that must always be encrypted at rest | C. Information that can be freely disclosed to anyone without causing harm to the organization | D. Information accessible only to senior executives,A. ข้อมูลที่ต้องการการป้องกันระดับสูงสุด | B. ข้อมูลที่ต้องเข้ารหัสตลอดเวลาที่จัดเก็บ | C. ข้อมูลที่สามารถเปิดเผยต่อสาธารณะได้อย่างอิสระโดยไม่ก่อความเสียหายต่อองค์กร | D. ข้อมูลที่เข้าถึงได้เฉพาะผู้บริหารระดับสูงเท่านั้น,C,"'Public' classified data can be freely disclosed to anyone without causing harm to the organization, such as press releases or public website content - it requires the least protection compared to other classification levels.",ข้อมูลระดับ Public คือข้อมูลที่สามารถเปิดเผยต่อสาธารณะได้อย่างอิสระโดยไม่ก่อให้เกิดความเสียหายต่อองค์กร เช่น ข่าวประชาสัมพันธ์หรือข้อมูลบนเว็บไซต์สาธารณะ จึงต้องการมาตรการป้องกันน้อยที่สุดเมื่อเทียบกับข้อมูลระดับอื่น เช่น Confidential หรือ Top Secret
556,5,Domain 5: Security Operations,Which term describes data that is actively being processed by an application in a computer's memory (RAM)?,คำใดอธิบายข้อมูลที่กำลังถูกประมวลผลโดยแอปพลิเคชันในหน่วยความจำของคอมพิวเตอร์ (RAM)?,A. Data in transit | B. Data in archive | C. Data in use | D. Data at rest,A. Data in transit | B. Data in archive | C. Data in use | D. Data at rest,C,"'Data in Use' refers to data actively being processed in an application's memory (RAM) at that moment - distinct from Data at Rest (stored, e.g. on a hard disk) and Data in Transit (moving across a network).",Data in Use หมายถึงข้อมูลที่กำลังถูกประมวลผลอยู่ในหน่วยความจำ (RAM) ของแอปพลิเคชัน ณ ขณะนั้น ต่างจาก Data at Rest ซึ่งหมายถึงข้อมูลที่จัดเก็บอยู่นิ่ง ๆ เช่น บนฮาร์ดดิสก์ และ Data in Transit ซึ่งหมายถึงข้อมูลที่กำลังถูกส่งผ่านเครือข่าย
557,5,Domain 5: Security Operations,Which encryption approach uses the SAME key for both encrypting and decrypting data?,วิธีการเข้ารหัสใดที่ใช้กุญแจเดียวกันทั้งในการเข้ารหัสและถอดรหัสข้อมูล?,A. Hashing | B. Symmetric encryption | C. Digital signature | D. Asymmetric encryption,A. Hashing | B. Symmetric encryption | C. Digital signature | D. Asymmetric encryption,B,"Symmetric encryption uses the same key for both encrypting and decrypting data - fast and well-suited for large volumes of data, but it poses a challenge around securely distributing that shared key.",Symmetric Encryption (การเข้ารหัสแบบสมมาตร) ใช้กุญแจเดียวกันทั้งในการเข้ารหัสและถอดรหัสข้อมูล มีความเร็วสูงเหมาะกับการเข้ารหัสข้อมูลปริมาณมาก แต่มีความท้าทายเรื่องการแจกจ่ายกุญแจอย่างปลอดภัย ต่างจาก Asymmetric Encryption ที่ใช้กุญแจคู่ (public/private key) แยกกัน
558,5,Domain 5: Security Operations,Which encryption approach uses a public key to encrypt data and a mathematically related private key to decrypt it?,วิธีการเข้ารหัสใดที่ใช้ public key ในการเข้ารหัสข้อมูล และใช้ private key ที่สัมพันธ์กันทางคณิตศาสตร์ในการถอดรหัส?,A. Steganography | B. Asymmetric encryption | C. Symmetric encryption | D. Hashing,A. Steganography | B. Asymmetric encryption | C. Symmetric encryption | D. Hashing,B,Asymmetric encryption uses a mathematically related key pair - a public key to encrypt and a private key to decrypt - allowing the public key to be shared openly since only the private key holder can decrypt the data.,Asymmetric Encryption (การเข้ารหัสแบบอสมมาตร) ใช้กุญแจคู่ที่สัมพันธ์กันทางคณิตศาสตร์ คือ Public Key สำหรับเข้ารหัส และ Private Key สำหรับถอดรหัส ทำให้สามารถแจกจ่าย Public Key ได้อย่างเปิดเผยโดยไม่ทำให้ข้อมูลไม่ปลอดภัย เพราะมีเพียงเจ้าของ Private Key เท่านั้นที่ถอดรหัสได้
559,5,Domain 5: Security Operations,"Which cryptographic function takes an input of any size and produces a fixed-length output, primarily used to verify data integrity rather than for encryption?",ฟังก์ชันการเข้ารหัสใดที่รับข้อมูลนำเข้าขนาดใดก็ได้และสร้างผลลัพธ์ที่มีความยาวคงที่ ใช้เพื่อตรวจสอบความถูกต้องของข้อมูลมากกว่าการเข้ารหัส?,A. Asymmetric encryption | B. Tokenization | C. Symmetric encryption | D. Hashing,A. Asymmetric encryption | B. Tokenization | C. Symmetric encryption | D. Hashing,D,"Hashing is a one-way mathematical function that takes input of any size and produces a fixed-length output (hash value), used primarily to verify data integrity rather than for reversible encryption.",Hashing คือฟังก์ชันทางคณิตศาสตร์ที่รับข้อมูลนำเข้าขนาดใดก็ได้แล้วสร้างผลลัพธ์ที่มีความยาวคงที่ (hash value) ใช้เพื่อตรวจสอบความถูกต้องครบถ้วนของข้อมูล (integrity) เป็นหลัก ไม่ใช่เพื่อการเข้ารหัสที่สามารถถอดกลับได้ เนื่องจากฟังก์ชันแฮชเป็นกระบวนการทางเดียว (one-way)
560,5,Domain 5: Security Operations,"Which cryptographic technique combines hashing and asymmetric encryption to verify both the authenticity and integrity of a message, while also providing non-repudiation?",เทคนิคการเข้ารหัสใดที่ผสมผสาน hashing กับ asymmetric encryption เพื่อยืนยันความถูกต้องและความครบถ้วนของข้อความ พร้อมทั้งให้ non-repudiation?,A. Symmetric encryption | B. Tokenization | C. Salting | D. Digital signature,A. Symmetric encryption | B. Tokenization | C. Salting | D. Digital signature,D,"A digital signature combines hashing with asymmetric encryption: the sender signs the message hash with their private key, and the receiver verifies it with the sender's public key, confirming both authenticity, integrity, and non-repudiation.",Digital Signature (ลายเซ็นดิจิทัล) ผสมผสานการแฮชข้อมูลกับการเข้ารหัสแบบอสมมาตร โดยผู้ส่งใช้ Private Key เซ็นค่าแฮชของข้อความ ผู้รับสามารถตรวจสอบด้วย Public Key ได้ว่าข้อความมาจากผู้ส่งจริงและไม่ถูกแก้ไข พร้อมทั้งช่วยป้องกันการปฏิเสธความรับผิดชอบ (non-repudiation) ของผู้ส่ง
561,5,Domain 5: Security Operations,"Which infrastructure manages the creation, distribution, storage, and revocation of digital certificates used to establish trust in public key cryptography?",โครงสร้างพื้นฐานใดที่จัดการการออก แจกจ่าย จัดเก็บ และเพิกถอนใบรับรองดิจิทัลที่ใช้สร้างความน่าเชื่อถือในการเข้ารหัสแบบกุญแจสาธารณะ?,A. Domain Name System (DNS) | B. Security Information and Event Management (SIEM) | C. Network Access Control (NAC) | D. Public Key Infrastructure (PKI),A. Domain Name System (DNS) | B. Security Information and Event Management (SIEM) | C. Network Access Control (NAC) | D. Public Key Infrastructure (PKI),D,"Public Key Infrastructure (PKI) manages the full lifecycle of digital certificates - issuance, distribution, storage, and revocation - establishing trust for public key cryptography between parties who have never interacted before.",Public Key Infrastructure (PKI) คือระบบโครงสร้างพื้นฐานที่จัดการวงจรชีวิตทั้งหมดของใบรับรองดิจิทัล (digital certificate) ตั้งแต่การออก แจกจ่าย จัดเก็บ ไปจนถึงการเพิกถอน เพื่อสร้างความน่าเชื่อถือในการเข้ารหัสแบบกุญแจสาธารณะ (public key cryptography) ระหว่างคู่สื่อสารที่ไม่เคยรู้จักกันมาก่อน
562,5,Domain 5: Security Operations,"Adding a unique, random value to a password before hashing it, so that identical passwords produce different hash outputs, is called:",การเพิ่มค่าสุ่มเฉพาะตัวให้กับรหัสผ่านก่อนนำไปแฮช เพื่อให้รหัสผ่านที่เหมือนกันได้ค่าแฮชต่างกัน เรียกว่าอะไร?,A. Salting | B. Key stretching | C. Tokenization | D. Hashing collision,A. Salting | B. Key stretching | C. Tokenization | D. Hashing collision,A,"Salting adds a unique random value to a password before hashing it, so identical passwords produce different hash outputs - this defeats precomputed rainbow table attacks.",Salting คือการเพิ่มค่าสุ่มเฉพาะตัว (salt) ให้กับรหัสผ่านก่อนนำไปแฮช ทำให้รหัสผ่านที่เหมือนกันของผู้ใช้แต่ละคนมีค่าแฮชที่แตกต่างกัน ซึ่งช่วยทำลายประสิทธิภาพของการโจมตีด้วย Rainbow Table ที่อาศัยตารางแฮชที่คำนวณไว้ล่วงหน้า
563,5,Domain 5: Security Operations,"Which centralized system collects, correlates, and analyzes log data from across an organization's network to detect potential security incidents in real time?",ระบบรวมศูนย์ใดที่รวบรวม เชื่อมโยง และวิเคราะห์ข้อมูล log จากทั่วทั้งเครือข่ายเพื่อตรวจจับเหตุการณ์ด้านความปลอดภัยแบบเรียลไทม์?,A. Network Access Control (NAC) | B. Security Information and Event Management (SIEM) | C. Content Delivery Network (CDN) | D. Public Key Infrastructure (PKI),A. Network Access Control (NAC) | B. Security Information and Event Management (SIEM) | C. Content Delivery Network (CDN) | D. Public Key Infrastructure (PKI),B,"A SIEM centrally collects, correlates, and analyzes log data across an organization's network to detect potential security incidents in near real time, helping teams respond faster.",SIEM (Security Information and Event Management) รวบรวมและวิเคราะห์ข้อมูลบันทึกเหตุการณ์ (log) จากอุปกรณ์และระบบต่าง ๆ ทั่วทั้งเครือข่ายไว้ที่ศูนย์กลาง เพื่อค้นหาความสัมพันธ์ของเหตุการณ์และตรวจจับสัญญาณของภัยคุกคามด้านความปลอดภัยแบบเรียลไทม์ ช่วยให้ทีมความปลอดภัยตอบสนองต่อเหตุการณ์ได้รวดเร็วขึ้น
564,5,Domain 5: Security Operations,"Which process involves systematically scanning systems to identify known security weaknesses, then prioritizing and remediating them?",กระบวนการใดที่สแกนระบบอย่างเป็นระบบเพื่อค้นหาช่องโหว่ด้านความปลอดภัยที่ทราบอยู่แล้ว แล้วจัดลำดับความสำคัญและแก้ไข?,A. Configuration management | B. Vulnerability management | C. Asset management | D. Change management,A. Configuration management | B. Vulnerability management | C. Asset management | D. Change management,B,"Vulnerability management is the systematic process of scanning for known security weaknesses, then prioritizing and remediating them to continually reduce an organization's attack surface.",Vulnerability Management คือกระบวนการที่เป็นระบบในการค้นหาช่องโหว่ที่ทราบอยู่แล้วในระบบผ่านการสแกน จากนั้นจึงจัดลำดับความสำคัญและดำเนินการแก้ไข (remediate) ช่องโหว่เหล่านั้น เพื่อลดพื้นผิวการโจมตี (attack surface) ขององค์กรอย่างต่อเนื่อง
565,5,Domain 5: Security Operations,"Which process ensures that software updates addressing known vulnerabilities are tested and deployed to systems in a timely, controlled manner?",กระบวนการใดที่รับรองว่าการอัปเดตซอฟต์แวร์ที่แก้ไขช่องโหว่ที่ทราบแล้วจะถูกทดสอบและติดตั้งอย่างทันเวลาและมีการควบคุม?,A. Patch management | B. Penetration testing | C. Vulnerability scanning | D. Data classification,A. Patch management | B. Penetration testing | C. Vulnerability scanning | D. Data classification,A,"Patch management is the process of testing and deploying software updates that address known vulnerabilities, in a timely and controlled manner, to close gaps before attackers can exploit them.",Patch Management คือกระบวนการจัดการการทดสอบและติดตั้งการอัปเดตซอฟต์แวร์ที่แก้ไขช่องโหว่ที่ทราบแล้ว อย่างมีการควบคุมและทันเวลา เพื่อป้องกันไม่ให้ผู้โจมตีใช้ประโยชน์จากช่องโหว่ที่มีแพตช์แก้ไขอยู่แล้วแต่ยังไม่ได้ติดตั้ง
566,5,Domain 5: Security Operations,"Which formal process requires proposed modifications to IT systems to be documented, reviewed, approved, and tested before implementation, to avoid unintended disruptions?",กระบวนการที่เป็นทางการใดที่กำหนดให้การแก้ไขระบบ IT ที่เสนอต้องถูกบันทึก ทบทวน อนุมัติ และทดสอบก่อนนำไปใช้งาน เพื่อหลีกเลี่ยงการหยุดชะงักที่ไม่ได้ตั้งใจ?,A. Change management | B. Vulnerability management | C. Patch management | D. Incident response,A. Change management | B. Vulnerability management | C. Patch management | D. Incident response,A,"Change management is the formal process requiring proposed IT system modifications to be documented, reviewed, approved, and tested before implementation, reducing the risk of unintended disruptions.",Change Management คือกระบวนการที่เป็นทางการในการบันทึก ทบทวน อนุมัติ และทดสอบการเปลี่ยนแปลงใด ๆ ต่อระบบไอที ก่อนนำไปใช้งานจริง เพื่อลดความเสี่ยงที่การเปลี่ยนแปลงจะก่อให้เกิดปัญหาหรือการหยุดชะงักของระบบโดยไม่ได้ตั้งใจ
567,5,Domain 5: Security Operations,"Which practice involves establishing and maintaining a documented, standardized baseline configuration for systems to ensure consistency and detect unauthorized changes?",แนวปฏิบัติใดที่กำหนดและรักษามาตรฐานการตั้งค่าระบบ (baseline configuration) ที่มีการบันทึกไว้ เพื่อความสอดคล้องและตรวจจับการเปลี่ยนแปลงที่ไม่ได้รับอนุญาต?,A. Incident response | B. Data classification | C. Configuration management | D. Change management,A. Incident response | B. Data classification | C. Configuration management | D. Change management,C,"Configuration management establishes and maintains a documented, standardized baseline configuration for systems, ensuring consistency and making it easier to detect unauthorized changes.",Configuration Management คือแนวปฏิบัติในการกำหนดและรักษามาตรฐานการตั้งค่าระบบ (baseline configuration) ให้เป็นไปในทิศทางเดียวกันและมีการบันทึกไว้อย่างชัดเจน ช่วยให้สามารถตรวจพบการเปลี่ยนแปลงที่ไม่ได้รับอนุญาตได้ง่ายขึ้น และรักษาความสอดคล้องของระบบทั้งหมดในองค์กร
568,5,Domain 5: Security Operations,"Which term describes the process of applying security settings to reduce a system's attack surface, such as disabling unnecessary services and closing unused ports?",คำใดอธิบายกระบวนการปรับใช้การตั้งค่าความปลอดภัยเพื่อลดพื้นผิวการโจมตีของระบบ เช่น การปิดบริการที่ไม่จำเป็นและปิดพอร์ตที่ไม่ได้ใช้งาน?,A. Load balancing | B. Data classification | C. System hardening | D. Patch management,A. Load balancing | B. Data classification | C. System hardening | D. Patch management,C,System hardening is the process of applying security settings to reduce a system's attack surface - such as disabling unnecessary services and closing unused ports - leaving fewer entry points for attackers.,System Hardening คือกระบวนการปรับแต่งการตั้งค่าความปลอดภัยของระบบเพื่อลดพื้นผิวการโจมตี (attack surface) เช่น การปิดบริการที่ไม่จำเป็น ปิดพอร์ตที่ไม่ได้ใช้งาน และลบซอฟต์แวร์ที่ไม่จำเป็นออก ทำให้มีช่องทางที่ผู้โจมตีสามารถใช้ประโยชน์ได้น้อยลง
569,5,Domain 5: Security Operations,"Which type of backup captures ALL data selected for backup every time it runs, resulting in the longest backup time but the fastest restore time?",ประเภทการสำรองข้อมูลใดที่สำรองข้อมูลทั้งหมดที่เลือกไว้ทุกครั้งที่ทำงาน ทำให้ใช้เวลาสำรองนานที่สุดแต่กู้คืนได้เร็วที่สุด?,A. Incremental backup | B. Snapshot backup only | C. Full backup | D. Differential backup,A. Incremental backup | B. Snapshot backup only | C. Full backup | D. Differential backup,C,"A Full backup captures all selected data every time it runs, resulting in the longest backup time and largest storage use, but the fastest and simplest restore - since only one backup set is needed.",Full Backup คือการสำรองข้อมูลทั้งหมดที่เลือกไว้ทุกครั้งที่ทำการสำรอง ทำให้ใช้เวลาสำรองนานที่สุดและใช้พื้นที่จัดเก็บมากที่สุด แต่มีข้อดีคือการกู้คืนข้อมูลทำได้รวดเร็วที่สุด เพราะต้องใช้เพียงไฟล์สำรองชุดเดียวในการกู้คืนทั้งหมด
570,5,Domain 5: Security Operations,"Which type of backup only captures data that has changed since the LAST backup of any type (full or incremental), resulting in the smallest backup size and fastest backup time, but a slower and more complex restore process?",ประเภทการสำรองข้อมูลใดที่สำรองเฉพาะข้อมูลที่เปลี่ยนแปลงนับตั้งแต่การสำรองครั้งล่าสุด (ไม่ว่าจะเป็น full หรือ incremental) ทำให้ใช้พื้นที่น้อยที่สุดแต่การกู้คืนซับซ้อนกว่า?,A. Full backup | B. Incremental backup | C. Differential backup | D. Mirror backup,A. Full backup | B. Incremental backup | C. Differential backup | D. Mirror backup,B,"An Incremental backup only captures data changed since the very last backup of any type (full or incremental), resulting in the smallest size and fastest backup, but a slower and more complex restore since every incremental file must be applied in sequence.",Incremental Backup สำรองเฉพาะข้อมูลที่เปลี่ยนแปลงไปนับตั้งแต่การสำรองครั้งล่าสุด (ไม่ว่าจะเป็น Full หรือ Incremental ครั้งก่อน) ทำให้ใช้เวลาและพื้นที่จัดเก็บน้อยที่สุด แต่การกู้คืนข้อมูลจะซับซ้อนกว่า เพราะต้องนำไฟล์ Full backup และไฟล์ Incremental ทุกไฟล์ตามลำดับมาประกอบรวมกัน
571,5,Domain 5: Security Operations,Which secure media disposal method makes data on a hard drive UNRECOVERABLE by exposing it to a strong magnetic field?,วิธีการทำลายสื่อจัดเก็บข้อมูลอย่างปลอดภัยแบบใดที่ทำให้ข้อมูลบนฮาร์ดดิสก์ไม่สามารถกู้คืนได้ด้วยการใช้สนามแม่เหล็กความเข้มสูง?,A. Formatting | B. Compression | C. File deletion | D. Degaussing,A. Formatting | B. Compression | C. File deletion | D. Degaussing,D,"Degaussing exposes magnetic storage media (like a hard disk) to a strong magnetic field, rendering the data unrecoverable - unlike formatting or file deletion, which only remove pointers to the data while the actual data remains recoverable.",Degaussing คือการใช้สนามแม่เหล็กความเข้มสูงในการลบข้อมูลบนสื่อจัดเก็บแบบแม่เหล็ก เช่น ฮาร์ดดิสก์ ทำให้ข้อมูลไม่สามารถกู้คืนได้อีก ต่างจากการฟอร์แมตหรือการลบไฟล์ปกติซึ่งเพียงลบตัวชี้ (pointer) ไปยังข้อมูล แต่ข้อมูลจริงยังคงอยู่และสามารถกู้คืนได้ด้วยเครื่องมือเฉพาะทาง
572,5,Domain 5: Security Operations,"Which of the following is the MOST secure method to ensure that data on a physical hard drive can NEVER be recovered, especially when the drive itself will not be reused?",ข้อใดคือวิธีที่ปลอดภัยที่สุดในการรับประกันว่าข้อมูลบนฮาร์ดดิสก์จะไม่สามารถกู้คืนได้เลย โดยเฉพาะเมื่อจะไม่นำไดรฟ์นั้นกลับมาใช้ซ้ำ?,A. Renaming the files with random characters | B. Moving files to the recycle bin and emptying it | C. Physical destruction (shredding or crushing the drive) | D. Quick format,A. เปลี่ยนชื่อไฟล์เป็นอักขระสุ่ม | B. ย้ายไฟล์ไปที่ถังขยะแล้วล้างถังขยะ | C. การทำลายทางกายภาพ (บดหรือทุบไดรฟ์) | D. การฟอร์แมตแบบเร็ว (quick format),C,"Physical destruction (shredding or crushing the drive) is the most secure method to guarantee data can never be recovered, ideal when the storage media itself won't be reused - unlike formatting or file deletion, which leave data recoverable with specialized tools.",การทำลายทางกายภาพ (physical destruction) เช่น การบดหรือทำลายฮาร์ดดิสก์ เป็นวิธีที่ปลอดภัยที่สุดในการรับประกันว่าจะไม่มีทางกู้คืนข้อมูลได้อีก เหมาะสำหรับกรณีที่ไม่ต้องการนำสื่อจัดเก็บนั้นกลับมาใช้งานซ้ำ ต่างจากการฟอร์แมตหรือการลบไฟล์ทั่วไปซึ่งข้อมูลยังสามารถถูกกู้คืนได้ด้วยเครื่องมือพิเศษ
573,5,Domain 5: Security Operations,"Which document tracks organizational assets (hardware, software, data) throughout their lifecycle, supporting security decisions such as patching and end-of-life planning?",เอกสารใดที่ติดตามทรัพย์สินขององค์กร (ฮาร์ดแวร์ ซอฟต์แวร์ ข้อมูล) ตลอดวงจรชีวิต เพื่อสนับสนุนการตัดสินใจด้านความปลอดภัย เช่น การอัปเดตแพตช์และการวางแผนเลิกใช้งาน?,A. Business continuity plan | B. Asset inventory (asset management register) | C. Risk register | D. Incident response plan,A. Business continuity plan | B. Asset inventory (asset management register) | C. Risk register | D. Incident response plan,B,"An asset inventory (asset management register) tracks organizational assets - hardware, software, and data - throughout their lifecycle, supporting security decisions such as patching schedules and end-of-life planning.",Asset Inventory หรือ Asset Management Register คือเอกสารที่บันทึกและติดตามทรัพย์สินขององค์กร ทั้งฮาร์ดแวร์ ซอฟต์แวร์ และข้อมูล ตลอดวงจรชีวิตการใช้งาน ช่วยสนับสนุนการตัดสินใจด้านความปลอดภัย เช่น การวางแผนอัปเดตแพตช์หรือการเลิกใช้งานอุปกรณ์เมื่อหมดอายุการใช้งาน (end-of-life)
574,5,Domain 5: Security Operations,An organization conducts regular training sessions to teach employees how to recognize phishing emails and avoid clicking malicious links. This is an example of:,องค์กรจัดฝึกอบรมพนักงานเป็นประจำเพื่อสอนวิธีสังเกตอีเมลฟิชชิงและหลีกเลี่ยงการคลิกลิงก์อันตราย นี่คือตัวอย่างของอะไร?,A. Log correlation | B. Security awareness training | C. Vulnerability scanning | D. Penetration testing,A. Log correlation | B. Security awareness training | C. Vulnerability scanning | D. Penetration testing,B,"This is an example of security awareness training - an administrative control designed to help employees recognize and avoid threats like phishing, since human behavior is often the weakest link in an organization's security chain.",การฝึกอบรมสร้างความตระหนักด้านความปลอดภัย (Security Awareness Training) มีเป้าหมายเพื่อให้พนักงานสามารถสังเกตและหลีกเลี่ยงภัยคุกคาม เช่น อีเมลฟิชชิง ซึ่งเป็นการควบคุมเชิงบริหาร (administrative control) ที่สำคัญ เพราะมนุษย์มักเป็นจุดอ่อนที่สุดในห่วงโซ่ความปลอดภัยขององค์กร
575,5,Domain 5: Security Operations,"Which authorized, simulated cyberattack is conducted to actively exploit vulnerabilities and assess how far an attacker could penetrate a system, going beyond simply identifying weaknesses?",การจำลองการโจมตีทางไซเบอร์แบบใดที่ได้รับอนุญาตและพยายามใช้ประโยชน์จากช่องโหว่จริงเพื่อประเมินว่าผู้โจมตีจะเจาะระบบได้ลึกเพียงใด มากกว่าการค้นหาช่องโหว่เพียงอย่างเดียว?,A. Configuration management | B. Security awareness training | C. Vulnerability scanning | D. Penetration testing,A. Configuration management | B. Security awareness training | C. Vulnerability scanning | D. Penetration testing,D,"Penetration testing is an authorized, simulated cyberattack that actively exploits vulnerabilities to assess how far an attacker could penetrate a system - going beyond vulnerability scanning, which only identifies weaknesses without exploiting them.",Penetration Testing คือการจำลองการโจมตีทางไซเบอร์ที่ได้รับอนุญาต โดยพยายามเจาะระบบและใช้ประโยชน์จากช่องโหว่จริง เพื่อประเมินว่าผู้โจมตีจะสามารถเจาะลึกเข้าไปในระบบได้มากเพียงใด ต่างจาก Vulnerability Scanning ซึ่งเป็นเพียงการค้นหาและระบุช่องโหว่โดยไม่มีการโจมตีจริง
576,5,Domain 5: Security Operations,"Which term describes the continuous monitoring of network traffic, system logs, and security alerts to detect and respond to threats as they occur?",คำใดอธิบายการเฝ้าระวังทราฟฟิกเครือข่าย บันทึกระบบ และการแจ้งเตือนด้านความปลอดภัยอย่างต่อเนื่อง เพื่อตรวจจับและตอบสนองต่อภัยคุกคามได้ทันทีที่เกิดขึ้น?,A. Business impact analysis | B. Change management | C. Security monitoring | D. Data classification,A. Business impact analysis | B. Change management | C. Security monitoring | D. Data classification,C,"Security monitoring is the continuous observation of network traffic, system logs, and security alerts to detect and respond to threats as they occur - a core function of a Security Operations Center (SOC).",Security Monitoring คือการเฝ้าระวังทราฟฟิกเครือข่าย บันทึกระบบ (log) และการแจ้งเตือนด้านความปลอดภัยอย่างต่อเนื่อง เพื่อตรวจจับและตอบสนองต่อภัยคุกคามได้ทันทีที่เกิดขึ้น ถือเป็นกิจกรรมหลักของศูนย์ปฏิบัติการความปลอดภัย (Security Operations Center - SOC)
577,5,Domain 5: Security Operations,"Which term refers to the process of identifying, collecting, and preserving digital evidence in a manner that maintains its integrity for potential use in legal proceedings?",คำใดหมายถึงกระบวนการระบุ เก็บรวบรวม และรักษาหลักฐานดิจิทัลในลักษณะที่คงความถูกต้องครบถ้วนไว้ เพื่อใช้ในกระบวนการทางกฎหมาย?,A. Digital forensics | B. Penetration testing | C. Change management | D. Data classification,A. Digital forensics | B. Penetration testing | C. Change management | D. Data classification,A,"Digital forensics is the process of identifying, collecting, and preserving digital evidence in a manner that maintains its integrity, so it can potentially be used in legal proceedings - this requires strictly following a 'chain of custody' to keep the evidence credible.",Digital Forensics คือกระบวนการระบุ เก็บรวบรวม และรักษาหลักฐานดิจิทัลในลักษณะที่คงความถูกต้องครบถ้วนไว้ เพื่อให้สามารถนำไปใช้เป็นหลักฐานทางกฎหมายได้ กระบวนการนี้ต้องปฏิบัติตามหลัก 'chain of custody' อย่างเคร่งครัดเพื่อป้องกันไม่ให้หลักฐานถูกโต้แย้งความน่าเชื่อถือ
578,5,Domain 5: Security Operations,Which practice involves storing multiple copies of critical data in geographically separate locations to protect against data loss from a localized disaster?,แนวปฏิบัติใดที่จัดเก็บสำเนาข้อมูลสำคัญหลายชุดไว้ในสถานที่ทางภูมิศาสตร์ที่แยกจากกัน เพื่อป้องกันการสูญเสียข้อมูลจากภัยพิบัติเฉพาะพื้นที่?,A. Offsite backup storage | B. Network segmentation | C. Load balancing | D. Data classification,A. Offsite backup storage | B. Network segmentation | C. Load balancing | D. Data classification,A,"Offsite backup storage keeps multiple copies of critical data in geographically separate locations to protect against data loss from a localized disaster, such as a fire or flood at the primary data center.",การจัดเก็บสำเนาข้อมูลสำรองไว้ในสถานที่ทางภูมิศาสตร์ที่แยกจากกัน (Offsite Backup Storage) ช่วยป้องกันการสูญเสียข้อมูลถาวรหากเกิดภัยพิบัติเฉพาะพื้นที่ เช่น ไฟไหม้หรือน้ำท่วมที่ศูนย์ข้อมูลหลัก เนื่องจากสำเนาสำรองในสถานที่อื่นจะไม่ได้รับผลกระทบจากเหตุการณ์เดียวกัน
579,5,Domain 5: Security Operations,"An organization builds redundant power supplies, network paths, and clustered servers into its infrastructure to minimize single points of failure. This design goal primarily supports which CIA Triad principle?",องค์กรออกแบบระบบให้มีแหล่งจ่ายไฟสำรอง เส้นทางเครือข่ายสำรอง และเซิร์ฟเวอร์แบบคลัสเตอร์ เพื่อลดจุดที่หากล้มเหลวแล้วระบบทั้งหมดจะหยุดทำงาน เป้าหมายการออกแบบนี้สนับสนุนหลักการใดของ CIA Triad เป็นหลัก?,A. Non-repudiation | B. Availability | C. Confidentiality | D. Accountability,A. Non-repudiation | B. Availability | C. Confidentiality | D. Accountability,B,"Building redundant power supplies, network paths, and clustered servers minimizes single points of failure, directly supporting the Availability principle of the CIA Triad - ensuring systems remain accessible even if one component fails.",การออกแบบระบบให้มีความซ้ำซ้อน (redundancy) เช่น แหล่งจ่ายไฟสำรอง เส้นทางเครือข่ายสำรอง และเซิร์ฟเวอร์แบบคลัสเตอร์ มีเป้าหมายหลักเพื่อลดจุดที่หากล้มเหลวแล้วระบบทั้งหมดจะหยุดทำงาน (single point of failure) ซึ่งสนับสนุนหลัก Availability (ความพร้อมใช้งาน) ของระบบโดยตรง
580,5,Domain 5: Security Operations,Which term describes an attacker trying every possible combination of characters until the correct password is found?,คำใดอธิบายผู้โจมตีที่พยายามลองรหัสผ่านทุกความเป็นไปได้จนกว่าจะพบรหัสผ่านที่ถูกต้อง?,A. SQL injection | B. Man-in-the-middle attack | C. Phishing attack | D. Brute-force attack,A. SQL injection | B. Man-in-the-middle attack | C. Phishing attack | D. Brute-force attack,D,"A brute-force attack systematically tries every possible character combination until the correct password is found. Long, complex passwords and account lockout policies after repeated failed attempts help reduce this risk.",Brute-Force Attack คือการโจมตีที่ผู้โจมตีพยายามลองรหัสผ่านทุกความเป็นไปได้อย่างเป็นระบบจนกว่าจะพบรหัสผ่านที่ถูกต้อง การใช้รหัสผ่านที่ยาวและซับซ้อน รวมถึงการล็อกบัญชีหลังพยายามผิดหลายครั้ง (account lockout) ช่วยลดความเสี่ยงจากการโจมตีประเภทนี้ได้
581,5,Domain 5: Security Operations,"Which type of attack pre-computes and stores a large table of hash values to quickly reverse-lookup a plaintext password from its hash, unless the hash was salted?",การโจมตีประเภทใดที่คำนวณและจัดเก็บตารางค่าแฮชขนาดใหญ่ไว้ล่วงหน้า เพื่อค้นหารหัสผ่านต้นฉบับจากค่าแฮชได้อย่างรวดเร็ว เว้นแต่จะมีการทำ salting?,A. Brute-force attack | B. Denial of Service attack | C. Dictionary attack | D. Rainbow table attack,A. Brute-force attack | B. Denial of Service attack | C. Dictionary attack | D. Rainbow table attack,D,"A rainbow table attack uses a large precomputed table of hash values to quickly reverse-lookup a plaintext password from its hash - but salting the password before hashing defeats this attack, since the same password produces a different hash for each account.",Rainbow Table Attack ใช้ตารางค่าแฮชที่คำนวณไว้ล่วงหน้าจำนวนมาก เพื่อค้นหารหัสผ่านต้นฉบับจากค่าแฮชได้อย่างรวดเร็วโดยไม่ต้องคำนวณใหม่ทุกครั้ง อย่างไรก็ตาม หากมีการทำ Salting ก่อนแฮชรหัสผ่าน ตารางที่คำนวณไว้ล่วงหน้าจะใช้ไม่ได้ผล เพราะค่าแฮชของรหัสผ่านเดียวกันจะแตกต่างกันในแต่ละบัญชี
582,5,Domain 5: Security Operations,Which practice reduces the risk of storing actual sensitive data (such as credit card numbers) by replacing it with a non-sensitive substitute value that has no exploitable meaning on its own?,แนวปฏิบัติใดที่ลดความเสี่ยงจากการจัดเก็บข้อมูลอ่อนไหวจริง (เช่น หมายเลขบัตรเครดิต) โดยแทนที่ด้วยค่าทดแทนที่ไม่มีความหมายในตัวเอง?,A. Load balancing | B. Hashing | C. Tokenization | D. Digital signature,A. Load balancing | B. Hashing | C. Tokenization | D. Digital signature,C,"Tokenization replaces sensitive data - such as credit card numbers - with a non-sensitive token value that has no exploitable meaning on its own and cannot be reversed to the original data without the separate tokenization vault, reducing risk if the stored data is stolen.",Tokenization คือการแทนที่ข้อมูลที่ละเอียดอ่อน เช่น หมายเลขบัตรเครดิต ด้วยค่าโทเค็น (token) ที่ไม่มีความหมายในตัวเองและไม่สามารถย้อนกลับไปหาข้อมูลจริงได้หากไม่มีระบบแปลงกลับ (tokenization vault) ช่วยลดความเสี่ยงหากข้อมูลที่จัดเก็บถูกขโมยไป เนื่องจากโทเค็นเพียงอย่างเดียวไม่มีประโยชน์ต่อผู้โจมตี
583,5,Domain 5: Security Operations,Which of the following BEST describes the purpose of a Security Operations Center (SOC)?,ข้อใดอธิบายวัตถุประสงค์ของ Security Operations Center (SOC) ได้ดีที่สุด?,"A. A vendor that manufactures firewalls | B. A physical vault for storing backup tapes | C. A single employee responsible for all security tasks | D. A centralized team and facility that continuously monitors, detects, and responds to security incidents",A. ผู้จำหน่ายที่ผลิตไฟร์วอลล์ | B. ห้องนิรภัยทางกายภาพสำหรับจัดเก็บเทปสำรองข้อมูล | C. พนักงานคนเดียวที่รับผิดชอบงานด้านความปลอดภัยทั้งหมด | D. ทีมงานและศูนย์ปฏิบัติการรวมศูนย์ที่เฝ้าระวัง ตรวจจับ และตอบสนองต่อเหตุการณ์ด้านความปลอดภัยอย่างต่อเนื่อง,D,"A Security Operations Center (SOC) is a centralized team and facility that continuously monitors, detects, and responds to security incidents, typically using tools like SIEM to collect and analyze data across the organization for faster, more effective threat response.",Security Operations Center (SOC) คือทีมงานและศูนย์ปฏิบัติการรวมศูนย์ที่เฝ้าระวัง ตรวจจับ และตอบสนองต่อเหตุการณ์ด้านความปลอดภัยอย่างต่อเนื่องตลอด 24 ชั่วโมง โดยใช้เครื่องมือ เช่น SIEM ในการรวบรวมและวิเคราะห์ข้อมูลจากทั่วทั้งองค์กร เพื่อให้สามารถตอบสนองต่อภัยคุกคามได้อย่างรวดเร็วและมีประสิทธิภาพ
